[0m12:03:51.698624 [debug] [MainThread]: Sending event: {'category': 'dbt', 'action': 'invocation', 'label': 'start', 'context': [<snowplow_tracker.self_describing_json.SelfDescribingJson object at 0x00000296F5285160>, <snowplow_tracker.self_describing_json.SelfDescribingJson object at 0x00000296F7993D90>, <snowplow_tracker.self_describing_json.SelfDescribingJson object at 0x00000296F79939D0>]}


============================== 12:03:51.713983 | 376a3ec7-b54f-458b-ab7b-0577a0cf1cfd ==============================
[0m12:03:51.713983 [info ] [MainThread]: Running with dbt=1.12.0
[0m12:03:51.714869 [debug] [MainThread]: running dbt with arguments {'static_parser': 'True', 'no_print': 'None', 'maximum_seed_size_mib': '1', 'warn_error_options': 'WarnErrorOptionsV2(error=[], warn=[], silence=[])', 'target_path': 'None', 'version_check': 'True', 'printer_width': '80', 'write_json': 'True', 'introspect': 'True', 'log_cache_events': 'False', 'empty': 'None', 'cache_selected_only': 'False', 'fail_fast': 'False', 'debug': 'False', 'log_format': 'default', 'profiles_dir': 'C:\\Users\\HP\\.dbt', 'send_anonymous_usage_stats': 'True', 'quiet': 'False', 'warn_error': 'None', 'partial_parse': 'True', 'invocation_command': 'dbt debug', 'hints_enabled': 'True', 'use_colors': 'True', 'use_experimental_parser': 'False', 'indirect_selection': 'eager', 'log_path': 'C:\\Arjun_dbt_project\\old_dbt_project\\logs'}
[0m12:03:51.812530 [info ] [MainThread]: dbt version: 1.12.0
[0m12:03:51.813375 [info ] [MainThread]: python version: 3.13.15
[0m12:03:51.813872 [info ] [MainThread]: python path: C:\Arjun_dbt_project\dbt_practices\venv\Scripts\python.exe
[0m12:03:51.814268 [info ] [MainThread]: os info: Windows-11-10.0.26200-SP0
[0m12:03:51.818259 [info ] [MainThread]: Using profiles dir at C:\Users\HP\.dbt
[0m12:03:51.818995 [info ] [MainThread]: Using profiles.yml file at C:\Users\HP\.dbt\profiles.yml
[0m12:03:51.819397 [info ] [MainThread]: Using dbt_project.yml file at C:\Arjun_dbt_project\old_dbt_project\dbt_project.yml
[0m12:03:51.917066 [info ] [MainThread]: Configuration:
[0m12:03:51.917683 [info ] [MainThread]:   profiles.yml file [[31mERROR invalid[0m]
[0m12:03:51.917985 [info ] [MainThread]:   dbt_project.yml file [[32mOK found and valid[0m]
[0m12:03:51.918246 [info ] [MainThread]: Required dependencies:
[0m12:03:51.918619 [debug] [MainThread]: Executing "git --help"
[0m12:03:51.982046 [debug] [MainThread]: STDOUT: "b"usage: git [-v | --version] [-h | --help] [-C <path>] [-c <name>=<value>]\n           [--exec-path[=<path>]] [--html-path] [--man-path] [--info-path]\n           [-p | --paginate | -P | --no-pager] [--no-replace-objects] [--no-lazy-fetch]\n           [--no-optional-locks] [--no-advice] [--bare] [--git-dir=<path>]\n           [--work-tree=<path>] [--namespace=<name>] [--config-env=<name>=<envvar>]\n           <command> [<args>]\n\nThese are common Git commands used in various situations:\n\nstart a working area (see also: git help tutorial)\n   clone      Clone a repository into a new directory\n   init       Create an empty Git repository or reinitialize an existing one\n\nwork on the current change (see also: git help everyday)\n   add        Add file contents to the index\n   mv         Move or rename a file, a directory, or a symlink\n   restore    Restore working tree files\n   rm         Remove files from the working tree and from the index\n\nexamine the history and state (see also: git help revisions)\n   bisect     Use binary search to find the commit that introduced a bug\n   diff       Show changes between commits, commit and working tree, etc\n   grep       Print lines matching a pattern\n   log        Show commit logs\n   show       Show various types of objects\n   status     Show the working tree status\n\ngrow, mark and tweak your common history\n   backfill   Download missing objects in a partial clone\n   branch     List, create, or delete branches\n   commit     Record changes to the repository\n   history    EXPERIMENTAL: Rewrite history\n   merge      Join two or more development histories together\n   rebase     Reapply commits on top of another base tip\n   reset      Set `HEAD` or the index to a known state\n   switch     Switch branches\n   tag        Create, list, delete or verify tags\n\ncollaborate (see also: git help workflows)\n   fetch      Download objects and refs from another repository\n   pull       Fetch from and integrate with another repository or a local branch\n   push       Update remote refs along with associated objects\n\n'git help -a' and 'git help -g' list available subcommands and some\nconcept guides. See 'git help <command>' or 'git help <concept>'\nto read about a specific subcommand or concept.\nSee 'git help git' for an overview of the system.\n""
[0m12:03:51.982457 [debug] [MainThread]: STDERR: "b''"
[0m12:03:51.982686 [info ] [MainThread]:  - git [[32mOK found[0m]

[0m12:03:51.983047 [info ] [MainThread]: Connection test skipped since no profile was found
[0m12:03:51.983426 [info ] [MainThread]: [31m1 check failed:[0m
[0m12:03:51.983680 [info ] [MainThread]: Profile loading failed for the following reason:
Runtime Error
  Could not find profile named 'default'


[0m12:03:51.984364 [debug] [MainThread]: Command `dbt debug` failed at 12:03:51.984276 after 0.47 seconds
[0m12:03:51.984704 [debug] [MainThread]: Sending event: {'category': 'dbt', 'action': 'invocation', 'label': 'end', 'context': [<snowplow_tracker.self_describing_json.SelfDescribingJson object at 0x00000296F58B7490>, <snowplow_tracker.self_describing_json.SelfDescribingJson object at 0x00000296F7BE8A70>, <snowplow_tracker.self_describing_json.SelfDescribingJson object at 0x00000296F7AD28B0>]}
[0m12:03:51.985017 [debug] [MainThread]: Flushing usage events
[0m12:03:54.444593 [debug] [MainThread]: An error was encountered while trying to flush usage events
[0m12:04:34.991460 [debug] [MainThread]: Sending event: {'category': 'dbt', 'action': 'invocation', 'label': 'start', 'context': [<snowplow_tracker.self_describing_json.SelfDescribingJson object at 0x0000029A24855160>, <snowplow_tracker.self_describing_json.SelfDescribingJson object at 0x0000029A26F63D90>, <snowplow_tracker.self_describing_json.SelfDescribingJson object at 0x0000029A26F639D0>]}


============================== 12:04:34.994720 | 2ec1045d-7f50-4df4-bfd5-7b178d0d2d98 ==============================
[0m12:04:34.994720 [info ] [MainThread]: Running with dbt=1.12.0
[0m12:04:34.995230 [debug] [MainThread]: running dbt with arguments {'static_parser': 'True', 'no_print': 'None', 'maximum_seed_size_mib': '1', 'target_path': 'None', 'version_check': 'True', 'warn_error_options': 'WarnErrorOptionsV2(error=[], warn=[], silence=[])', 'printer_width': '80', 'write_json': 'True', 'empty': 'None', 'log_cache_events': 'False', 'introspect': 'True', 'cache_selected_only': 'False', 'log_format': 'default', 'debug': 'False', 'fail_fast': 'False', 'profiles_dir': 'C:\\Users\\HP\\.dbt', 'send_anonymous_usage_stats': 'True', 'quiet': 'False', 'warn_error': 'None', 'partial_parse': 'True', 'invocation_command': 'dbt debug', 'hints_enabled': 'True', 'indirect_selection': 'eager', 'use_experimental_parser': 'False', 'use_colors': 'True', 'log_path': 'C:\\Arjun_dbt_project\\old_dbt_project\\logs'}
[0m12:04:35.007386 [info ] [MainThread]: dbt version: 1.12.0
[0m12:04:35.007883 [info ] [MainThread]: python version: 3.13.15
[0m12:04:35.008432 [info ] [MainThread]: python path: C:\Arjun_dbt_project\dbt_practices\venv\Scripts\python.exe
[0m12:04:35.008792 [info ] [MainThread]: os info: Windows-11-10.0.26200-SP0
[0m12:04:35.012041 [info ] [MainThread]: Using profiles dir at C:\Users\HP\.dbt
[0m12:04:35.012546 [info ] [MainThread]: Using profiles.yml file at C:\Users\HP\.dbt\profiles.yml
[0m12:04:35.013088 [info ] [MainThread]: Using dbt_project.yml file at C:\Arjun_dbt_project\old_dbt_project\dbt_project.yml
[0m12:04:35.095193 [info ] [MainThread]: Configuration:
[0m12:04:35.095720 [info ] [MainThread]:   profiles.yml file [[31mERROR invalid[0m]
[0m12:04:35.096084 [info ] [MainThread]:   dbt_project.yml file [[32mOK found and valid[0m]
[0m12:04:35.096376 [info ] [MainThread]: Required dependencies:
[0m12:04:35.096644 [debug] [MainThread]: Executing "git --help"
[0m12:04:35.148055 [debug] [MainThread]: STDOUT: "b"usage: git [-v | --version] [-h | --help] [-C <path>] [-c <name>=<value>]\n           [--exec-path[=<path>]] [--html-path] [--man-path] [--info-path]\n           [-p | --paginate | -P | --no-pager] [--no-replace-objects] [--no-lazy-fetch]\n           [--no-optional-locks] [--no-advice] [--bare] [--git-dir=<path>]\n           [--work-tree=<path>] [--namespace=<name>] [--config-env=<name>=<envvar>]\n           <command> [<args>]\n\nThese are common Git commands used in various situations:\n\nstart a working area (see also: git help tutorial)\n   clone      Clone a repository into a new directory\n   init       Create an empty Git repository or reinitialize an existing one\n\nwork on the current change (see also: git help everyday)\n   add        Add file contents to the index\n   mv         Move or rename a file, a directory, or a symlink\n   restore    Restore working tree files\n   rm         Remove files from the working tree and from the index\n\nexamine the history and state (see also: git help revisions)\n   bisect     Use binary search to find the commit that introduced a bug\n   diff       Show changes between commits, commit and working tree, etc\n   grep       Print lines matching a pattern\n   log        Show commit logs\n   show       Show various types of objects\n   status     Show the working tree status\n\ngrow, mark and tweak your common history\n   backfill   Download missing objects in a partial clone\n   branch     List, create, or delete branches\n   commit     Record changes to the repository\n   history    EXPERIMENTAL: Rewrite history\n   merge      Join two or more development histories together\n   rebase     Reapply commits on top of another base tip\n   reset      Set `HEAD` or the index to a known state\n   switch     Switch branches\n   tag        Create, list, delete or verify tags\n\ncollaborate (see also: git help workflows)\n   fetch      Download objects and refs from another repository\n   pull       Fetch from and integrate with another repository or a local branch\n   push       Update remote refs along with associated objects\n\n'git help -a' and 'git help -g' list available subcommands and some\nconcept guides. See 'git help <command>' or 'git help <concept>'\nto read about a specific subcommand or concept.\nSee 'git help git' for an overview of the system.\n""
[0m12:04:35.148454 [debug] [MainThread]: STDERR: "b''"
[0m12:04:35.148673 [info ] [MainThread]:  - git [[32mOK found[0m]

[0m12:04:35.148944 [info ] [MainThread]: Connection test skipped since no profile was found
[0m12:04:35.149285 [info ] [MainThread]: [31m1 check failed:[0m
[0m12:04:35.149641 [info ] [MainThread]: Profile loading failed for the following reason:
Runtime Error
  Could not find profile named 'default'


[0m12:04:35.150444 [debug] [MainThread]: Command `dbt debug` failed at 12:04:35.150325 after 0.27 seconds
[0m12:04:35.150781 [debug] [MainThread]: Sending event: {'category': 'dbt', 'action': 'invocation', 'label': 'end', 'context': [<snowplow_tracker.self_describing_json.SelfDescribingJson object at 0x0000029A24E8B490>, <snowplow_tracker.self_describing_json.SelfDescribingJson object at 0x0000029A27298A70>, <snowplow_tracker.self_describing_json.SelfDescribingJson object at 0x0000029A270A28B0>]}
[0m12:04:35.151105 [debug] [MainThread]: Flushing usage events
[0m12:04:36.808405 [debug] [MainThread]: An error was encountered while trying to flush usage events
[0m12:09:13.722800 [debug] [MainThread]: Sending event: {'category': 'dbt', 'action': 'invocation', 'label': 'start', 'context': [<snowplow_tracker.self_describing_json.SelfDescribingJson object at 0x0000023282D15160>, <snowplow_tracker.self_describing_json.SelfDescribingJson object at 0x0000023285433D90>, <snowplow_tracker.self_describing_json.SelfDescribingJson object at 0x00000232854339D0>]}


============================== 12:09:13.728008 | f5001a9f-42dc-4d86-8c34-ddc9c69a537d ==============================
[0m12:09:13.728008 [info ] [MainThread]: Running with dbt=1.12.0
[0m12:09:13.728565 [debug] [MainThread]: running dbt with arguments {'static_parser': 'True', 'no_print': 'None', 'maximum_seed_size_mib': '1', 'warn_error_options': 'WarnErrorOptionsV2(error=[], warn=[], silence=[])', 'version_check': 'True', 'target_path': 'None', 'printer_width': '80', 'write_json': 'True', 'empty': 'None', 'log_cache_events': 'False', 'introspect': 'True', 'cache_selected_only': 'False', 'fail_fast': 'False', 'debug': 'False', 'log_format': 'default', 'partial_parse': 'True', 'send_anonymous_usage_stats': 'True', 'quiet': 'False', 'warn_error': 'None', 'profiles_dir': 'C:\\Users\\HP\\.dbt', 'invocation_command': 'dbt debug', 'hints_enabled': 'True', 'use_colors': 'True', 'use_experimental_parser': 'False', 'indirect_selection': 'eager', 'log_path': 'C:\\Arjun_dbt_project\\old_dbt_project\\logs'}
[0m12:09:13.760217 [info ] [MainThread]: dbt version: 1.12.0
[0m12:09:13.760636 [info ] [MainThread]: python version: 3.13.15
[0m12:09:13.760946 [info ] [MainThread]: python path: C:\Arjun_dbt_project\dbt_practices\venv\Scripts\python.exe
[0m12:09:13.761200 [info ] [MainThread]: os info: Windows-11-10.0.26200-SP0
[0m12:09:14.441102 [debug] [MainThread]: Snowflake adapter: Setting snowflake.connector to ERROR (file logging only)
[0m12:09:14.441449 [debug] [MainThread]: Snowflake adapter: Setting botocore to ERROR (file logging only)
[0m12:09:14.441664 [debug] [MainThread]: Snowflake adapter: Setting boto3 to ERROR (file logging only)
[0m12:09:14.557127 [info ] [MainThread]: Using profiles dir at C:\Users\HP\.dbt
[0m12:09:14.557638 [info ] [MainThread]: Using profiles.yml file at C:\Users\HP\.dbt\profiles.yml
[0m12:09:14.558068 [info ] [MainThread]: Using dbt_project.yml file at C:\Arjun_dbt_project\old_dbt_project\dbt_project.yml
[0m12:09:14.559056 [info ] [MainThread]: adapter type: snowflake
[0m12:09:14.559441 [info ] [MainThread]: adapter version: 1.12.0
[0m12:09:14.638667 [info ] [MainThread]: Configuration:
[0m12:09:14.639586 [info ] [MainThread]:   profiles.yml file [[32mOK found and valid[0m]
[0m12:09:14.640001 [info ] [MainThread]:   dbt_project.yml file [[32mOK found and valid[0m]
[0m12:09:14.640322 [info ] [MainThread]: Required dependencies:
[0m12:09:14.640624 [debug] [MainThread]: Executing "git --help"
[0m12:09:14.685825 [debug] [MainThread]: STDOUT: "b"usage: git [-v | --version] [-h | --help] [-C <path>] [-c <name>=<value>]\n           [--exec-path[=<path>]] [--html-path] [--man-path] [--info-path]\n           [-p | --paginate | -P | --no-pager] [--no-replace-objects] [--no-lazy-fetch]\n           [--no-optional-locks] [--no-advice] [--bare] [--git-dir=<path>]\n           [--work-tree=<path>] [--namespace=<name>] [--config-env=<name>=<envvar>]\n           <command> [<args>]\n\nThese are common Git commands used in various situations:\n\nstart a working area (see also: git help tutorial)\n   clone      Clone a repository into a new directory\n   init       Create an empty Git repository or reinitialize an existing one\n\nwork on the current change (see also: git help everyday)\n   add        Add file contents to the index\n   mv         Move or rename a file, a directory, or a symlink\n   restore    Restore working tree files\n   rm         Remove files from the working tree and from the index\n\nexamine the history and state (see also: git help revisions)\n   bisect     Use binary search to find the commit that introduced a bug\n   diff       Show changes between commits, commit and working tree, etc\n   grep       Print lines matching a pattern\n   log        Show commit logs\n   show       Show various types of objects\n   status     Show the working tree status\n\ngrow, mark and tweak your common history\n   backfill   Download missing objects in a partial clone\n   branch     List, create, or delete branches\n   commit     Record changes to the repository\n   history    EXPERIMENTAL: Rewrite history\n   merge      Join two or more development histories together\n   rebase     Reapply commits on top of another base tip\n   reset      Set `HEAD` or the index to a known state\n   switch     Switch branches\n   tag        Create, list, delete or verify tags\n\ncollaborate (see also: git help workflows)\n   fetch      Download objects and refs from another repository\n   pull       Fetch from and integrate with another repository or a local branch\n   push       Update remote refs along with associated objects\n\n'git help -a' and 'git help -g' list available subcommands and some\nconcept guides. See 'git help <command>' or 'git help <concept>'\nto read about a specific subcommand or concept.\nSee 'git help git' for an overview of the system.\n""
[0m12:09:14.686254 [debug] [MainThread]: STDERR: "b''"
[0m12:09:14.686495 [info ] [MainThread]:  - git [[32mOK found[0m]

[0m12:09:14.686822 [info ] [MainThread]: Connection:
[0m12:09:14.687170 [info ] [MainThread]:   account: LSNBSMK-NJ71323
[0m12:09:14.687399 [info ] [MainThread]:   user: ARJUNS98
[0m12:09:14.687606 [info ] [MainThread]:   database: DBT_PRACTICE
[0m12:09:14.687800 [info ] [MainThread]:   warehouse: COMPUTE_WH
[0m12:09:14.687987 [info ] [MainThread]:   role: ACCOUNTADMIN
[0m12:09:14.688177 [info ] [MainThread]:   schema: RAW
[0m12:09:14.688370 [info ] [MainThread]:   authenticator: None
[0m12:09:14.688556 [info ] [MainThread]:   oauth_client_id: None
[0m12:09:14.688746 [info ] [MainThread]:   query_tag: None
[0m12:09:14.688935 [info ] [MainThread]:   client_session_keep_alive: False
[0m12:09:14.689853 [info ] [MainThread]:   host: None
[0m12:09:14.690460 [info ] [MainThread]:   port: None
[0m12:09:14.690963 [info ] [MainThread]:   proxy_host: None
[0m12:09:14.691317 [info ] [MainThread]:   proxy_port: None
[0m12:09:14.691655 [info ] [MainThread]:   protocol: None
[0m12:09:14.692013 [info ] [MainThread]:   connect_retries: 1
[0m12:09:14.692357 [info ] [MainThread]:   connect_timeout: None
[0m12:09:14.692677 [info ] [MainThread]:   retry_on_database_errors: False
[0m12:09:14.693029 [info ] [MainThread]:   retry_all: False
[0m12:09:14.693447 [info ] [MainThread]:   insecure_mode: False
[0m12:09:14.693862 [info ] [MainThread]:   reuse_connections: True
[0m12:09:14.694277 [info ] [MainThread]:   s3_stage_vpce_dns_name: None
[0m12:09:14.694585 [info ] [MainThread]:   workload_identity_provider: None
[0m12:09:14.694880 [info ] [MainThread]:   workload_identity_entra_resource: None
[0m12:09:14.695140 [info ] [MainThread]:   platform_detection_timeout_seconds: 0.0
[0m12:09:14.695565 [info ] [MainThread]: Registered adapter: snowflake=1.12.0
[0m12:09:14.970006 [debug] [MainThread]: Acquiring new snowflake connection 'debug'
[0m12:09:14.974542 [debug] [MainThread]: Using snowflake connection "debug"
[0m12:09:14.974806 [debug] [MainThread]: On debug: select 1 as id
[0m12:09:14.974990 [debug] [MainThread]: Opening a new connection, currently in state init
[0m12:09:36.075359 [debug] [MainThread]: SQL status: SUCCESS 1 in 21.100 seconds
[0m12:09:36.077779 [info ] [MainThread]:   Connection test: [[32mOK connection ok[0m]

[0m12:09:36.078938 [info ] [MainThread]: [32mAll checks passed![0m
[0m12:09:36.080583 [debug] [MainThread]: Command `dbt debug` succeeded at 12:09:36.080408 after 22.48 seconds
[0m12:09:36.080972 [debug] [MainThread]: Connection 'debug' was left open.
[0m12:09:36.081279 [debug] [MainThread]: On debug: Close
[0m12:09:38.503914 [debug] [MainThread]: Sending event: {'category': 'dbt', 'action': 'invocation', 'label': 'end', 'context': [<snowplow_tracker.self_describing_json.SelfDescribingJson object at 0x0000023286E7F820>, <snowplow_tracker.self_describing_json.SelfDescribingJson object at 0x0000023286F2DFD0>, <snowplow_tracker.self_describing_json.SelfDescribingJson object at 0x0000023286DA86B0>]}
[0m12:09:38.505239 [debug] [MainThread]: Flushing usage events
[0m12:09:49.164012 [debug] [MainThread]: An error was encountered while trying to flush usage events
[0m12:10:34.498038 [debug] [MainThread]: Sending event: {'category': 'dbt', 'action': 'invocation', 'label': 'start', 'context': [<snowplow_tracker.self_describing_json.SelfDescribingJson object at 0x0000024D068E5160>, <snowplow_tracker.self_describing_json.SelfDescribingJson object at 0x0000024D036F1450>, <snowplow_tracker.self_describing_json.SelfDescribingJson object at 0x0000024D09053C50>]}


============================== 12:10:34.501800 | 1bffc921-debf-4ebb-8e00-ae440071c525 ==============================
[0m12:10:34.501800 [info ] [MainThread]: Running with dbt=1.12.0
[0m12:10:34.502266 [debug] [MainThread]: running dbt with arguments {'maximum_seed_size_mib': '1', 'no_print': 'None', 'version_check': 'True', 'target_path': 'None', 'warn_error_options': 'WarnErrorOptionsV2(error=[], warn=[], silence=[])', 'static_parser': 'True', 'printer_width': '80', 'write_json': 'True', 'empty': 'False', 'log_cache_events': 'False', 'introspect': 'True', 'cache_selected_only': 'False', 'fail_fast': 'False', 'debug': 'False', 'log_format': 'default', 'partial_parse': 'True', 'send_anonymous_usage_stats': 'True', 'quiet': 'False', 'warn_error': 'None', 'profiles_dir': 'C:\\Users\\HP\\.dbt', 'invocation_command': 'dbt run', 'hints_enabled': 'True', 'indirect_selection': 'eager', 'use_experimental_parser': 'False', 'use_colors': 'True', 'log_path': 'C:\\Arjun_dbt_project\\old_dbt_project\\logs'}
[0m12:10:34.827106 [debug] [MainThread]: Snowflake adapter: Setting snowflake.connector to ERROR (file logging only)
[0m12:10:34.827451 [debug] [MainThread]: Snowflake adapter: Setting botocore to ERROR (file logging only)
[0m12:10:34.827665 [debug] [MainThread]: Snowflake adapter: Setting boto3 to ERROR (file logging only)
[0m12:10:35.108934 [debug] [MainThread]: Sending event: {'category': 'dbt', 'action': 'project_id', 'label': '1bffc921-debf-4ebb-8e00-ae440071c525', 'context': [<snowplow_tracker.self_describing_json.SelfDescribingJson object at 0x0000024D06FBDE00>]}
[0m12:10:35.153498 [debug] [MainThread]: Sending event: {'category': 'dbt', 'action': 'adapter_info', 'label': '1bffc921-debf-4ebb-8e00-ae440071c525', 'context': [<snowplow_tracker.self_describing_json.SelfDescribingJson object at 0x0000024D04E0EF10>]}
[0m12:10:35.154557 [info ] [MainThread]: Registered adapter: snowflake=1.12.0
[0m12:10:35.384721 [debug] [MainThread]: checksum: 34d064bbf3d7c01e29a022f69428015a75a45641a9d372ee507764c8a4f69675, vars: {}, profile: my_dbt_project, target: dev, version: 1.12.0
[0m12:10:35.385820 [info ] [MainThread]: Unable to do partial parsing because saved manifest not found. Starting full parse.
[0m12:10:35.386216 [debug] [MainThread]: Sending event: {'category': 'dbt', 'action': 'partial_parser', 'label': '1bffc921-debf-4ebb-8e00-ae440071c525', 'context': [<snowplow_tracker.self_describing_json.SelfDescribingJson object at 0x0000024D0A8A4B50>]}
[0m12:10:37.645613 [warn ] [MainThread]: [[33mWARNING[0m]: Configuration paths exist in your dbt_project.yml file which do not apply to any resources.
There are 5 unused configuration paths:
- models.my_new_project.MART.dimensions
- models.my_new_project.MART.facts
- models.my_new_project.STAGE
- models.my_new_project.INTERMEDIATE
- models.my_new_project.MART
[0m12:10:37.648430 [debug] [MainThread]: Sending event: {'category': 'dbt', 'action': 'load_project', 'label': '1bffc921-debf-4ebb-8e00-ae440071c525', 'context': [<snowplow_tracker.self_describing_json.SelfDescribingJson object at 0x0000024D0A8CFD40>]}
[0m12:10:37.737670 [debug] [MainThread]: Wrote artifact WritableManifest to C:\Arjun_dbt_project\old_dbt_project\target\manifest.json
[0m12:10:37.756038 [debug] [MainThread]: Wrote artifact SemanticManifest to C:\Arjun_dbt_project\old_dbt_project\target\semantic_manifest.json
[0m12:10:37.963494 [debug] [MainThread]: Wrote artifact OsiDocument to C:\Arjun_dbt_project\old_dbt_project\target\osi_document.json
[0m12:10:38.007169 [debug] [MainThread]: Sending event: {'category': 'dbt', 'action': 'resource_counts', 'label': '1bffc921-debf-4ebb-8e00-ae440071c525', 'context': [<snowplow_tracker.self_describing_json.SelfDescribingJson object at 0x0000024D0C133BD0>]}
[0m12:10:38.007651 [info ] [MainThread]: Found 13 models, 2 data tests, 5 sources, 547 macros
[0m12:10:38.008005 [debug] [MainThread]: Sending event: {'category': 'dbt', 'action': 'runnable_timing', 'label': '1bffc921-debf-4ebb-8e00-ae440071c525', 'context': [<snowplow_tracker.self_describing_json.SelfDescribingJson object at 0x0000024D0AEAC600>]}
[0m12:10:38.009704 [info ] [MainThread]: 
[0m12:10:38.010067 [info ] [MainThread]: Concurrency: 4 threads (target='dev')
[0m12:10:38.010377 [info ] [MainThread]: 
[0m12:10:38.010800 [debug] [MainThread]: Acquiring new snowflake connection 'master'
[0m12:10:38.015289 [debug] [ThreadPool]: Acquiring new snowflake connection 'list_DBT_PRACTICE'
[0m12:10:38.024312 [debug] [ThreadPool]: Using snowflake connection "list_DBT_PRACTICE"
[0m12:10:38.024595 [debug] [ThreadPool]: On list_DBT_PRACTICE: show terse schemas in database DBT_PRACTICE
    limit 10000
/* {"app": "dbt", "dbt_version": "1.12.0", "profile_name": "my_dbt_project", "target_name": "dev", "connection_name": "list_DBT_PRACTICE"} */
[0m12:10:38.024787 [debug] [ThreadPool]: Opening a new connection, currently in state init
[0m12:10:48.697410 [debug] [ThreadPool]: SQL status: SUCCESS 5 in 10.673 seconds
[0m12:10:48.701060 [debug] [ThreadPool]: Acquiring new snowflake connection 'list_DBT_PRACTICE_RAW'
[0m12:10:48.710560 [debug] [ThreadPool]: Using snowflake connection "list_DBT_PRACTICE_RAW"
[0m12:10:48.710962 [debug] [ThreadPool]: On list_DBT_PRACTICE_RAW: show objects in DBT_PRACTICE.RAW
    limit 10000
    

/* {"app": "dbt", "dbt_version": "1.12.0", "profile_name": "my_dbt_project", "target_name": "dev", "connection_name": "list_DBT_PRACTICE_RAW"} */;
[0m12:10:48.711222 [debug] [ThreadPool]: Opening a new connection, currently in state init
[0m12:11:07.374303 [debug] [ThreadPool]: Snowflake adapter: Error running SQL: show objects in DBT_PRACTICE.RAW
    limit 10000
    

/* {"app": "dbt", "dbt_version": "1.12.0", "profile_name": "my_dbt_project", "target_name": "dev", "connection_name": "list_DBT_PRACTICE_RAW"} */;
[0m12:11:07.374645 [debug] [ThreadPool]: Snowflake adapter: Rolling back transaction.
[0m12:11:07.374909 [debug] [ThreadPool]: Snowflake adapter: Error running SQL: macro list_relations_without_caching
[0m12:11:07.375079 [debug] [ThreadPool]: Snowflake adapter: Rolling back transaction.
[0m12:11:07.375914 [debug] [MainThread]: Connection 'master' was properly closed.
[0m12:11:07.376139 [debug] [MainThread]: Connection 'list_DBT_PRACTICE' was left open.
[0m12:11:07.376314 [debug] [MainThread]: On list_DBT_PRACTICE: Close
[0m12:11:24.393600 [error] [MainThread]: HTTPSConnectionPool(host='lsnbsmk-nj71323.snowflakecomputing.com', port=443): Max retries exceeded with url: /telemetry/send?request_guid=3d43867f-2310-4879-9089-94940f362516 (Caused by NameResolutionError("HTTPSConnection(host='lsnbsmk-nj71323.snowflakecomputing.com', port=443): Failed to resolve 'lsnbsmk-nj71323.snowflakecomputing.com' ([Errno 11001] getaddrinfo failed)"))
[0m12:11:24.401415 [error] [MainThread]: HTTPSConnectionPool(host='lsnbsmk-nj71323.snowflakecomputing.com', port=443): Max retries exceeded with url: /session?delete=true&request_guid=7df4ad3c-fd1b-4198-986b-8c81d9ad91c9 (Caused by NameResolutionError("HTTPSConnection(host='lsnbsmk-nj71323.snowflakecomputing.com', port=443): Failed to resolve 'lsnbsmk-nj71323.snowflakecomputing.com' ([Errno 11001] getaddrinfo failed)"))
[0m12:11:24.404338 [debug] [MainThread]: Connection 'list_DBT_PRACTICE_RAW' was left open.
[0m12:11:24.404699 [debug] [MainThread]: On list_DBT_PRACTICE_RAW: No close available on handle
[0m12:11:24.404983 [info ] [MainThread]: 
[0m12:11:24.405537 [info ] [MainThread]: Finished running  in 0 hours 0 minutes and 46.39 seconds (46.39s).
[0m12:11:24.407014 [error] [MainThread]: [[31mERROR[0m]: Encountered an error:
Database Error
  250001: Could not connect to Snowflake backend after 2 attempt(s).Aborting
[0m12:11:24.409767 [debug] [MainThread]: Command `dbt run` failed at 12:11:24.409579 after 50.03 seconds
[0m12:11:24.410162 [debug] [MainThread]: Sending event: {'category': 'dbt', 'action': 'invocation', 'label': 'end', 'context': [<snowplow_tracker.self_describing_json.SelfDescribingJson object at 0x0000024D08CFFD10>, <snowplow_tracker.self_describing_json.SelfDescribingJson object at 0x0000024D0C679390>, <snowplow_tracker.self_describing_json.SelfDescribingJson object at 0x0000024D0C679020>]}
[0m12:11:24.410463 [debug] [MainThread]: Flushing usage events
[0m12:11:24.413175 [debug] [MainThread]: An error was encountered while trying to flush usage events
[0m12:13:15.059492 [debug] [MainThread]: Sending event: {'category': 'dbt', 'action': 'invocation', 'label': 'start', 'context': [<snowplow_tracker.self_describing_json.SelfDescribingJson object at 0x000001BABDC15160>, <snowplow_tracker.self_describing_json.SelfDescribingJson object at 0x000001BABAA21450>, <snowplow_tracker.self_describing_json.SelfDescribingJson object at 0x000001BAC0383C50>]}


============================== 12:13:15.062960 | d0c12bc8-7e60-46a6-81b4-7d295918379b ==============================
[0m12:13:15.062960 [info ] [MainThread]: Running with dbt=1.12.0
[0m12:13:15.063532 [debug] [MainThread]: running dbt with arguments {'maximum_seed_size_mib': '1', 'no_print': 'None', 'version_check': 'True', 'target_path': 'None', 'warn_error_options': 'WarnErrorOptionsV2(error=[], warn=[], silence=[])', 'static_parser': 'True', 'printer_width': '80', 'write_json': 'True', 'empty': 'False', 'log_cache_events': 'False', 'introspect': 'True', 'cache_selected_only': 'False', 'log_format': 'default', 'debug': 'False', 'fail_fast': 'False', 'profiles_dir': 'C:\\Users\\HP\\.dbt', 'send_anonymous_usage_stats': 'True', 'quiet': 'False', 'warn_error': 'None', 'partial_parse': 'True', 'indirect_selection': 'eager', 'hints_enabled': 'True', 'use_colors': 'True', 'use_experimental_parser': 'False', 'invocation_command': 'dbt run', 'log_path': 'C:\\Arjun_dbt_project\\old_dbt_project\\logs'}
[0m12:13:15.414253 [debug] [MainThread]: Snowflake adapter: Setting snowflake.connector to ERROR (file logging only)
[0m12:13:15.414628 [debug] [MainThread]: Snowflake adapter: Setting botocore to ERROR (file logging only)
[0m12:13:15.414881 [debug] [MainThread]: Snowflake adapter: Setting boto3 to ERROR (file logging only)
[0m12:13:15.620476 [debug] [MainThread]: Sending event: {'category': 'dbt', 'action': 'project_id', 'label': 'd0c12bc8-7e60-46a6-81b4-7d295918379b', 'context': [<snowplow_tracker.self_describing_json.SelfDescribingJson object at 0x000001BABE2F5E00>]}
[0m12:13:15.669658 [debug] [MainThread]: Sending event: {'category': 'dbt', 'action': 'adapter_info', 'label': 'd0c12bc8-7e60-46a6-81b4-7d295918379b', 'context': [<snowplow_tracker.self_describing_json.SelfDescribingJson object at 0x000001BABC13EF10>]}
[0m12:13:15.670712 [info ] [MainThread]: Registered adapter: snowflake=1.12.0
[0m12:13:16.010208 [debug] [MainThread]: checksum: 34d064bbf3d7c01e29a022f69428015a75a45641a9d372ee507764c8a4f69675, vars: {}, profile: my_dbt_project, target: dev, version: 1.12.0
[0m12:13:16.130058 [debug] [MainThread]: Partial parsing enabled: 0 files deleted, 0 files added, 0 files changed.
[0m12:13:16.130357 [debug] [MainThread]: Nothing changed, skipping partial parsing.
[0m12:13:16.130562 [debug] [MainThread]: Partial parsing enabled, no changes found, skipping parsing
[0m12:13:16.134695 [warn ] [MainThread]: [[33mWARNING[0m]: Configuration paths exist in your dbt_project.yml file which do not apply to any resources.
There are 5 unused configuration paths:
- models.my_new_project.INTERMEDIATE
- models.my_new_project.MART.dimensions
- models.my_new_project.MART.facts
- models.my_new_project.MART
- models.my_new_project.STAGE
[0m12:13:16.137890 [debug] [MainThread]: Sending event: {'category': 'dbt', 'action': 'load_project', 'label': 'd0c12bc8-7e60-46a6-81b4-7d295918379b', 'context': [<snowplow_tracker.self_describing_json.SelfDescribingJson object at 0x000001BAC22F2350>]}
[0m12:13:16.256150 [debug] [MainThread]: Wrote artifact WritableManifest to C:\Arjun_dbt_project\old_dbt_project\target\manifest.json
[0m12:13:16.261084 [debug] [MainThread]: Wrote artifact SemanticManifest to C:\Arjun_dbt_project\old_dbt_project\target\semantic_manifest.json
[0m12:13:16.278648 [debug] [MainThread]: Wrote artifact OsiDocument to C:\Arjun_dbt_project\old_dbt_project\target\osi_document.json
[0m12:13:16.295591 [debug] [MainThread]: Sending event: {'category': 'dbt', 'action': 'resource_counts', 'label': 'd0c12bc8-7e60-46a6-81b4-7d295918379b', 'context': [<snowplow_tracker.self_describing_json.SelfDescribingJson object at 0x000001BAC2245A90>]}
[0m12:13:16.295995 [info ] [MainThread]: Found 13 models, 2 data tests, 5 sources, 547 macros
[0m12:13:16.296328 [debug] [MainThread]: Sending event: {'category': 'dbt', 'action': 'runnable_timing', 'label': 'd0c12bc8-7e60-46a6-81b4-7d295918379b', 'context': [<snowplow_tracker.self_describing_json.SelfDescribingJson object at 0x000001BAC33E49F0>]}
[0m12:13:16.297955 [info ] [MainThread]: 
[0m12:13:16.298268 [info ] [MainThread]: Concurrency: 4 threads (target='dev')
[0m12:13:16.298547 [info ] [MainThread]: 
[0m12:13:16.298984 [debug] [MainThread]: Acquiring new snowflake connection 'master'
[0m12:13:16.303499 [debug] [ThreadPool]: Acquiring new snowflake connection 'list_DBT_PRACTICE'
[0m12:13:16.316599 [debug] [ThreadPool]: Using snowflake connection "list_DBT_PRACTICE"
[0m12:13:16.316906 [debug] [ThreadPool]: On list_DBT_PRACTICE: show terse schemas in database DBT_PRACTICE
    limit 10000
/* {"app": "dbt", "dbt_version": "1.12.0", "profile_name": "my_dbt_project", "target_name": "dev", "connection_name": "list_DBT_PRACTICE"} */
[0m12:13:16.317380 [debug] [ThreadPool]: Opening a new connection, currently in state init
[0m12:13:17.746829 [debug] [ThreadPool]: SQL status: SUCCESS 5 in 1.429 seconds
[0m12:13:17.749746 [debug] [ThreadPool]: Acquiring new snowflake connection 'list_DBT_PRACTICE_RAW'
[0m12:13:17.756703 [debug] [ThreadPool]: Using snowflake connection "list_DBT_PRACTICE_RAW"
[0m12:13:17.756945 [debug] [ThreadPool]: On list_DBT_PRACTICE_RAW: show objects in DBT_PRACTICE.RAW
    limit 10000
    

/* {"app": "dbt", "dbt_version": "1.12.0", "profile_name": "my_dbt_project", "target_name": "dev", "connection_name": "list_DBT_PRACTICE_RAW"} */;
[0m12:13:17.757120 [debug] [ThreadPool]: Opening a new connection, currently in state init
[0m12:13:19.213108 [debug] [ThreadPool]: SQL status: SUCCESS 2 in 1.456 seconds
[0m12:13:19.226263 [debug] [ThreadPool]: Using snowflake connection "list_DBT_PRACTICE_RAW"
[0m12:13:19.226574 [debug] [ThreadPool]: On list_DBT_PRACTICE_RAW: show user functions in DBT_PRACTICE.RAW
/* {"app": "dbt", "dbt_version": "1.12.0", "profile_name": "my_dbt_project", "target_name": "dev", "connection_name": "list_DBT_PRACTICE_RAW"} */
[0m12:13:19.453440 [debug] [ThreadPool]: SQL status: SUCCESS 0 in 0.226 seconds
[0m12:13:19.458217 [debug] [MainThread]: Sending event: {'category': 'dbt', 'action': 'runnable_timing', 'label': 'd0c12bc8-7e60-46a6-81b4-7d295918379b', 'context': [<snowplow_tracker.self_describing_json.SelfDescribingJson object at 0x000001BAC35101F0>]}
[0m12:13:20.551673 [debug] [Thread-3 (]: Began running node model.my_new_project.stg_consumer_application_detail
[0m12:13:20.552404 [debug] [Thread-4 (]: Began running node model.my_new_project.stg_erp_budget_workflow_amount
[0m12:13:20.553115 [debug] [Thread-2 (]: Began running node model.my_new_project.stg_billdesk_payment_res
[0m12:13:20.552843 [info ] [Thread-3 (]: 2 of 13 START sql view model RAW.stg_consumer_application_detail ............... [RUN]
[0m12:13:20.552151 [debug] [Thread-5 (]: Began running node model.my_new_project.stg_erp_rev
[0m12:13:20.554602 [debug] [Thread-3 (]: Acquiring new snowflake connection 'model.my_new_project.stg_consumer_application_detail'
[0m12:13:20.553907 [info ] [Thread-4 (]: 3 of 13 START sql view model RAW.stg_erp_budget_workflow_amount ................ [RUN]
[0m12:13:20.554208 [info ] [Thread-2 (]: 1 of 13 START sql view model RAW.stg_billdesk_payment_res ...................... [RUN]
[0m12:13:20.555354 [debug] [Thread-3 (]: Began compiling node model.my_new_project.stg_consumer_application_detail
[0m12:13:20.555099 [info ] [Thread-5 (]: 4 of 13 START sql view model RAW.stg_erp_rev ................................... [RUN]
[0m12:13:20.555888 [debug] [Thread-4 (]: Acquiring new snowflake connection 'model.my_new_project.stg_erp_budget_workflow_amount'
[0m12:13:20.556242 [debug] [Thread-2 (]: Acquiring new snowflake connection 'model.my_new_project.stg_billdesk_payment_res'
[0m12:13:20.562924 [debug] [Thread-3 (]: Writing injected SQL for node "model.my_new_project.stg_consumer_application_detail"
[0m12:13:20.563521 [debug] [Thread-5 (]: Acquiring new snowflake connection 'model.my_new_project.stg_erp_rev'
[0m12:13:20.563915 [debug] [Thread-4 (]: Began compiling node model.my_new_project.stg_erp_budget_workflow_amount
[0m12:13:20.564248 [debug] [Thread-2 (]: Began compiling node model.my_new_project.stg_billdesk_payment_res
[0m12:13:20.564656 [debug] [Thread-5 (]: Began compiling node model.my_new_project.stg_erp_rev
[0m12:13:20.566098 [debug] [Thread-4 (]: Writing injected SQL for node "model.my_new_project.stg_erp_budget_workflow_amount"
[0m12:13:20.567515 [debug] [Thread-2 (]: Writing injected SQL for node "model.my_new_project.stg_billdesk_payment_res"
[0m12:13:20.570606 [debug] [Thread-5 (]: Writing injected SQL for node "model.my_new_project.stg_erp_rev"
[0m12:13:20.578228 [debug] [Thread-4 (]: Began executing node model.my_new_project.stg_erp_budget_workflow_amount
[0m12:13:20.578743 [debug] [Thread-5 (]: Began executing node model.my_new_project.stg_erp_rev
[0m12:13:20.579029 [debug] [Thread-2 (]: Began executing node model.my_new_project.stg_billdesk_payment_res
[0m12:13:20.579294 [debug] [Thread-3 (]: Began executing node model.my_new_project.stg_consumer_application_detail
[0m12:13:20.599135 [debug] [Thread-4 (]: Writing runtime sql for node "model.my_new_project.stg_erp_budget_workflow_amount"
[0m12:13:20.600865 [debug] [Thread-5 (]: Writing runtime sql for node "model.my_new_project.stg_erp_rev"
[0m12:13:20.602325 [debug] [Thread-2 (]: Writing runtime sql for node "model.my_new_project.stg_billdesk_payment_res"
[0m12:13:20.607383 [debug] [Thread-3 (]: Writing runtime sql for node "model.my_new_project.stg_consumer_application_detail"
[0m12:13:20.613515 [debug] [Thread-2 (]: Using snowflake connection "model.my_new_project.stg_billdesk_payment_res"
[0m12:13:20.614132 [debug] [Thread-5 (]: Using snowflake connection "model.my_new_project.stg_erp_rev"
[0m12:13:20.614664 [debug] [Thread-4 (]: Using snowflake connection "model.my_new_project.stg_erp_budget_workflow_amount"
[0m12:13:20.615099 [debug] [Thread-3 (]: Using snowflake connection "model.my_new_project.stg_consumer_application_detail"
[0m12:13:20.615322 [debug] [Thread-2 (]: On model.my_new_project.stg_billdesk_payment_res: create or replace   view DBT_PRACTICE.RAW.stg_billdesk_payment_res
  
  
  
  
  as (
    select consumer_application_no,



    TO_DATE(transaction_date)



as Transaction_date,
mobile_no,
round(amount,0) as reg_amount,
payment_method_type,
additional_info1,
charge_amount
from DSP_PROJ.RAW.BILLDESK_PAYMENT_RES
  )
/* {"app": "dbt", "dbt_version": "1.12.0", "profile_name": "my_dbt_project", "target_name": "dev", "node_id": "model.my_new_project.stg_billdesk_payment_res"} */;
[0m12:13:20.615567 [debug] [Thread-5 (]: On model.my_new_project.stg_erp_rev: create or replace   view DBT_PRACTICE.RAW.stg_erp_rev
  
  
  
  
  as (
    select cons_app_no,
round(sup_amt,0) as supervision_amnt,
round(est_amt,0) as estimate_amount,
cgst,sgst,
pay_amt as amount_to_pay,
location,
deposit_amt,
approved_by,




    TO_DATE(
        TO_TIMESTAMP_NTZ(
            created,
            'DD-MM-YY HH12:MI:SS.FF9 AM'
        )
    )



 as create_date

from DSP_PROJ.RAW.ERP_REV
  )
/* {"app": "dbt", "dbt_version": "1.12.0", "profile_name": "my_dbt_project", "target_name": "dev", "node_id": "model.my_new_project.stg_erp_rev"} */;
[0m12:13:20.615866 [debug] [Thread-4 (]: On model.my_new_project.stg_erp_budget_workflow_amount: create or replace   view DBT_PRACTICE.RAW.stg_erp_budget_workflow_amount
  
  
  
  
  as (
    select consumer_application_no,
location,
supervision_amount,
estimate_amount,
cgst,
sgst,




    TO_DATE(
        TO_TIMESTAMP_NTZ(
            created,
            'DD-MM-YY HH12:MI:SS.FF9 AM'
        )
    )



  as created_at,
total_balance_super_amount as TOTAL_SUPV_AMOUNT,
je_return_amount,
minus_cost,
version_number
from DSP_PROJ.RAW.ERP_BUDGET_WORKFLOW_AMOUNT
  )
/* {"app": "dbt", "dbt_version": "1.12.0", "profile_name": "my_dbt_project", "target_name": "dev", "node_id": "model.my_new_project.stg_erp_budget_workflow_amount"} */;
[0m12:13:20.616177 [debug] [Thread-3 (]: On model.my_new_project.stg_consumer_application_detail: create or replace   view DBT_PRACTICE.RAW.stg_consumer_application_detail
  
  
  
  
  as (
    

select CONSUMER_APPLICATION_NUMBER,CONSUMER_NAME,
ADDRESS,




    TO_DATE(
        TO_TIMESTAMP_NTZ(
            CREATED,
            'DD-MM-YY HH12:MI:SS.FF9 AM'
        )
    )



 as created_date,
APPLICATION_STATUS,SHORT_DESCRIPTION_OF_WORK,NATURE_OF_WORK_ID,
premise_area_type
from  DSP_PROJ.RAW.CONSUMER_APPLICATION_DETAIL
  )
/* {"app": "dbt", "dbt_version": "1.12.0", "profile_name": "my_dbt_project", "target_name": "dev", "node_id": "model.my_new_project.stg_consumer_application_detail"} */;
[0m12:13:20.616461 [debug] [Thread-2 (]: Opening a new connection, currently in state init
[0m12:13:20.616740 [debug] [Thread-5 (]: Opening a new connection, currently in state init
[0m12:13:20.616972 [debug] [Thread-4 (]: Opening a new connection, currently in state init
[0m12:13:20.617212 [debug] [Thread-3 (]: Opening a new connection, currently in state init
[0m12:13:22.154793 [debug] [Thread-3 (]: SQL status: SUCCESS 1 in 1.537 seconds
[0m12:13:22.183496 [debug] [Thread-2 (]: SQL status: SUCCESS 1 in 1.567 seconds
[0m12:13:22.186183 [debug] [Thread-5 (]: SQL status: SUCCESS 1 in 1.569 seconds
[0m12:13:22.191707 [debug] [Thread-3 (]: Sending event: {'category': 'dbt', 'action': 'run_model', 'label': 'd0c12bc8-7e60-46a6-81b4-7d295918379b', 'context': [<snowplow_tracker.self_describing_json.SelfDescribingJson object at 0x000001BAC33DA090>]}
[0m12:13:22.192315 [info ] [Thread-3 (]: 2 of 13 OK created sql view model RAW.stg_consumer_application_detail .......... [[32mSUCCESS 1[0m in 1.63s]
[0m12:13:22.192863 [debug] [Thread-3 (]: Finished running node model.my_new_project.stg_consumer_application_detail
[0m12:13:22.193147 [debug] [Thread-3 (]: Began running node model.my_new_project.stg_pose_machine_d
[0m12:13:22.193520 [debug] [Thread-2 (]: Sending event: {'category': 'dbt', 'action': 'run_model', 'label': 'd0c12bc8-7e60-46a6-81b4-7d295918379b', 'context': [<snowplow_tracker.self_describing_json.SelfDescribingJson object at 0x000001BAC362A8E0>]}
[0m12:13:22.194112 [debug] [Thread-5 (]: Sending event: {'category': 'dbt', 'action': 'run_model', 'label': 'd0c12bc8-7e60-46a6-81b4-7d295918379b', 'context': [<snowplow_tracker.self_describing_json.SelfDescribingJson object at 0x000001BABE283750>]}
[0m12:13:22.193869 [info ] [Thread-3 (]: 5 of 13 START sql view model RAW.stg_pose_machine_d ............................ [RUN]
[0m12:13:22.194594 [info ] [Thread-2 (]: 1 of 13 OK created sql view model RAW.stg_billdesk_payment_res ................. [[32mSUCCESS 1[0m in 1.63s]
[0m12:13:22.195059 [info ] [Thread-5 (]: 4 of 13 OK created sql view model RAW.stg_erp_rev .............................. [[32mSUCCESS 1[0m in 1.62s]
[0m12:13:22.195566 [debug] [Thread-3 (]: Re-using an available connection from the pool (formerly model.my_new_project.stg_consumer_application_detail, now model.my_new_project.stg_pose_machine_d)
[0m12:13:22.196082 [debug] [Thread-2 (]: Finished running node model.my_new_project.stg_billdesk_payment_res
[0m12:13:22.196448 [debug] [Thread-5 (]: Finished running node model.my_new_project.stg_erp_rev
[0m12:13:22.196689 [debug] [Thread-3 (]: Began compiling node model.my_new_project.stg_pose_machine_d
[0m12:13:22.196985 [debug] [Thread-2 (]: Began running node model.my_new_project.dim_consumer
[0m12:13:22.198708 [debug] [Thread-3 (]: Writing injected SQL for node "model.my_new_project.stg_pose_machine_d"
[0m12:13:22.199004 [debug] [Thread-5 (]: Began running node model.my_new_project.fact_erp_rev
[0m12:13:22.199335 [info ] [Thread-2 (]: 6 of 13 START sql view model RAW.dim_consumer .................................. [RUN]
[0m12:13:22.200292 [debug] [Thread-2 (]: Re-using an available connection from the pool (formerly model.my_new_project.stg_billdesk_payment_res, now model.my_new_project.dim_consumer)
[0m12:13:22.199876 [info ] [Thread-5 (]: 7 of 13 START sql view model RAW.fact_erp_rev .................................. [RUN]
[0m12:13:22.200746 [debug] [Thread-2 (]: Began compiling node model.my_new_project.dim_consumer
[0m12:13:22.201173 [debug] [Thread-5 (]: Re-using an available connection from the pool (formerly model.my_new_project.stg_erp_rev, now model.my_new_project.fact_erp_rev)
[0m12:13:22.203126 [debug] [Thread-2 (]: Writing injected SQL for node "model.my_new_project.dim_consumer"
[0m12:13:22.203584 [debug] [Thread-3 (]: Began executing node model.my_new_project.stg_pose_machine_d
[0m12:13:22.203901 [debug] [Thread-5 (]: Began compiling node model.my_new_project.fact_erp_rev
[0m12:13:22.205697 [debug] [Thread-3 (]: Writing runtime sql for node "model.my_new_project.stg_pose_machine_d"
[0m12:13:22.208701 [debug] [Thread-5 (]: Writing injected SQL for node "model.my_new_project.fact_erp_rev"
[0m12:13:22.212203 [debug] [Thread-3 (]: Using snowflake connection "model.my_new_project.stg_pose_machine_d"
[0m12:13:22.212586 [debug] [Thread-2 (]: Began executing node model.my_new_project.dim_consumer
[0m12:13:22.212840 [debug] [Thread-5 (]: Began executing node model.my_new_project.fact_erp_rev
[0m12:13:22.213076 [debug] [Thread-3 (]: On model.my_new_project.stg_pose_machine_d: create or replace   view DBT_PRACTICE.RAW.stg_pose_machine_d
  
  
  
  
  as (
    select application_numbwer,
txn_amount as Tnsc_amount,




    TO_DATE(
        TO_TIMESTAMP_NTZ(
            date_of_payment,
            'DD-MM-YY HH12:MI:SS.FF9 AM'
        )
    )



 as payment_date,
payment_mode,
bank_name,
payment_type

from DSP_PROJ.RAW.POSE_MACHINE_D
  )
/* {"app": "dbt", "dbt_version": "1.12.0", "profile_name": "my_dbt_project", "target_name": "dev", "node_id": "model.my_new_project.stg_pose_machine_d"} */;
[0m12:13:22.214670 [debug] [Thread-2 (]: Writing runtime sql for node "model.my_new_project.dim_consumer"
[0m12:13:22.216366 [debug] [Thread-5 (]: Writing runtime sql for node "model.my_new_project.fact_erp_rev"
[0m12:13:22.221695 [debug] [Thread-5 (]: Using snowflake connection "model.my_new_project.fact_erp_rev"
[0m12:13:22.222264 [debug] [Thread-2 (]: Using snowflake connection "model.my_new_project.dim_consumer"
[0m12:13:22.222607 [debug] [Thread-5 (]: On model.my_new_project.fact_erp_rev: create or replace   view DBT_PRACTICE.RAW.fact_erp_rev
  
  
  
  
  as (
    SELECT
  CONS_APP_NO AS CONSUMER_APPLICATION_NUMBER,
    SUPERVISION_AMNT,
    ESTIMATE_AMOUNT,
    CGST,
    SGST,
    AMOUNT_TO_PAY,
    LOCATION,
    DEPOSIT_AMT,
    APPROVED_BY,
    CREATE_DATE
FROM DBT_PRACTICE.RAW.stg_erp_rev
  )
/* {"app": "dbt", "dbt_version": "1.12.0", "profile_name": "my_dbt_project", "target_name": "dev", "node_id": "model.my_new_project.fact_erp_rev"} */;
[0m12:13:22.223035 [debug] [Thread-2 (]: On model.my_new_project.dim_consumer: create or replace   view DBT_PRACTICE.RAW.dim_consumer
  
  
  
  
  as (
    SELECT DISTINCT
    CONSUMER_APPLICATION_NUMBER,
    CONSUMER_NAME,
    ADDRESS,
    CREATED_DATE,
    APPLICATION_STATUS,
    SHORT_DESCRIPTION_OF_WORK,
    NATURE_OF_WORK_ID,
    PREMISE_AREA_TYPE
FROM DBT_PRACTICE.RAW.stg_consumer_application_detail
  )
/* {"app": "dbt", "dbt_version": "1.12.0", "profile_name": "my_dbt_project", "target_name": "dev", "node_id": "model.my_new_project.dim_consumer"} */;
[0m12:13:22.235051 [debug] [Thread-4 (]: SQL status: SUCCESS 1 in 1.618 seconds
[0m12:13:22.236654 [debug] [Thread-4 (]: Sending event: {'category': 'dbt', 'action': 'run_model', 'label': 'd0c12bc8-7e60-46a6-81b4-7d295918379b', 'context': [<snowplow_tracker.self_describing_json.SelfDescribingJson object at 0x000001BAC2259550>]}
[0m12:13:22.237082 [info ] [Thread-4 (]: 3 of 13 OK created sql view model RAW.stg_erp_budget_workflow_amount ........... [[32mSUCCESS 1[0m in 1.68s]
[0m12:13:22.237562 [debug] [Thread-4 (]: Finished running node model.my_new_project.stg_erp_budget_workflow_amount
[0m12:13:22.237803 [debug] [Thread-4 (]: Began running node model.my_new_project.fact_payments
[0m12:13:22.238168 [info ] [Thread-4 (]: 8 of 13 START sql view model RAW.fact_payments ................................. [RUN]
[0m12:13:22.238651 [debug] [Thread-4 (]: Re-using an available connection from the pool (formerly model.my_new_project.stg_erp_budget_workflow_amount, now model.my_new_project.fact_payments)
[0m12:13:22.238883 [debug] [Thread-4 (]: Began compiling node model.my_new_project.fact_payments
[0m12:13:22.240585 [debug] [Thread-4 (]: Writing injected SQL for node "model.my_new_project.fact_payments"
[0m12:13:22.243381 [debug] [Thread-4 (]: Began executing node model.my_new_project.fact_payments
[0m12:13:22.244833 [debug] [Thread-4 (]: Writing runtime sql for node "model.my_new_project.fact_payments"
[0m12:13:22.247418 [debug] [Thread-4 (]: Using snowflake connection "model.my_new_project.fact_payments"
[0m12:13:22.247710 [debug] [Thread-4 (]: On model.my_new_project.fact_payments: create or replace   view DBT_PRACTICE.RAW.fact_payments
  
  
  
  
  as (
    SELECT
    CONSUMER_APPLICATION_NO AS CONSUMER_APPLICATION_NUMBER,
    TRANSACTION_DATE,
    MOBILE_NO,
    REG_AMOUNT,
    PAYMENT_METHOD_TYPE,
    ADDITIONAL_INFO1,
    CHARGE_AMOUNT
FROM DBT_PRACTICE.RAW.stg_billdesk_payment_res
  )
/* {"app": "dbt", "dbt_version": "1.12.0", "profile_name": "my_dbt_project", "target_name": "dev", "node_id": "model.my_new_project.fact_payments"} */;
[0m12:13:22.829592 [debug] [Thread-3 (]: SQL status: SUCCESS 1 in 0.613 seconds
[0m12:13:22.830622 [debug] [Thread-2 (]: SQL status: SUCCESS 1 in 0.607 seconds
[0m12:13:22.832737 [debug] [Thread-3 (]: Sending event: {'category': 'dbt', 'action': 'run_model', 'label': 'd0c12bc8-7e60-46a6-81b4-7d295918379b', 'context': [<snowplow_tracker.self_describing_json.SelfDescribingJson object at 0x000001BAC358ABA0>]}
[0m12:13:22.833617 [debug] [Thread-4 (]: SQL status: SUCCESS 1 in 0.586 seconds
[0m12:13:22.835254 [debug] [Thread-2 (]: Sending event: {'category': 'dbt', 'action': 'run_model', 'label': 'd0c12bc8-7e60-46a6-81b4-7d295918379b', 'context': [<snowplow_tracker.self_describing_json.SelfDescribingJson object at 0x000001BAC358BBD0>]}
[0m12:13:22.835791 [info ] [Thread-3 (]: 5 of 13 OK created sql view model RAW.stg_pose_machine_d ....................... [[32mSUCCESS 1[0m in 0.64s]
[0m12:13:22.837622 [debug] [Thread-4 (]: Sending event: {'category': 'dbt', 'action': 'run_model', 'label': 'd0c12bc8-7e60-46a6-81b4-7d295918379b', 'context': [<snowplow_tracker.self_describing_json.SelfDescribingJson object at 0x000001BAC3675D30>]}
[0m12:13:22.838502 [debug] [Thread-3 (]: Finished running node model.my_new_project.stg_pose_machine_d
[0m12:13:22.838107 [info ] [Thread-2 (]: 6 of 13 OK created sql view model RAW.dim_consumer ............................. [[32mSUCCESS 1[0m in 0.64s]
[0m12:13:22.839117 [info ] [Thread-4 (]: 8 of 13 OK created sql view model RAW.fact_payments ............................ [[32mSUCCESS 1[0m in 0.60s]
[0m12:13:22.839718 [debug] [Thread-3 (]: Began running node model.my_new_project.inter_consumer_bill
[0m12:13:22.840312 [debug] [Thread-2 (]: Finished running node model.my_new_project.dim_consumer
[0m12:13:22.840891 [debug] [Thread-4 (]: Finished running node model.my_new_project.fact_payments
[0m12:13:22.841732 [debug] [Thread-2 (]: Began running node model.my_new_project.fact_budget
[0m12:13:22.841365 [info ] [Thread-3 (]: 9 of 13 START sql view model RAW.inter_consumer_bill ........................... [RUN]
[0m12:13:22.842320 [debug] [Thread-4 (]: Began running node model.my_new_project.inter_consumer_budget
[0m12:13:22.843403 [debug] [Thread-3 (]: Re-using an available connection from the pool (formerly model.my_new_project.stg_pose_machine_d, now model.my_new_project.inter_consumer_bill)
[0m12:13:22.842856 [info ] [Thread-2 (]: 10 of 13 START sql view model RAW.fact_budget .................................. [RUN]
[0m12:13:22.844046 [info ] [Thread-4 (]: 11 of 13 START sql view model RAW.inter_consumer_budget ........................ [RUN]
[0m12:13:22.844471 [debug] [Thread-3 (]: Began compiling node model.my_new_project.inter_consumer_bill
[0m12:13:22.844881 [debug] [Thread-2 (]: Re-using an available connection from the pool (formerly model.my_new_project.dim_consumer, now model.my_new_project.fact_budget)
[0m12:13:22.845293 [debug] [Thread-4 (]: Re-using an available connection from the pool (formerly model.my_new_project.fact_payments, now model.my_new_project.inter_consumer_budget)
[0m12:13:22.846910 [debug] [Thread-3 (]: Writing injected SQL for node "model.my_new_project.inter_consumer_bill"
[0m12:13:22.847276 [debug] [Thread-2 (]: Began compiling node model.my_new_project.fact_budget
[0m12:13:22.847615 [debug] [Thread-4 (]: Began compiling node model.my_new_project.inter_consumer_budget
[0m12:13:22.850174 [debug] [Thread-2 (]: Writing injected SQL for node "model.my_new_project.fact_budget"
[0m12:13:22.851641 [debug] [Thread-4 (]: Writing injected SQL for node "model.my_new_project.inter_consumer_budget"
[0m12:13:22.855930 [debug] [Thread-2 (]: Began executing node model.my_new_project.fact_budget
[0m12:13:22.858457 [debug] [Thread-2 (]: Writing runtime sql for node "model.my_new_project.fact_budget"
[0m12:13:22.859027 [debug] [Thread-3 (]: Began executing node model.my_new_project.inter_consumer_bill
[0m12:13:22.859436 [debug] [Thread-4 (]: Began executing node model.my_new_project.inter_consumer_budget
[0m12:13:22.861796 [debug] [Thread-3 (]: Writing runtime sql for node "model.my_new_project.inter_consumer_bill"
[0m12:13:22.863837 [debug] [Thread-4 (]: Writing runtime sql for node "model.my_new_project.inter_consumer_budget"
[0m12:13:22.867803 [debug] [Thread-2 (]: Using snowflake connection "model.my_new_project.fact_budget"
[0m12:13:22.868544 [debug] [Thread-3 (]: Using snowflake connection "model.my_new_project.inter_consumer_bill"
[0m12:13:22.869016 [debug] [Thread-4 (]: Using snowflake connection "model.my_new_project.inter_consumer_budget"
[0m12:13:22.869372 [debug] [Thread-2 (]: On model.my_new_project.fact_budget: create or replace   view DBT_PRACTICE.RAW.fact_budget
  
  
  
  
  as (
    SELECT
    distinct CONSUMER_APPLICATION_NO AS CONSUMER_APPLICATION_NUMBER,
    LOCATION,
    SUPERVISION_AMOUNT,
    ESTIMATE_AMOUNT,
    CGST,
    SGST,
    CREATED_AT,
    TOTAL_SUPV_AMOUNT,
    JE_RETURN_AMOUNT,
    MINUS_COST,
    VERSION_NUMBER
FROM DBT_PRACTICE.RAW.stg_erp_budget_workflow_amount
  )
/* {"app": "dbt", "dbt_version": "1.12.0", "profile_name": "my_dbt_project", "target_name": "dev", "node_id": "model.my_new_project.fact_budget"} */;
[0m12:13:22.869685 [debug] [Thread-3 (]: On model.my_new_project.inter_consumer_bill: create or replace   view DBT_PRACTICE.RAW.inter_consumer_bill
  
  
  
  
  as (
    select 
distinct cad.CONSUMER_APPLICATION_NUMBER,
cad.CONSUMER_NAME,
cad.ADDRESS,
cad.created_date,
cad.APPLICATION_STATUS,
cad.SHORT_DESCRIPTION_OF_WORK,
cad.NATURE_OF_WORK_ID,
bpr.reg_amount,
bpr.payment_method_type,
bpr.additional_info1,
bpr.charge_amount

from DBT_PRACTICE.RAW.stg_consumer_application_detail cad left join
DBT_PRACTICE.RAW.stg_billdesk_payment_res bpr on cad.consumer_application_number=bpr.consumer_application_no
  )
/* {"app": "dbt", "dbt_version": "1.12.0", "profile_name": "my_dbt_project", "target_name": "dev", "node_id": "model.my_new_project.inter_consumer_bill"} */;
[0m12:13:22.869952 [debug] [Thread-4 (]: On model.my_new_project.inter_consumer_budget: create or replace   view DBT_PRACTICE.RAW.inter_consumer_budget
  
  
  
  
  as (
    select distinct ebw.consumer_application_no,
ebw.total_supv_amount,
ebw.je_return_amount,
ebw.minus_cost,
ebw.version_number 
from DBT_PRACTICE.RAW.stg_erp_budget_workflow_amount ebw
  )
/* {"app": "dbt", "dbt_version": "1.12.0", "profile_name": "my_dbt_project", "target_name": "dev", "node_id": "model.my_new_project.inter_consumer_budget"} */;
[0m12:13:22.957656 [debug] [Thread-5 (]: SQL status: SUCCESS 1 in 0.734 seconds
[0m12:13:22.960784 [debug] [Thread-5 (]: Sending event: {'category': 'dbt', 'action': 'run_model', 'label': 'd0c12bc8-7e60-46a6-81b4-7d295918379b', 'context': [<snowplow_tracker.self_describing_json.SelfDescribingJson object at 0x000001BAC3675E50>]}
[0m12:13:22.961284 [info ] [Thread-5 (]: 7 of 13 OK created sql view model RAW.fact_erp_rev ............................. [[32mSUCCESS 1[0m in 0.76s]
[0m12:13:22.961786 [debug] [Thread-5 (]: Finished running node model.my_new_project.fact_erp_rev
[0m12:13:22.962030 [debug] [Thread-5 (]: Began running node model.my_new_project.fact_pose_machine_d
[0m12:13:22.962368 [info ] [Thread-5 (]: 12 of 13 START sql view model RAW.fact_pose_machine_d .......................... [RUN]
[0m12:13:22.962820 [debug] [Thread-5 (]: Re-using an available connection from the pool (formerly model.my_new_project.fact_erp_rev, now model.my_new_project.fact_pose_machine_d)
[0m12:13:22.963052 [debug] [Thread-5 (]: Began compiling node model.my_new_project.fact_pose_machine_d
[0m12:13:22.964183 [debug] [Thread-5 (]: Writing injected SQL for node "model.my_new_project.fact_pose_machine_d"
[0m12:13:22.969005 [debug] [Thread-5 (]: Began executing node model.my_new_project.fact_pose_machine_d
[0m12:13:22.970431 [debug] [Thread-5 (]: Writing runtime sql for node "model.my_new_project.fact_pose_machine_d"
[0m12:13:22.974317 [debug] [Thread-5 (]: Using snowflake connection "model.my_new_project.fact_pose_machine_d"
[0m12:13:22.975589 [debug] [Thread-5 (]: On model.my_new_project.fact_pose_machine_d: create or replace   view DBT_PRACTICE.RAW.fact_pose_machine_d
  
  
  
  
  as (
    SELECT
    APPLICATION_NUMBWER AS CONSUMER_APPLICATION_NUMBER,
    TNSC_AMOUNT,
    PAYMENT_DATE,
    PAYMENT_MODE,
    BANK_NAME,
    PAYMENT_TYPE
FROM DBT_PRACTICE.RAW.stg_pose_machine_d
  )
/* {"app": "dbt", "dbt_version": "1.12.0", "profile_name": "my_dbt_project", "target_name": "dev", "node_id": "model.my_new_project.fact_pose_machine_d"} */;
[0m12:13:23.266867 [debug] [Thread-2 (]: SQL status: SUCCESS 1 in 0.397 seconds
[0m12:13:23.268431 [debug] [Thread-2 (]: Sending event: {'category': 'dbt', 'action': 'run_model', 'label': 'd0c12bc8-7e60-46a6-81b4-7d295918379b', 'context': [<snowplow_tracker.self_describing_json.SelfDescribingJson object at 0x000001BAC36C7050>]}
[0m12:13:23.269214 [info ] [Thread-2 (]: 10 of 13 OK created sql view model RAW.fact_budget ............................. [[32mSUCCESS 1[0m in 0.42s]
[0m12:13:23.269947 [debug] [Thread-4 (]: SQL status: SUCCESS 1 in 0.399 seconds
[0m12:13:23.270300 [debug] [Thread-2 (]: Finished running node model.my_new_project.fact_budget
[0m12:13:23.271610 [debug] [Thread-4 (]: Sending event: {'category': 'dbt', 'action': 'run_model', 'label': 'd0c12bc8-7e60-46a6-81b4-7d295918379b', 'context': [<snowplow_tracker.self_describing_json.SelfDescribingJson object at 0x000001BAC3675F70>]}
[0m12:13:23.271900 [debug] [Thread-2 (]: Began running node model.my_new_project.inter_consumer_erp_posemachine
[0m12:13:23.272339 [info ] [Thread-4 (]: 11 of 13 OK created sql view model RAW.inter_consumer_budget ................... [[32mSUCCESS 1[0m in 0.43s]
[0m12:13:23.273433 [debug] [Thread-4 (]: Finished running node model.my_new_project.inter_consumer_budget
[0m12:13:23.272714 [info ] [Thread-2 (]: 13 of 13 START sql view model RAW.inter_consumer_erp_posemachine ............... [RUN]
[0m12:13:23.274300 [debug] [Thread-2 (]: Re-using an available connection from the pool (formerly model.my_new_project.fact_budget, now model.my_new_project.inter_consumer_erp_posemachine)
[0m12:13:23.274553 [debug] [Thread-2 (]: Began compiling node model.my_new_project.inter_consumer_erp_posemachine
[0m12:13:23.275934 [debug] [Thread-2 (]: Writing injected SQL for node "model.my_new_project.inter_consumer_erp_posemachine"
[0m12:13:23.278980 [debug] [Thread-2 (]: Began executing node model.my_new_project.inter_consumer_erp_posemachine
[0m12:13:23.280426 [debug] [Thread-2 (]: Writing runtime sql for node "model.my_new_project.inter_consumer_erp_posemachine"
[0m12:13:23.283402 [debug] [Thread-2 (]: Using snowflake connection "model.my_new_project.inter_consumer_erp_posemachine"
[0m12:13:23.283691 [debug] [Thread-2 (]: On model.my_new_project.inter_consumer_erp_posemachine: create or replace   view DBT_PRACTICE.RAW.inter_consumer_erp_posemachine
  
  
  
  
  as (
    select distinct er.cons_app_no,supervision_amnt,
estimate_amount,
cgst,
sgst,
amount_to_pay,
location,
deposit_amt,
Tnsc_amount,
payment_date,
payment_mode,
bank_name,
payment_type
from 
DBT_PRACTICE.RAW.stg_erp_rev er left join
DBT_PRACTICE.RAW.stg_pose_machine_d pd on er.cons_app_no=pd.application_numbwer
  )
/* {"app": "dbt", "dbt_version": "1.12.0", "profile_name": "my_dbt_project", "target_name": "dev", "node_id": "model.my_new_project.inter_consumer_erp_posemachine"} */;
[0m12:13:23.415691 [debug] [Thread-5 (]: SQL status: SUCCESS 1 in 0.439 seconds
[0m12:13:23.417715 [debug] [Thread-5 (]: Sending event: {'category': 'dbt', 'action': 'run_model', 'label': 'd0c12bc8-7e60-46a6-81b4-7d295918379b', 'context': [<snowplow_tracker.self_describing_json.SelfDescribingJson object at 0x000001BAC36C7530>]}
[0m12:13:23.418227 [info ] [Thread-5 (]: 12 of 13 OK created sql view model RAW.fact_pose_machine_d ..................... [[32mSUCCESS 1[0m in 0.45s]
[0m12:13:23.418826 [debug] [Thread-5 (]: Finished running node model.my_new_project.fact_pose_machine_d
[0m12:13:23.479685 [debug] [Thread-3 (]: SQL status: SUCCESS 1 in 0.609 seconds
[0m12:13:23.481259 [debug] [Thread-3 (]: Sending event: {'category': 'dbt', 'action': 'run_model', 'label': 'd0c12bc8-7e60-46a6-81b4-7d295918379b', 'context': [<snowplow_tracker.self_describing_json.SelfDescribingJson object at 0x000001BAC3675CD0>]}
[0m12:13:23.481687 [info ] [Thread-3 (]: 9 of 13 OK created sql view model RAW.inter_consumer_bill ...................... [[32mSUCCESS 1[0m in 0.64s]
[0m12:13:23.482190 [debug] [Thread-3 (]: Finished running node model.my_new_project.inter_consumer_bill
[0m12:13:23.836473 [debug] [Thread-2 (]: SQL status: SUCCESS 1 in 0.552 seconds
[0m12:13:23.838092 [debug] [Thread-2 (]: Sending event: {'category': 'dbt', 'action': 'run_model', 'label': 'd0c12bc8-7e60-46a6-81b4-7d295918379b', 'context': [<snowplow_tracker.self_describing_json.SelfDescribingJson object at 0x000001BAC3715310>]}
[0m12:13:23.838463 [info ] [Thread-2 (]: 13 of 13 OK created sql view model RAW.inter_consumer_erp_posemachine .......... [[32mSUCCESS 1[0m in 0.56s]
[0m12:13:23.838893 [debug] [Thread-2 (]: Finished running node model.my_new_project.inter_consumer_erp_posemachine
[0m12:13:23.840748 [debug] [MainThread]: Connection 'master' was properly closed.
[0m12:13:23.840957 [debug] [MainThread]: Connection 'list_DBT_PRACTICE' was left open.
[0m12:13:23.841135 [debug] [MainThread]: On list_DBT_PRACTICE: Close
[0m12:13:24.496243 [debug] [MainThread]: Connection 'list_DBT_PRACTICE_RAW' was left open.
[0m12:13:24.496552 [debug] [MainThread]: On list_DBT_PRACTICE_RAW: Close
[0m12:13:25.414782 [debug] [MainThread]: Connection 'model.my_new_project.inter_consumer_bill' was left open.
[0m12:13:25.415322 [debug] [MainThread]: On model.my_new_project.inter_consumer_bill: Close
[0m12:13:26.088821 [debug] [MainThread]: Connection 'model.my_new_project.inter_consumer_budget' was left open.
[0m12:13:26.089764 [debug] [MainThread]: On model.my_new_project.inter_consumer_budget: Close
[0m12:13:26.786290 [debug] [MainThread]: Connection 'model.my_new_project.inter_consumer_erp_posemachine' was left open.
[0m12:13:26.786651 [debug] [MainThread]: On model.my_new_project.inter_consumer_erp_posemachine: Close
[0m12:13:27.235302 [debug] [MainThread]: Connection 'model.my_new_project.fact_pose_machine_d' was left open.
[0m12:13:27.235606 [debug] [MainThread]: On model.my_new_project.fact_pose_machine_d: Close
[0m12:13:27.712484 [info ] [MainThread]: 
[0m12:13:27.713152 [info ] [MainThread]: Finished running 13 view models in 0 hours 0 minutes and 11.41 seconds (11.41s).
[0m12:13:27.715140 [debug] [MainThread]: Command end result
[0m12:13:27.754554 [debug] [MainThread]: Wrote artifact WritableManifest to C:\Arjun_dbt_project\old_dbt_project\target\manifest.json
[0m12:13:27.760462 [debug] [MainThread]: Wrote artifact SemanticManifest to C:\Arjun_dbt_project\old_dbt_project\target\semantic_manifest.json
[0m12:13:27.764549 [debug] [MainThread]: Wrote artifact OsiDocument to C:\Arjun_dbt_project\old_dbt_project\target\osi_document.json
[0m12:13:27.773128 [debug] [MainThread]: Wrote artifact RunExecutionResult to C:\Arjun_dbt_project\old_dbt_project\target\run_results.json
[0m12:13:27.773468 [info ] [MainThread]: 
[0m12:13:27.773821 [info ] [MainThread]: [32mCompleted successfully[0m
[0m12:13:27.774203 [info ] [MainThread]: 
[0m12:13:27.774512 [info ] [MainThread]: Done. PASS=13 WARN=0 ERROR=0 SKIP=0 NO-OP=0 REUSED=0 TOTAL=13
[0m12:13:27.775189 [debug] [MainThread]: Command `dbt run` succeeded at 12:13:27.775108 after 12.96 seconds
[0m12:13:27.775426 [debug] [MainThread]: Sending event: {'category': 'dbt', 'action': 'invocation', 'label': 'end', 'context': [<snowplow_tracker.self_describing_json.SelfDescribingJson object at 0x000001BABD592390>, <snowplow_tracker.self_describing_json.SelfDescribingJson object at 0x000001BAC3676C30>, <snowplow_tracker.self_describing_json.SelfDescribingJson object at 0x000001BAC3674DD0>]}
[0m12:13:27.775652 [debug] [MainThread]: Flushing usage events
[0m12:13:30.035519 [debug] [MainThread]: An error was encountered while trying to flush usage events
[0m15:47:15.645153 [debug] [MainThread]: Sending event: {'category': 'dbt', 'action': 'invocation', 'label': 'start', 'context': [<snowplow_tracker.self_describing_json.SelfDescribingJson object at 0x0000029E62245160>, <snowplow_tracker.self_describing_json.SelfDescribingJson object at 0x0000029E5F051450>, <snowplow_tracker.self_describing_json.SelfDescribingJson object at 0x0000029E649B3C50>]}


============================== 15:47:15.660311 | c22e5671-8fb5-4beb-93a6-34819de32107 ==============================
[0m15:47:15.660311 [info ] [MainThread]: Running with dbt=1.12.0
[0m15:47:15.661473 [debug] [MainThread]: running dbt with arguments {'version_check': 'True', 'no_print': 'None', 'static_parser': 'True', 'warn_error_options': 'WarnErrorOptionsV2(error=[], warn=[], silence=[])', 'target_path': 'None', 'maximum_seed_size_mib': '1', 'printer_width': '80', 'write_json': 'True', 'empty': 'False', 'log_cache_events': 'False', 'introspect': 'True', 'cache_selected_only': 'False', 'fail_fast': 'False', 'debug': 'False', 'log_format': 'default', 'partial_parse': 'True', 'send_anonymous_usage_stats': 'True', 'quiet': 'False', 'warn_error': 'None', 'profiles_dir': 'C:\\Users\\HP\\.dbt', 'use_colors': 'True', 'hints_enabled': 'True', 'invocation_command': 'dbt run', 'use_experimental_parser': 'False', 'indirect_selection': 'eager', 'log_path': 'C:\\Arjun_dbt_project\\old_dbt_project\\logs'}
[0m15:47:15.664066 [error] [MainThread]: [[31mERROR[0m]: Encountered an error:
Runtime Error
  Could not find profile named 'default'
[0m15:47:15.664808 [debug] [MainThread]: Command `dbt run` failed at 15:47:15.664714 after 0.26 seconds
[0m15:47:15.665046 [debug] [MainThread]: Sending event: {'category': 'dbt', 'action': 'invocation', 'label': 'end', 'context': [<snowplow_tracker.self_describing_json.SelfDescribingJson object at 0x0000029E64A149D0>, <snowplow_tracker.self_describing_json.SelfDescribingJson object at 0x0000029E649FDA30>, <snowplow_tracker.self_describing_json.SelfDescribingJson object at 0x0000029E64A01E10>]}
[0m15:47:15.665330 [debug] [MainThread]: Flushing usage events
[0m15:47:17.439345 [debug] [MainThread]: An error was encountered while trying to flush usage events
[0m15:51:26.095070 [debug] [MainThread]: Sending event: {'category': 'dbt', 'action': 'invocation', 'label': 'start', 'context': [<snowplow_tracker.self_describing_json.SelfDescribingJson object at 0x0000020D1B795160>, <snowplow_tracker.self_describing_json.SelfDescribingJson object at 0x0000020D185B1450>, <snowplow_tracker.self_describing_json.SelfDescribingJson object at 0x0000020D1DEF3C50>]}


============================== 15:51:26.103171 | 2b1e7f05-1660-43c4-b2e9-8e2133c32c25 ==============================
[0m15:51:26.103171 [info ] [MainThread]: Running with dbt=1.12.0
[0m15:51:26.103641 [debug] [MainThread]: running dbt with arguments {'maximum_seed_size_mib': '1', 'no_print': 'None', 'static_parser': 'True', 'target_path': 'None', 'version_check': 'True', 'warn_error_options': 'WarnErrorOptionsV2(error=[], warn=[], silence=[])', 'printer_width': '80', 'write_json': 'True', 'introspect': 'True', 'log_cache_events': 'False', 'empty': 'False', 'cache_selected_only': 'False', 'log_format': 'default', 'debug': 'False', 'fail_fast': 'False', 'partial_parse': 'True', 'send_anonymous_usage_stats': 'True', 'quiet': 'False', 'warn_error': 'None', 'profiles_dir': 'C:\\Users\\HP\\.dbt', 'use_colors': 'True', 'hints_enabled': 'True', 'invocation_command': 'dbt run', 'use_experimental_parser': 'False', 'indirect_selection': 'eager', 'log_path': 'C:\\Arjun_dbt_project\\old_dbt_project\\logs'}
[0m15:51:27.522814 [debug] [MainThread]: Snowflake adapter: Setting snowflake.connector to ERROR (file logging only)
[0m15:51:27.523878 [debug] [MainThread]: Snowflake adapter: Setting botocore to ERROR (file logging only)
[0m15:51:27.524138 [debug] [MainThread]: Snowflake adapter: Setting boto3 to ERROR (file logging only)
[0m15:51:28.646641 [debug] [MainThread]: Sending event: {'category': 'dbt', 'action': 'project_id', 'label': '2b1e7f05-1660-43c4-b2e9-8e2133c32c25', 'context': [<snowplow_tracker.self_describing_json.SelfDescribingJson object at 0x0000020D1BE65E00>]}
[0m15:51:28.708099 [debug] [MainThread]: Sending event: {'category': 'dbt', 'action': 'adapter_info', 'label': '2b1e7f05-1660-43c4-b2e9-8e2133c32c25', 'context': [<snowplow_tracker.self_describing_json.SelfDescribingJson object at 0x0000020D19CBEF10>]}
[0m15:51:28.729423 [info ] [MainThread]: Registered adapter: snowflake=1.12.0
[0m15:51:29.120300 [debug] [MainThread]: checksum: 34d064bbf3d7c01e29a022f69428015a75a45641a9d372ee507764c8a4f69675, vars: {}, profile: my_dbt_project, target: dev, version: 1.12.0
[0m15:51:29.225218 [info ] [MainThread]: Unable to do partial parsing because a project config has changed
[0m15:51:29.226618 [debug] [MainThread]: Sending event: {'category': 'dbt', 'action': 'partial_parser', 'label': '2b1e7f05-1660-43c4-b2e9-8e2133c32c25', 'context': [<snowplow_tracker.self_describing_json.SelfDescribingJson object at 0x0000020D1FDE1950>]}
[0m15:51:30.878454 [warn ] [MainThread]: [[33mWARNING[0m]: Configuration paths exist in your dbt_project.yml file which do not apply to any resources.
There are 5 unused configuration paths:
- models.my_new_project.INTERMEDIATE
- models.my_new_project.MART
- models.my_new_project.MART.dimensions
- models.my_new_project.STAGE
- models.my_new_project.MART.facts
[0m15:51:30.881882 [debug] [MainThread]: Sending event: {'category': 'dbt', 'action': 'load_project', 'label': '2b1e7f05-1660-43c4-b2e9-8e2133c32c25', 'context': [<snowplow_tracker.self_describing_json.SelfDescribingJson object at 0x0000020D1F6FE5D0>]}
[0m15:51:30.986572 [debug] [MainThread]: Wrote artifact WritableManifest to C:\Arjun_dbt_project\old_dbt_project\target\manifest.json
[0m15:51:30.996944 [debug] [MainThread]: Wrote artifact SemanticManifest to C:\Arjun_dbt_project\old_dbt_project\target\semantic_manifest.json
[0m15:51:31.099271 [debug] [MainThread]: Wrote artifact OsiDocument to C:\Arjun_dbt_project\old_dbt_project\target\osi_document.json
[0m15:51:31.150630 [debug] [MainThread]: Sending event: {'category': 'dbt', 'action': 'resource_counts', 'label': '2b1e7f05-1660-43c4-b2e9-8e2133c32c25', 'context': [<snowplow_tracker.self_describing_json.SelfDescribingJson object at 0x0000020D1FC827B0>]}
[0m15:51:31.151114 [info ] [MainThread]: Found 15 models, 2 snapshots, 2 data tests, 7 sources, 547 macros
[0m15:51:31.155407 [debug] [MainThread]: Sending event: {'category': 'dbt', 'action': 'runnable_timing', 'label': '2b1e7f05-1660-43c4-b2e9-8e2133c32c25', 'context': [<snowplow_tracker.self_describing_json.SelfDescribingJson object at 0x0000020D1FEB1090>]}
[0m15:51:31.157695 [info ] [MainThread]: 
[0m15:51:31.158008 [info ] [MainThread]: Concurrency: 4 threads (target='dev')
[0m15:51:31.158277 [info ] [MainThread]: 
[0m15:51:31.158687 [debug] [MainThread]: Acquiring new snowflake connection 'master'
[0m15:51:31.163153 [debug] [ThreadPool]: Acquiring new snowflake connection 'list_DBT_PRACTICE'
[0m15:51:31.164519 [debug] [ThreadPool]: Acquiring new snowflake connection 'list_DBT_PRACTICE'
[0m15:51:31.179730 [debug] [ThreadPool]: Using snowflake connection "list_DBT_PRACTICE"
[0m15:51:31.180136 [debug] [ThreadPool]: Using snowflake connection "list_DBT_PRACTICE"
[0m15:51:31.180377 [debug] [ThreadPool]: On list_DBT_PRACTICE: show terse schemas in database DBT_PRACTICE
    limit 10000
/* {"app": "dbt", "dbt_version": "1.12.0", "profile_name": "my_dbt_project", "target_name": "dev", "connection_name": "list_DBT_PRACTICE"} */
[0m15:51:31.180576 [debug] [ThreadPool]: On list_DBT_PRACTICE: show terse schemas in database DBT_PRACTICE
    limit 10000
/* {"app": "dbt", "dbt_version": "1.12.0", "profile_name": "my_dbt_project", "target_name": "dev", "connection_name": "list_DBT_PRACTICE"} */
[0m15:51:31.180790 [debug] [ThreadPool]: Opening a new connection, currently in state init
[0m15:51:31.180972 [debug] [ThreadPool]: Opening a new connection, currently in state init
[0m15:51:33.814193 [debug] [ThreadPool]: SQL status: SUCCESS 5 in 2.633 seconds
[0m15:51:33.816523 [debug] [ThreadPool]: SQL status: SUCCESS 5 in 2.636 seconds
[0m15:51:33.820305 [debug] [ThreadPool]: Acquiring new snowflake connection 'list_DBT_PRACTICE_STAGING'
[0m15:51:33.827530 [debug] [ThreadPool]: Using snowflake connection "list_DBT_PRACTICE_STAGING"
[0m15:51:33.827878 [debug] [ThreadPool]: Acquiring new snowflake connection 'list_DBT_PRACTICE_SNAPSHOTS'
[0m15:51:33.828393 [debug] [ThreadPool]: On list_DBT_PRACTICE_STAGING: show objects in DBT_PRACTICE.STAGING
    limit 10000
    

/* {"app": "dbt", "dbt_version": "1.12.0", "profile_name": "my_dbt_project", "target_name": "dev", "connection_name": "list_DBT_PRACTICE_STAGING"} */;
[0m15:51:33.828728 [debug] [ThreadPool]: Acquiring new snowflake connection 'list_DBT_PRACTICE_RAW'
[0m15:51:33.829557 [debug] [ThreadPool]: Using snowflake connection "list_DBT_PRACTICE_SNAPSHOTS"
[0m15:51:33.829814 [debug] [ThreadPool]: Opening a new connection, currently in state init
[0m15:51:33.830814 [debug] [ThreadPool]: On list_DBT_PRACTICE_SNAPSHOTS: show objects in DBT_PRACTICE.SNAPSHOTS
    limit 10000
    

/* {"app": "dbt", "dbt_version": "1.12.0", "profile_name": "my_dbt_project", "target_name": "dev", "connection_name": "list_DBT_PRACTICE_SNAPSHOTS"} */;
[0m15:51:33.831457 [debug] [ThreadPool]: Using snowflake connection "list_DBT_PRACTICE_RAW"
[0m15:51:33.831781 [debug] [ThreadPool]: Opening a new connection, currently in state init
[0m15:51:33.831998 [debug] [ThreadPool]: On list_DBT_PRACTICE_RAW: show objects in DBT_PRACTICE.RAW
    limit 10000
    

/* {"app": "dbt", "dbt_version": "1.12.0", "profile_name": "my_dbt_project", "target_name": "dev", "connection_name": "list_DBT_PRACTICE_RAW"} */;
[0m15:51:33.832430 [debug] [ThreadPool]: Opening a new connection, currently in state init
[0m15:51:34.994543 [debug] [ThreadPool]: SQL status: SUCCESS 15 in 1.162 seconds
[0m15:51:34.998589 [debug] [ThreadPool]: Using snowflake connection "list_DBT_PRACTICE_RAW"
[0m15:51:34.998813 [debug] [ThreadPool]: On list_DBT_PRACTICE_RAW: show user functions in DBT_PRACTICE.RAW
/* {"app": "dbt", "dbt_version": "1.12.0", "profile_name": "my_dbt_project", "target_name": "dev", "connection_name": "list_DBT_PRACTICE_RAW"} */
[0m15:51:35.217788 [debug] [ThreadPool]: SQL status: SUCCESS 2 in 1.388 seconds
[0m15:51:35.218372 [debug] [ThreadPool]: SQL status: SUCCESS 2 in 1.387 seconds
[0m15:51:35.220796 [debug] [ThreadPool]: Using snowflake connection "list_DBT_PRACTICE_STAGING"
[0m15:51:35.223289 [debug] [ThreadPool]: Using snowflake connection "list_DBT_PRACTICE_SNAPSHOTS"
[0m15:51:35.223546 [debug] [ThreadPool]: On list_DBT_PRACTICE_STAGING: show user functions in DBT_PRACTICE.STAGING
/* {"app": "dbt", "dbt_version": "1.12.0", "profile_name": "my_dbt_project", "target_name": "dev", "connection_name": "list_DBT_PRACTICE_STAGING"} */
[0m15:51:35.223768 [debug] [ThreadPool]: On list_DBT_PRACTICE_SNAPSHOTS: show user functions in DBT_PRACTICE.SNAPSHOTS
/* {"app": "dbt", "dbt_version": "1.12.0", "profile_name": "my_dbt_project", "target_name": "dev", "connection_name": "list_DBT_PRACTICE_SNAPSHOTS"} */
[0m15:51:35.349467 [debug] [ThreadPool]: SQL status: SUCCESS 0 in 0.350 seconds
[0m15:51:35.450978 [debug] [ThreadPool]: SQL status: SUCCESS 0 in 0.227 seconds
[0m15:51:35.564545 [debug] [ThreadPool]: SQL status: SUCCESS 0 in 0.340 seconds
[0m15:51:35.566591 [debug] [MainThread]: Sending event: {'category': 'dbt', 'action': 'runnable_timing', 'label': '2b1e7f05-1660-43c4-b2e9-8e2133c32c25', 'context': [<snowplow_tracker.self_describing_json.SelfDescribingJson object at 0x0000020D213AC590>]}
[0m15:51:35.580557 [debug] [Thread-2 (]: Began running node model.my_new_project.stg_billdesk_payment_res
[0m15:51:35.580894 [debug] [Thread-3 (]: Began running node model.my_new_project.stg_consumer_application_detail
[0m15:51:35.581141 [debug] [Thread-5 (]: Began running node model.my_new_project.stg_customers_check
[0m15:51:35.581334 [debug] [Thread-4 (]: Began running node model.my_new_project.stg_customers
[0m15:51:35.581635 [info ] [Thread-2 (]: 1 of 15 START sql view model RAW.stg_billdesk_payment_res ...................... [RUN]
[0m15:51:35.582126 [info ] [Thread-3 (]: 2 of 15 START sql view model RAW.stg_consumer_application_detail ............... [RUN]
[0m15:51:35.583186 [debug] [Thread-2 (]: Acquiring new snowflake connection 'model.my_new_project.stg_billdesk_payment_res'
[0m15:51:35.582418 [info ] [Thread-5 (]: 4 of 15 START sql table model STAGING.stg_customers_check ...................... [RUN]
[0m15:51:35.583728 [debug] [Thread-3 (]: Acquiring new snowflake connection 'model.my_new_project.stg_consumer_application_detail'
[0m15:51:35.582667 [info ] [Thread-4 (]: 3 of 15 START sql table model STAGING.stg_customers ............................ [RUN]
[0m15:51:35.584099 [debug] [Thread-2 (]: Began compiling node model.my_new_project.stg_billdesk_payment_res
[0m15:51:35.584439 [debug] [Thread-5 (]: Acquiring new snowflake connection 'model.my_new_project.stg_customers_check'
[0m15:51:35.584680 [debug] [Thread-3 (]: Began compiling node model.my_new_project.stg_consumer_application_detail
[0m15:51:35.584990 [debug] [Thread-4 (]: Acquiring new snowflake connection 'model.my_new_project.stg_customers'
[0m15:51:35.588922 [debug] [Thread-2 (]: Writing injected SQL for node "model.my_new_project.stg_billdesk_payment_res"
[0m15:51:35.589178 [debug] [Thread-5 (]: Began compiling node model.my_new_project.stg_customers_check
[0m15:51:35.590727 [debug] [Thread-3 (]: Writing injected SQL for node "model.my_new_project.stg_consumer_application_detail"
[0m15:51:35.591024 [debug] [Thread-4 (]: Began compiling node model.my_new_project.stg_customers
[0m15:51:35.592453 [debug] [Thread-5 (]: Writing injected SQL for node "model.my_new_project.stg_customers_check"
[0m15:51:35.594127 [debug] [Thread-4 (]: Writing injected SQL for node "model.my_new_project.stg_customers"
[0m15:51:35.599802 [debug] [Thread-2 (]: Began executing node model.my_new_project.stg_billdesk_payment_res
[0m15:51:35.617082 [debug] [Thread-5 (]: Began executing node model.my_new_project.stg_customers_check
[0m15:51:35.617523 [debug] [Thread-4 (]: Began executing node model.my_new_project.stg_customers
[0m15:51:35.621408 [debug] [Thread-2 (]: Writing runtime sql for node "model.my_new_project.stg_billdesk_payment_res"
[0m15:51:35.621693 [debug] [Thread-3 (]: Began executing node model.my_new_project.stg_consumer_application_detail
[0m15:51:35.637464 [debug] [Thread-5 (]: Writing runtime sql for node "model.my_new_project.stg_customers_check"
[0m15:51:35.638433 [debug] [Thread-4 (]:  adapter: Dropping relation "DBT_PRACTICE"."STAGING"."STG_CUSTOMERS" because it is a view and target relation DBT_PRACTICE.STAGING.stg_customers is of type table.
[0m15:51:35.640088 [debug] [Thread-3 (]: Writing runtime sql for node "model.my_new_project.stg_consumer_application_detail"
[0m15:51:35.644558 [debug] [Thread-4 (]: Applying DROP to: "DBT_PRACTICE"."STAGING"."STG_CUSTOMERS"
[0m15:51:35.650127 [debug] [Thread-4 (]: Using snowflake connection "model.my_new_project.stg_customers"
[0m15:51:35.650506 [debug] [Thread-4 (]: On model.my_new_project.stg_customers: drop view if exists "DBT_PRACTICE"."STAGING"."STG_CUSTOMERS" cascade
/* {"app": "dbt", "dbt_version": "1.12.0", "profile_name": "my_dbt_project", "target_name": "dev", "node_id": "model.my_new_project.stg_customers"} */
[0m15:51:35.651159 [debug] [Thread-4 (]: Opening a new connection, currently in state init
[0m15:51:35.655081 [debug] [Thread-2 (]: Using snowflake connection "model.my_new_project.stg_billdesk_payment_res"
[0m15:51:35.656002 [debug] [Thread-3 (]: Using snowflake connection "model.my_new_project.stg_consumer_application_detail"
[0m15:51:35.656722 [debug] [Thread-2 (]: On model.my_new_project.stg_billdesk_payment_res: create or replace   view DBT_PRACTICE.RAW.stg_billdesk_payment_res
  
  
  
  
  as (
    select consumer_application_no,



    TO_DATE(transaction_date)



as Transaction_date,
mobile_no,
round(amount,0) as reg_amount,
payment_method_type,
additional_info1,
charge_amount
from DSP_PROJ.RAW.BILLDESK_PAYMENT_RES
  )
/* {"app": "dbt", "dbt_version": "1.12.0", "profile_name": "my_dbt_project", "target_name": "dev", "node_id": "model.my_new_project.stg_billdesk_payment_res"} */;
[0m15:51:35.657302 [debug] [Thread-5 (]: Using snowflake connection "model.my_new_project.stg_customers_check"
[0m15:51:35.657554 [debug] [Thread-3 (]: On model.my_new_project.stg_consumer_application_detail: create or replace   view DBT_PRACTICE.RAW.stg_consumer_application_detail
  
  
  
  
  as (
    

select CONSUMER_APPLICATION_NUMBER,CONSUMER_NAME,
ADDRESS,




    TO_DATE(
        TO_TIMESTAMP_NTZ(
            CREATED,
            'DD-MM-YY HH12:MI:SS.FF9 AM'
        )
    )



 as created_date,
APPLICATION_STATUS,SHORT_DESCRIPTION_OF_WORK,NATURE_OF_WORK_ID,
premise_area_type
from  DSP_PROJ.RAW.CONSUMER_APPLICATION_DETAIL
  )
/* {"app": "dbt", "dbt_version": "1.12.0", "profile_name": "my_dbt_project", "target_name": "dev", "node_id": "model.my_new_project.stg_consumer_application_detail"} */;
[0m15:51:35.657893 [debug] [Thread-2 (]: Opening a new connection, currently in state init
[0m15:51:35.658239 [debug] [Thread-5 (]: On model.my_new_project.stg_customers_check: create or replace transient table DBT_PRACTICE.STAGING.stg_customers_check
    
    
    
    
    

    as (select * from 
DBT_PRACTICE.RAW.CUSTOMERS_CHECK
    )

/* {"app": "dbt", "dbt_version": "1.12.0", "profile_name": "my_dbt_project", "target_name": "dev", "node_id": "model.my_new_project.stg_customers_check"} */;
[0m15:51:35.658554 [debug] [Thread-3 (]: Opening a new connection, currently in state init
[0m15:51:35.659073 [debug] [Thread-5 (]: Opening a new connection, currently in state init
[0m15:51:36.851206 [debug] [Thread-4 (]: SQL status: SUCCESS 1 in 1.200 seconds
[0m15:51:36.855417 [debug] [Thread-4 (]: Writing runtime sql for node "model.my_new_project.stg_customers"
[0m15:51:36.864366 [debug] [Thread-4 (]: Using snowflake connection "model.my_new_project.stg_customers"
[0m15:51:36.865093 [debug] [Thread-4 (]: On model.my_new_project.stg_customers: create or replace transient table DBT_PRACTICE.STAGING.stg_customers
    
    
    
    
    

    as (select

customer_id,

customer_name,

city,

updated_at

from DBT_PRACTICE.RAW.CUSTOMERS
    )

/* {"app": "dbt", "dbt_version": "1.12.0", "profile_name": "my_dbt_project", "target_name": "dev", "node_id": "model.my_new_project.stg_customers"} */;
[0m15:51:37.062334 [debug] [Thread-3 (]: SQL status: SUCCESS 1 in 1.404 seconds
[0m15:51:37.083534 [debug] [Thread-3 (]: Sending event: {'category': 'dbt', 'action': 'run_model', 'label': '2b1e7f05-1660-43c4-b2e9-8e2133c32c25', 'context': [<snowplow_tracker.self_describing_json.SelfDescribingJson object at 0x0000020D215AA4C0>]}
[0m15:51:37.085739 [info ] [Thread-3 (]: 2 of 15 OK created sql view model RAW.stg_consumer_application_detail .......... [[32mSUCCESS 1[0m in 1.50s]
[0m15:51:37.087023 [debug] [Thread-3 (]: Finished running node model.my_new_project.stg_consumer_application_detail
[0m15:51:37.087281 [debug] [Thread-3 (]: Began running node model.my_new_project.stg_erp_budget_workflow_amount
[0m15:51:37.087558 [info ] [Thread-3 (]: 5 of 15 START sql view model RAW.stg_erp_budget_workflow_amount ................ [RUN]
[0m15:51:37.088096 [debug] [Thread-3 (]: Re-using an available connection from the pool (formerly model.my_new_project.stg_consumer_application_detail, now model.my_new_project.stg_erp_budget_workflow_amount)
[0m15:51:37.088330 [debug] [Thread-3 (]: Began compiling node model.my_new_project.stg_erp_budget_workflow_amount
[0m15:51:37.089658 [debug] [Thread-3 (]: Writing injected SQL for node "model.my_new_project.stg_erp_budget_workflow_amount"
[0m15:51:37.092717 [debug] [Thread-3 (]: Began executing node model.my_new_project.stg_erp_budget_workflow_amount
[0m15:51:37.094663 [debug] [Thread-3 (]: Writing runtime sql for node "model.my_new_project.stg_erp_budget_workflow_amount"
[0m15:51:37.098818 [debug] [Thread-3 (]: Using snowflake connection "model.my_new_project.stg_erp_budget_workflow_amount"
[0m15:51:37.099198 [debug] [Thread-3 (]: On model.my_new_project.stg_erp_budget_workflow_amount: create or replace   view DBT_PRACTICE.RAW.stg_erp_budget_workflow_amount
  
  
  
  
  as (
    select consumer_application_no,
location,
supervision_amount,
estimate_amount,
cgst,
sgst,




    TO_DATE(
        TO_TIMESTAMP_NTZ(
            created,
            'DD-MM-YY HH12:MI:SS.FF9 AM'
        )
    )



  as created_at,
total_balance_super_amount as TOTAL_SUPV_AMOUNT,
je_return_amount,
minus_cost,
version_number
from DSP_PROJ.RAW.ERP_BUDGET_WORKFLOW_AMOUNT
  )
/* {"app": "dbt", "dbt_version": "1.12.0", "profile_name": "my_dbt_project", "target_name": "dev", "node_id": "model.my_new_project.stg_erp_budget_workflow_amount"} */;
[0m15:51:37.306028 [debug] [Thread-2 (]: SQL status: SUCCESS 1 in 1.648 seconds
[0m15:51:37.308822 [debug] [Thread-2 (]: Sending event: {'category': 'dbt', 'action': 'run_model', 'label': '2b1e7f05-1660-43c4-b2e9-8e2133c32c25', 'context': [<snowplow_tracker.self_describing_json.SelfDescribingJson object at 0x0000020D215B0AF0>]}
[0m15:51:37.309569 [info ] [Thread-2 (]: 1 of 15 OK created sql view model RAW.stg_billdesk_payment_res ................. [[32mSUCCESS 1[0m in 1.73s]
[0m15:51:37.310385 [debug] [Thread-2 (]: Finished running node model.my_new_project.stg_billdesk_payment_res
[0m15:51:37.310769 [debug] [Thread-2 (]: Began running node model.my_new_project.stg_erp_rev
[0m15:51:37.313348 [info ] [Thread-2 (]: 6 of 15 START sql view model RAW.stg_erp_rev ................................... [RUN]
[0m15:51:37.314946 [debug] [Thread-2 (]: Re-using an available connection from the pool (formerly model.my_new_project.stg_billdesk_payment_res, now model.my_new_project.stg_erp_rev)
[0m15:51:37.315335 [debug] [Thread-2 (]: Began compiling node model.my_new_project.stg_erp_rev
[0m15:51:37.318197 [debug] [Thread-2 (]: Writing injected SQL for node "model.my_new_project.stg_erp_rev"
[0m15:51:37.321996 [debug] [Thread-2 (]: Began executing node model.my_new_project.stg_erp_rev
[0m15:51:37.323392 [debug] [Thread-2 (]: Writing runtime sql for node "model.my_new_project.stg_erp_rev"
[0m15:51:37.328265 [debug] [Thread-2 (]: Using snowflake connection "model.my_new_project.stg_erp_rev"
[0m15:51:37.328836 [debug] [Thread-2 (]: On model.my_new_project.stg_erp_rev: create or replace   view DBT_PRACTICE.RAW.stg_erp_rev
  
  
  
  
  as (
    select cons_app_no,
round(sup_amt,0) as supervision_amnt,
round(est_amt,0) as estimate_amount,
cgst,sgst,
pay_amt as amount_to_pay,
location,
deposit_amt,
approved_by,




    TO_DATE(
        TO_TIMESTAMP_NTZ(
            created,
            'DD-MM-YY HH12:MI:SS.FF9 AM'
        )
    )



 as create_date

from DSP_PROJ.RAW.ERP_REV
  )
/* {"app": "dbt", "dbt_version": "1.12.0", "profile_name": "my_dbt_project", "target_name": "dev", "node_id": "model.my_new_project.stg_erp_rev"} */;
[0m15:51:37.636275 [debug] [Thread-3 (]: SQL status: SUCCESS 1 in 0.536 seconds
[0m15:51:37.640484 [debug] [Thread-3 (]: Sending event: {'category': 'dbt', 'action': 'run_model', 'label': '2b1e7f05-1660-43c4-b2e9-8e2133c32c25', 'context': [<snowplow_tracker.self_describing_json.SelfDescribingJson object at 0x0000020D216F65D0>]}
[0m15:51:37.641165 [info ] [Thread-3 (]: 5 of 15 OK created sql view model RAW.stg_erp_budget_workflow_amount ........... [[32mSUCCESS 1[0m in 0.55s]
[0m15:51:37.642055 [debug] [Thread-3 (]: Finished running node model.my_new_project.stg_erp_budget_workflow_amount
[0m15:51:37.642391 [debug] [Thread-3 (]: Began running node model.my_new_project.stg_pose_machine_d
[0m15:51:37.642798 [info ] [Thread-3 (]: 7 of 15 START sql view model RAW.stg_pose_machine_d ............................ [RUN]
[0m15:51:37.643366 [debug] [Thread-3 (]: Re-using an available connection from the pool (formerly model.my_new_project.stg_erp_budget_workflow_amount, now model.my_new_project.stg_pose_machine_d)
[0m15:51:37.644472 [debug] [Thread-3 (]: Began compiling node model.my_new_project.stg_pose_machine_d
[0m15:51:37.647846 [debug] [Thread-3 (]: Writing injected SQL for node "model.my_new_project.stg_pose_machine_d"
[0m15:51:37.653105 [debug] [Thread-3 (]: Began executing node model.my_new_project.stg_pose_machine_d
[0m15:51:37.654644 [debug] [Thread-3 (]: Writing runtime sql for node "model.my_new_project.stg_pose_machine_d"
[0m15:51:37.665566 [debug] [Thread-3 (]: Using snowflake connection "model.my_new_project.stg_pose_machine_d"
[0m15:51:37.666174 [debug] [Thread-3 (]: On model.my_new_project.stg_pose_machine_d: create or replace   view DBT_PRACTICE.RAW.stg_pose_machine_d
  
  
  
  
  as (
    select application_numbwer,
txn_amount as Tnsc_amount,




    TO_DATE(
        TO_TIMESTAMP_NTZ(
            date_of_payment,
            'DD-MM-YY HH12:MI:SS.FF9 AM'
        )
    )



 as payment_date,
payment_mode,
bank_name,
payment_type

from DSP_PROJ.RAW.POSE_MACHINE_D
  )
/* {"app": "dbt", "dbt_version": "1.12.0", "profile_name": "my_dbt_project", "target_name": "dev", "node_id": "model.my_new_project.stg_pose_machine_d"} */;
[0m15:51:37.740373 [debug] [Thread-2 (]: SQL status: SUCCESS 1 in 0.411 seconds
[0m15:51:37.743706 [debug] [Thread-2 (]: Sending event: {'category': 'dbt', 'action': 'run_model', 'label': '2b1e7f05-1660-43c4-b2e9-8e2133c32c25', 'context': [<snowplow_tracker.self_describing_json.SelfDescribingJson object at 0x0000020D215C4D00>]}
[0m15:51:37.744381 [info ] [Thread-2 (]: 6 of 15 OK created sql view model RAW.stg_erp_rev .............................. [[32mSUCCESS 1[0m in 0.43s]
[0m15:51:37.745136 [debug] [Thread-2 (]: Finished running node model.my_new_project.stg_erp_rev
[0m15:51:37.745446 [debug] [Thread-2 (]: Began running node model.my_new_project.dim_consumer
[0m15:51:37.745952 [info ] [Thread-2 (]: 8 of 15 START sql view model RAW.dim_consumer .................................. [RUN]
[0m15:51:37.746460 [debug] [Thread-2 (]: Re-using an available connection from the pool (formerly model.my_new_project.stg_erp_rev, now model.my_new_project.dim_consumer)
[0m15:51:37.746712 [debug] [Thread-2 (]: Began compiling node model.my_new_project.dim_consumer
[0m15:51:37.748050 [debug] [Thread-2 (]: Writing injected SQL for node "model.my_new_project.dim_consumer"
[0m15:51:37.753298 [debug] [Thread-2 (]: Began executing node model.my_new_project.dim_consumer
[0m15:51:37.755800 [debug] [Thread-2 (]: Writing runtime sql for node "model.my_new_project.dim_consumer"
[0m15:51:37.782973 [debug] [Thread-2 (]: Using snowflake connection "model.my_new_project.dim_consumer"
[0m15:51:37.783361 [debug] [Thread-2 (]: On model.my_new_project.dim_consumer: create or replace   view DBT_PRACTICE.RAW.dim_consumer
  
  
  
  
  as (
    SELECT DISTINCT
    CONSUMER_APPLICATION_NUMBER,
    CONSUMER_NAME,
    ADDRESS,
    CREATED_DATE,
    APPLICATION_STATUS,
    SHORT_DESCRIPTION_OF_WORK,
    NATURE_OF_WORK_ID,
    PREMISE_AREA_TYPE
FROM DBT_PRACTICE.RAW.stg_consumer_application_detail
  )
/* {"app": "dbt", "dbt_version": "1.12.0", "profile_name": "my_dbt_project", "target_name": "dev", "node_id": "model.my_new_project.dim_consumer"} */;
[0m15:51:38.320469 [debug] [Thread-4 (]: SQL status: SUCCESS 4 in 1.455 seconds
[0m15:51:38.321364 [debug] [Thread-3 (]: SQL status: SUCCESS 1 in 0.655 seconds
[0m15:51:38.324637 [debug] [Thread-2 (]: SQL status: SUCCESS 1 in 0.541 seconds
[0m15:51:38.325198 [debug] [Thread-4 (]: Sending event: {'category': 'dbt', 'action': 'run_model', 'label': '2b1e7f05-1660-43c4-b2e9-8e2133c32c25', 'context': [<snowplow_tracker.self_describing_json.SelfDescribingJson object at 0x0000020D2172CA10>]}
[0m15:51:38.327581 [debug] [Thread-3 (]: Sending event: {'category': 'dbt', 'action': 'run_model', 'label': '2b1e7f05-1660-43c4-b2e9-8e2133c32c25', 'context': [<snowplow_tracker.self_describing_json.SelfDescribingJson object at 0x0000020D2172D610>]}
[0m15:51:38.329300 [debug] [Thread-2 (]: Sending event: {'category': 'dbt', 'action': 'run_model', 'label': '2b1e7f05-1660-43c4-b2e9-8e2133c32c25', 'context': [<snowplow_tracker.self_describing_json.SelfDescribingJson object at 0x0000020D2172D9D0>]}
[0m15:51:38.329805 [info ] [Thread-4 (]: 3 of 15 OK created sql table model STAGING.stg_customers ....................... [[32mSUCCESS 4[0m in 2.74s]
[0m15:51:38.330308 [info ] [Thread-3 (]: 7 of 15 OK created sql view model RAW.stg_pose_machine_d ....................... [[32mSUCCESS 1[0m in 0.68s]
[0m15:51:38.331367 [debug] [Thread-4 (]: Finished running node model.my_new_project.stg_customers
[0m15:51:38.330864 [info ] [Thread-2 (]: 8 of 15 OK created sql view model RAW.dim_consumer ............................. [[32mSUCCESS 1[0m in 0.58s]
[0m15:51:38.331918 [debug] [Thread-3 (]: Finished running node model.my_new_project.stg_pose_machine_d
[0m15:51:38.332243 [debug] [Thread-4 (]: Began running node model.my_new_project.fact_payments
[0m15:51:38.332622 [debug] [Thread-2 (]: Finished running node model.my_new_project.dim_consumer
[0m15:51:38.332902 [debug] [Thread-3 (]: Began running node model.my_new_project.inter_consumer_bill
[0m15:51:38.333239 [info ] [Thread-4 (]: 9 of 15 START sql view model RAW.fact_payments ................................. [RUN]
[0m15:51:38.333657 [debug] [Thread-2 (]: Began running node model.my_new_project.fact_budget
[0m15:51:38.334303 [debug] [Thread-4 (]: Re-using an available connection from the pool (formerly model.my_new_project.stg_customers, now model.my_new_project.fact_payments)
[0m15:51:38.334911 [debug] [Thread-4 (]: Began compiling node model.my_new_project.fact_payments
[0m15:51:38.334001 [info ] [Thread-3 (]: 10 of 15 START sql view model RAW.inter_consumer_bill .......................... [RUN]
[0m15:51:38.336770 [debug] [Thread-4 (]: Writing injected SQL for node "model.my_new_project.fact_payments"
[0m15:51:38.334672 [info ] [Thread-2 (]: 11 of 15 START sql view model RAW.fact_budget .................................. [RUN]
[0m15:51:38.337466 [debug] [Thread-3 (]: Re-using an available connection from the pool (formerly model.my_new_project.stg_pose_machine_d, now model.my_new_project.inter_consumer_bill)
[0m15:51:38.337997 [debug] [Thread-2 (]: Re-using an available connection from the pool (formerly model.my_new_project.dim_consumer, now model.my_new_project.fact_budget)
[0m15:51:38.338350 [debug] [Thread-3 (]: Began compiling node model.my_new_project.inter_consumer_bill
[0m15:51:38.338662 [debug] [Thread-2 (]: Began compiling node model.my_new_project.fact_budget
[0m15:51:38.340267 [debug] [Thread-3 (]: Writing injected SQL for node "model.my_new_project.inter_consumer_bill"
[0m15:51:38.341493 [debug] [Thread-2 (]: Writing injected SQL for node "model.my_new_project.fact_budget"
[0m15:51:38.344339 [debug] [Thread-4 (]: Began executing node model.my_new_project.fact_payments
[0m15:51:38.346796 [debug] [Thread-4 (]: Writing runtime sql for node "model.my_new_project.fact_payments"
[0m15:51:38.347145 [debug] [Thread-3 (]: Began executing node model.my_new_project.inter_consumer_bill
[0m15:51:38.347437 [debug] [Thread-2 (]: Began executing node model.my_new_project.fact_budget
[0m15:51:38.348774 [debug] [Thread-3 (]: Writing runtime sql for node "model.my_new_project.inter_consumer_bill"
[0m15:51:38.350016 [debug] [Thread-2 (]: Writing runtime sql for node "model.my_new_project.fact_budget"
[0m15:51:38.353219 [debug] [Thread-4 (]: Using snowflake connection "model.my_new_project.fact_payments"
[0m15:51:38.353738 [debug] [Thread-4 (]: On model.my_new_project.fact_payments: create or replace   view DBT_PRACTICE.RAW.fact_payments
  
  
  
  
  as (
    SELECT
    CONSUMER_APPLICATION_NO AS CONSUMER_APPLICATION_NUMBER,
    TRANSACTION_DATE,
    MOBILE_NO,
    REG_AMOUNT,
    PAYMENT_METHOD_TYPE,
    ADDITIONAL_INFO1,
    CHARGE_AMOUNT
FROM DBT_PRACTICE.RAW.stg_billdesk_payment_res
  )
/* {"app": "dbt", "dbt_version": "1.12.0", "profile_name": "my_dbt_project", "target_name": "dev", "node_id": "model.my_new_project.fact_payments"} */;
[0m15:51:38.356901 [debug] [Thread-3 (]: Using snowflake connection "model.my_new_project.inter_consumer_bill"
[0m15:51:38.357783 [debug] [Thread-2 (]: Using snowflake connection "model.my_new_project.fact_budget"
[0m15:51:38.358147 [debug] [Thread-3 (]: On model.my_new_project.inter_consumer_bill: create or replace   view DBT_PRACTICE.RAW.inter_consumer_bill
  
  
  
  
  as (
    select 
distinct cad.CONSUMER_APPLICATION_NUMBER,
cad.CONSUMER_NAME,
cad.ADDRESS,
cad.created_date,
cad.APPLICATION_STATUS,
cad.SHORT_DESCRIPTION_OF_WORK,
cad.NATURE_OF_WORK_ID,
bpr.reg_amount,
bpr.payment_method_type,
bpr.additional_info1,
bpr.charge_amount

from DBT_PRACTICE.RAW.stg_consumer_application_detail cad left join
DBT_PRACTICE.RAW.stg_billdesk_payment_res bpr on cad.consumer_application_number=bpr.consumer_application_no
  )
/* {"app": "dbt", "dbt_version": "1.12.0", "profile_name": "my_dbt_project", "target_name": "dev", "node_id": "model.my_new_project.inter_consumer_bill"} */;
[0m15:51:38.358600 [debug] [Thread-2 (]: On model.my_new_project.fact_budget: create or replace   view DBT_PRACTICE.RAW.fact_budget
  
  
  
  
  as (
    SELECT
    distinct CONSUMER_APPLICATION_NO AS CONSUMER_APPLICATION_NUMBER,
    LOCATION,
    SUPERVISION_AMOUNT,
    ESTIMATE_AMOUNT,
    CGST,
    SGST,
    CREATED_AT,
    TOTAL_SUPV_AMOUNT,
    JE_RETURN_AMOUNT,
    MINUS_COST,
    VERSION_NUMBER
FROM DBT_PRACTICE.RAW.stg_erp_budget_workflow_amount
  )
/* {"app": "dbt", "dbt_version": "1.12.0", "profile_name": "my_dbt_project", "target_name": "dev", "node_id": "model.my_new_project.fact_budget"} */;
[0m15:51:38.667591 [debug] [Thread-5 (]: SQL status: SUCCESS 3 in 3.008 seconds
[0m15:51:38.671450 [debug] [Thread-5 (]: Sending event: {'category': 'dbt', 'action': 'run_model', 'label': '2b1e7f05-1660-43c4-b2e9-8e2133c32c25', 'context': [<snowplow_tracker.self_describing_json.SelfDescribingJson object at 0x0000020D21511910>]}
[0m15:51:38.672069 [info ] [Thread-5 (]: 4 of 15 OK created sql table model STAGING.stg_customers_check ................. [[32mSUCCESS 3[0m in 3.09s]
[0m15:51:38.672619 [debug] [Thread-5 (]: Finished running node model.my_new_project.stg_customers_check
[0m15:51:38.672912 [debug] [Thread-5 (]: Began running node model.my_new_project.inter_consumer_budget
[0m15:51:38.673279 [info ] [Thread-5 (]: 12 of 15 START sql view model RAW.inter_consumer_budget ........................ [RUN]
[0m15:51:38.673667 [debug] [Thread-5 (]: Re-using an available connection from the pool (formerly model.my_new_project.stg_customers_check, now model.my_new_project.inter_consumer_budget)
[0m15:51:38.673985 [debug] [Thread-5 (]: Began compiling node model.my_new_project.inter_consumer_budget
[0m15:51:38.675729 [debug] [Thread-5 (]: Writing injected SQL for node "model.my_new_project.inter_consumer_budget"
[0m15:51:38.680156 [debug] [Thread-5 (]: Began executing node model.my_new_project.inter_consumer_budget
[0m15:51:38.682157 [debug] [Thread-5 (]: Writing runtime sql for node "model.my_new_project.inter_consumer_budget"
[0m15:51:38.685635 [debug] [Thread-5 (]: Using snowflake connection "model.my_new_project.inter_consumer_budget"
[0m15:51:38.685973 [debug] [Thread-5 (]: On model.my_new_project.inter_consumer_budget: create or replace   view DBT_PRACTICE.RAW.inter_consumer_budget
  
  
  
  
  as (
    select distinct ebw.consumer_application_no,
ebw.total_supv_amount,
ebw.je_return_amount,
ebw.minus_cost,
ebw.version_number 
from DBT_PRACTICE.RAW.stg_erp_budget_workflow_amount ebw
  )
/* {"app": "dbt", "dbt_version": "1.12.0", "profile_name": "my_dbt_project", "target_name": "dev", "node_id": "model.my_new_project.inter_consumer_budget"} */;
[0m15:51:38.887243 [debug] [Thread-3 (]: SQL status: SUCCESS 1 in 0.528 seconds
[0m15:51:38.891089 [debug] [Thread-3 (]: Sending event: {'category': 'dbt', 'action': 'run_model', 'label': '2b1e7f05-1660-43c4-b2e9-8e2133c32c25', 'context': [<snowplow_tracker.self_describing_json.SelfDescribingJson object at 0x0000020D216EF890>]}
[0m15:51:38.891750 [info ] [Thread-3 (]: 10 of 15 OK created sql view model RAW.inter_consumer_bill ..................... [[32mSUCCESS 1[0m in 0.55s]
[0m15:51:38.892410 [debug] [Thread-3 (]: Finished running node model.my_new_project.inter_consumer_bill
[0m15:51:38.892732 [debug] [Thread-3 (]: Began running node model.my_new_project.fact_erp_rev
[0m15:51:38.893166 [info ] [Thread-3 (]: 13 of 15 START sql view model RAW.fact_erp_rev ................................. [RUN]
[0m15:51:38.893615 [debug] [Thread-3 (]: Re-using an available connection from the pool (formerly model.my_new_project.inter_consumer_bill, now model.my_new_project.fact_erp_rev)
[0m15:51:38.893859 [debug] [Thread-3 (]: Began compiling node model.my_new_project.fact_erp_rev
[0m15:51:38.897424 [debug] [Thread-3 (]: Writing injected SQL for node "model.my_new_project.fact_erp_rev"
[0m15:51:38.904081 [debug] [Thread-3 (]: Began executing node model.my_new_project.fact_erp_rev
[0m15:51:38.905764 [debug] [Thread-3 (]: Writing runtime sql for node "model.my_new_project.fact_erp_rev"
[0m15:51:38.909225 [debug] [Thread-3 (]: Using snowflake connection "model.my_new_project.fact_erp_rev"
[0m15:51:38.909537 [debug] [Thread-3 (]: On model.my_new_project.fact_erp_rev: create or replace   view DBT_PRACTICE.RAW.fact_erp_rev
  
  
  
  
  as (
    SELECT
  CONS_APP_NO AS CONSUMER_APPLICATION_NUMBER,
    SUPERVISION_AMNT,
    ESTIMATE_AMOUNT,
    CGST,
    SGST,
    AMOUNT_TO_PAY,
    LOCATION,
    DEPOSIT_AMT,
    APPROVED_BY,
    CREATE_DATE
FROM DBT_PRACTICE.RAW.stg_erp_rev
  )
/* {"app": "dbt", "dbt_version": "1.12.0", "profile_name": "my_dbt_project", "target_name": "dev", "node_id": "model.my_new_project.fact_erp_rev"} */;
[0m15:51:39.097734 [debug] [Thread-5 (]: SQL status: SUCCESS 1 in 0.411 seconds
[0m15:51:39.099426 [debug] [Thread-5 (]: Sending event: {'category': 'dbt', 'action': 'run_model', 'label': '2b1e7f05-1660-43c4-b2e9-8e2133c32c25', 'context': [<snowplow_tracker.self_describing_json.SelfDescribingJson object at 0x0000020D2173B4D0>]}
[0m15:51:39.099859 [info ] [Thread-5 (]: 12 of 15 OK created sql view model RAW.inter_consumer_budget ................... [[32mSUCCESS 1[0m in 0.43s]
[0m15:51:39.100347 [debug] [Thread-5 (]: Finished running node model.my_new_project.inter_consumer_budget
[0m15:51:39.100585 [debug] [Thread-5 (]: Began running node model.my_new_project.fact_pose_machine_d
[0m15:51:39.100987 [info ] [Thread-5 (]: 14 of 15 START sql view model RAW.fact_pose_machine_d .......................... [RUN]
[0m15:51:39.101818 [debug] [Thread-5 (]: Re-using an available connection from the pool (formerly model.my_new_project.inter_consumer_budget, now model.my_new_project.fact_pose_machine_d)
[0m15:51:39.102607 [debug] [Thread-5 (]: Began compiling node model.my_new_project.fact_pose_machine_d
[0m15:51:39.105007 [debug] [Thread-5 (]: Writing injected SQL for node "model.my_new_project.fact_pose_machine_d"
[0m15:51:39.108845 [debug] [Thread-5 (]: Began executing node model.my_new_project.fact_pose_machine_d
[0m15:51:39.110258 [debug] [Thread-5 (]: Writing runtime sql for node "model.my_new_project.fact_pose_machine_d"
[0m15:51:39.113789 [debug] [Thread-5 (]: Using snowflake connection "model.my_new_project.fact_pose_machine_d"
[0m15:51:39.114086 [debug] [Thread-5 (]: On model.my_new_project.fact_pose_machine_d: create or replace   view DBT_PRACTICE.RAW.fact_pose_machine_d
  
  
  
  
  as (
    SELECT
    APPLICATION_NUMBWER AS CONSUMER_APPLICATION_NUMBER,
    TNSC_AMOUNT,
    PAYMENT_DATE,
    PAYMENT_MODE,
    BANK_NAME,
    PAYMENT_TYPE
FROM DBT_PRACTICE.RAW.stg_pose_machine_d
  )
/* {"app": "dbt", "dbt_version": "1.12.0", "profile_name": "my_dbt_project", "target_name": "dev", "node_id": "model.my_new_project.fact_pose_machine_d"} */;
[0m15:51:39.485645 [debug] [Thread-2 (]: SQL status: SUCCESS 1 in 1.126 seconds
[0m15:51:39.489157 [debug] [Thread-4 (]: SQL status: SUCCESS 1 in 1.135 seconds
[0m15:51:39.491033 [debug] [Thread-4 (]: Sending event: {'category': 'dbt', 'action': 'run_model', 'label': '2b1e7f05-1660-43c4-b2e9-8e2133c32c25', 'context': [<snowplow_tracker.self_describing_json.SelfDescribingJson object at 0x0000020D216EE3F0>]}
[0m15:51:39.488645 [debug] [Thread-2 (]: Sending event: {'category': 'dbt', 'action': 'run_model', 'label': '2b1e7f05-1660-43c4-b2e9-8e2133c32c25', 'context': [<snowplow_tracker.self_describing_json.SelfDescribingJson object at 0x0000020D2173B410>]}
[0m15:51:39.491678 [info ] [Thread-4 (]: 9 of 15 OK created sql view model RAW.fact_payments ............................ [[32mSUCCESS 1[0m in 1.16s]
[0m15:51:39.492606 [debug] [Thread-4 (]: Finished running node model.my_new_project.fact_payments
[0m15:51:39.492883 [debug] [Thread-4 (]: Began running node model.my_new_project.inter_consumer_erp_posemachine
[0m15:51:39.492156 [info ] [Thread-2 (]: 11 of 15 OK created sql view model RAW.fact_budget ............................. [[32mSUCCESS 1[0m in 1.15s]
[0m15:51:39.493658 [debug] [Thread-2 (]: Finished running node model.my_new_project.fact_budget
[0m15:51:39.493210 [info ] [Thread-4 (]: 15 of 15 START sql view model RAW.inter_consumer_erp_posemachine ............... [RUN]
[0m15:51:39.494087 [debug] [Thread-4 (]: Re-using an available connection from the pool (formerly model.my_new_project.fact_payments, now model.my_new_project.inter_consumer_erp_posemachine)
[0m15:51:39.494321 [debug] [Thread-4 (]: Began compiling node model.my_new_project.inter_consumer_erp_posemachine
[0m15:51:39.495586 [debug] [Thread-4 (]: Writing injected SQL for node "model.my_new_project.inter_consumer_erp_posemachine"
[0m15:51:39.498692 [debug] [Thread-4 (]: Began executing node model.my_new_project.inter_consumer_erp_posemachine
[0m15:51:39.500127 [debug] [Thread-4 (]: Writing runtime sql for node "model.my_new_project.inter_consumer_erp_posemachine"
[0m15:51:39.503365 [debug] [Thread-4 (]: Using snowflake connection "model.my_new_project.inter_consumer_erp_posemachine"
[0m15:51:39.503661 [debug] [Thread-4 (]: On model.my_new_project.inter_consumer_erp_posemachine: create or replace   view DBT_PRACTICE.RAW.inter_consumer_erp_posemachine
  
  
  
  
  as (
    select distinct er.cons_app_no,supervision_amnt,
estimate_amount,
cgst,
sgst,
amount_to_pay,
location,
deposit_amt,
Tnsc_amount,
payment_date,
payment_mode,
bank_name,
payment_type
from 
DBT_PRACTICE.RAW.stg_erp_rev er left join
DBT_PRACTICE.RAW.stg_pose_machine_d pd on er.cons_app_no=pd.application_numbwer
  )
/* {"app": "dbt", "dbt_version": "1.12.0", "profile_name": "my_dbt_project", "target_name": "dev", "node_id": "model.my_new_project.inter_consumer_erp_posemachine"} */;
[0m15:51:39.586494 [debug] [Thread-3 (]: SQL status: SUCCESS 1 in 0.677 seconds
[0m15:51:39.588352 [debug] [Thread-3 (]: Sending event: {'category': 'dbt', 'action': 'run_model', 'label': '2b1e7f05-1660-43c4-b2e9-8e2133c32c25', 'context': [<snowplow_tracker.self_describing_json.SelfDescribingJson object at 0x0000020D2173AB10>]}
[0m15:51:39.588773 [info ] [Thread-3 (]: 13 of 15 OK created sql view model RAW.fact_erp_rev ............................ [[32mSUCCESS 1[0m in 0.69s]
[0m15:51:39.589200 [debug] [Thread-3 (]: Finished running node model.my_new_project.fact_erp_rev
[0m15:51:39.687418 [debug] [Thread-5 (]: SQL status: SUCCESS 1 in 0.573 seconds
[0m15:51:39.693245 [debug] [Thread-5 (]: Sending event: {'category': 'dbt', 'action': 'run_model', 'label': '2b1e7f05-1660-43c4-b2e9-8e2133c32c25', 'context': [<snowplow_tracker.self_describing_json.SelfDescribingJson object at 0x0000020D2173BE30>]}
[0m15:51:39.694030 [info ] [Thread-5 (]: 14 of 15 OK created sql view model RAW.fact_pose_machine_d ..................... [[32mSUCCESS 1[0m in 0.59s]
[0m15:51:39.695066 [debug] [Thread-5 (]: Finished running node model.my_new_project.fact_pose_machine_d
[0m15:51:40.116662 [debug] [Thread-4 (]: SQL status: SUCCESS 1 in 0.613 seconds
[0m15:51:40.119539 [debug] [Thread-4 (]: Sending event: {'category': 'dbt', 'action': 'run_model', 'label': '2b1e7f05-1660-43c4-b2e9-8e2133c32c25', 'context': [<snowplow_tracker.self_describing_json.SelfDescribingJson object at 0x0000020D2172C170>]}
[0m15:51:40.119986 [info ] [Thread-4 (]: 15 of 15 OK created sql view model RAW.inter_consumer_erp_posemachine .......... [[32mSUCCESS 1[0m in 0.63s]
[0m15:51:40.120574 [debug] [Thread-4 (]: Finished running node model.my_new_project.inter_consumer_erp_posemachine
[0m15:51:40.122748 [debug] [MainThread]: Connection 'master' was properly closed.
[0m15:51:40.122979 [debug] [MainThread]: Connection 'list_DBT_PRACTICE' was left open.
[0m15:51:40.123198 [debug] [MainThread]: On list_DBT_PRACTICE: Close
[0m15:51:41.032942 [debug] [MainThread]: Connection 'list_DBT_PRACTICE' was left open.
[0m15:51:41.033716 [debug] [MainThread]: On list_DBT_PRACTICE: Close
[0m15:51:41.677265 [debug] [MainThread]: Connection 'list_DBT_PRACTICE_STAGING' was left open.
[0m15:51:41.678835 [debug] [MainThread]: On list_DBT_PRACTICE_STAGING: Close
[0m15:51:42.209155 [debug] [MainThread]: Connection 'list_DBT_PRACTICE_SNAPSHOTS' was left open.
[0m15:51:42.209958 [debug] [MainThread]: On list_DBT_PRACTICE_SNAPSHOTS: Close
[0m15:51:42.897977 [debug] [MainThread]: Connection 'list_DBT_PRACTICE_RAW' was left open.
[0m15:51:42.900377 [debug] [MainThread]: On list_DBT_PRACTICE_RAW: Close
[0m15:51:43.544839 [debug] [MainThread]: Connection 'model.my_new_project.fact_budget' was left open.
[0m15:51:43.545232 [debug] [MainThread]: On model.my_new_project.fact_budget: Close
[0m15:51:44.197725 [debug] [MainThread]: Connection 'model.my_new_project.fact_erp_rev' was left open.
[0m15:51:44.198049 [debug] [MainThread]: On model.my_new_project.fact_erp_rev: Close
[0m15:51:44.911745 [debug] [MainThread]: Connection 'model.my_new_project.fact_pose_machine_d' was left open.
[0m15:51:44.912718 [debug] [MainThread]: On model.my_new_project.fact_pose_machine_d: Close
[0m15:51:45.725226 [debug] [MainThread]: Connection 'model.my_new_project.inter_consumer_erp_posemachine' was left open.
[0m15:51:45.725684 [debug] [MainThread]: On model.my_new_project.inter_consumer_erp_posemachine: Close
[0m15:51:46.446499 [info ] [MainThread]: 
[0m15:51:46.446973 [info ] [MainThread]: Finished running 2 table models, 13 view models in 0 hours 0 minutes and 15.29 seconds (15.29s).
[0m15:51:46.448621 [debug] [MainThread]: Command end result
[0m15:51:46.490277 [debug] [MainThread]: Wrote artifact WritableManifest to C:\Arjun_dbt_project\old_dbt_project\target\manifest.json
[0m15:51:46.496514 [debug] [MainThread]: Wrote artifact SemanticManifest to C:\Arjun_dbt_project\old_dbt_project\target\semantic_manifest.json
[0m15:51:46.502624 [debug] [MainThread]: Wrote artifact OsiDocument to C:\Arjun_dbt_project\old_dbt_project\target\osi_document.json
[0m15:51:46.515402 [debug] [MainThread]: Wrote artifact RunExecutionResult to C:\Arjun_dbt_project\old_dbt_project\target\run_results.json
[0m15:51:46.515742 [info ] [MainThread]: 
[0m15:51:46.516160 [info ] [MainThread]: [32mCompleted successfully[0m
[0m15:51:46.516467 [info ] [MainThread]: 
[0m15:51:46.516772 [info ] [MainThread]: Done. PASS=15 WARN=0 ERROR=0 SKIP=0 NO-OP=0 REUSED=0 TOTAL=15
[0m15:51:46.517479 [debug] [MainThread]: Command `dbt run` succeeded at 15:51:46.517385 after 20.65 seconds
[0m15:51:46.517788 [debug] [MainThread]: Sending event: {'category': 'dbt', 'action': 'invocation', 'label': 'end', 'context': [<snowplow_tracker.self_describing_json.SelfDescribingJson object at 0x0000020D18B0D670>, <snowplow_tracker.self_describing_json.SelfDescribingJson object at 0x0000020D1C486450>, <snowplow_tracker.self_describing_json.SelfDescribingJson object at 0x0000020D216EE1B0>]}
[0m15:51:46.518072 [debug] [MainThread]: Flushing usage events
[0m15:51:48.798335 [debug] [MainThread]: An error was encountered while trying to flush usage events
[0m17:47:22.406629 [debug] [MainThread]: Sending event: {'category': 'dbt', 'action': 'invocation', 'label': 'start', 'context': [<snowplow_tracker.self_describing_json.SelfDescribingJson object at 0x00000267CC6C5160>, <snowplow_tracker.self_describing_json.SelfDescribingJson object at 0x00000267C94D1450>, <snowplow_tracker.self_describing_json.SelfDescribingJson object at 0x00000267CEE33C50>]}


============================== 17:47:22.423243 | 23254cd0-cb33-479e-9376-fc7c46784aca ==============================
[0m17:47:22.423243 [info ] [MainThread]: Running with dbt=1.12.0
[0m17:47:22.423765 [debug] [MainThread]: running dbt with arguments {'version_check': 'True', 'no_print': 'None', 'static_parser': 'True', 'target_path': 'None', 'warn_error_options': 'WarnErrorOptionsV2(error=[], warn=[], silence=[])', 'maximum_seed_size_mib': '1', 'printer_width': '80', 'write_json': 'True', 'empty': 'False', 'log_cache_events': 'False', 'introspect': 'True', 'cache_selected_only': 'False', 'log_format': 'default', 'debug': 'False', 'fail_fast': 'False', 'profiles_dir': 'C:\\Users\\HP\\.dbt', 'send_anonymous_usage_stats': 'True', 'quiet': 'False', 'warn_error': 'None', 'partial_parse': 'True', 'use_colors': 'True', 'hints_enabled': 'True', 'indirect_selection': 'eager', 'use_experimental_parser': 'False', 'invocation_command': 'dbt run --select tag:facts', 'log_path': 'C:\\Arjun_dbt_project\\old_dbt_project\\logs'}
[0m17:47:24.210509 [debug] [MainThread]: Snowflake adapter: Setting snowflake.connector to ERROR (file logging only)
[0m17:47:24.210929 [debug] [MainThread]: Snowflake adapter: Setting botocore to ERROR (file logging only)
[0m17:47:24.211173 [debug] [MainThread]: Snowflake adapter: Setting boto3 to ERROR (file logging only)
[0m17:47:25.623316 [debug] [MainThread]: Sending event: {'category': 'dbt', 'action': 'project_id', 'label': '23254cd0-cb33-479e-9376-fc7c46784aca', 'context': [<snowplow_tracker.self_describing_json.SelfDescribingJson object at 0x00000267CCD9DE00>]}
[0m17:47:25.672423 [debug] [MainThread]: Sending event: {'category': 'dbt', 'action': 'adapter_info', 'label': '23254cd0-cb33-479e-9376-fc7c46784aca', 'context': [<snowplow_tracker.self_describing_json.SelfDescribingJson object at 0x00000267CABEEF10>]}
[0m17:47:25.674482 [info ] [MainThread]: Registered adapter: snowflake=1.12.0
[0m17:47:25.946729 [debug] [MainThread]: checksum: 34d064bbf3d7c01e29a022f69428015a75a45641a9d372ee507764c8a4f69675, vars: {}, profile: my_dbt_project, target: dev, version: 1.12.0
[0m17:47:26.290944 [debug] [MainThread]: Partial parsing enabled: 0 files deleted, 0 files added, 2 files changed.
[0m17:47:26.291432 [debug] [MainThread]: Partial parsing: updated file: my_new_project://models\marts\facts\fact_erp_rev.sql
[0m17:47:26.291726 [debug] [MainThread]: Partial parsing: updated file: my_new_project://models\marts\facts\fact_budget.sql
[0m17:47:26.567031 [warn ] [MainThread]: [[33mWARNING[0m]: Configuration paths exist in your dbt_project.yml file which do not apply to any resources.
There are 5 unused configuration paths:
- models.my_new_project.MART
- models.my_new_project.MART.dimensions
- models.my_new_project.MART.facts
- models.my_new_project.STAGE
- models.my_new_project.INTERMEDIATE
[0m17:47:26.569889 [debug] [MainThread]: Sending event: {'category': 'dbt', 'action': 'load_project', 'label': '23254cd0-cb33-479e-9376-fc7c46784aca', 'context': [<snowplow_tracker.self_describing_json.SelfDescribingJson object at 0x00000267D1D10350>]}
[0m17:47:26.729508 [debug] [MainThread]: Wrote artifact WritableManifest to C:\Arjun_dbt_project\old_dbt_project\target\manifest.json
[0m17:47:26.741278 [debug] [MainThread]: Wrote artifact SemanticManifest to C:\Arjun_dbt_project\old_dbt_project\target\semantic_manifest.json
[0m17:47:26.827424 [debug] [MainThread]: Wrote artifact OsiDocument to C:\Arjun_dbt_project\old_dbt_project\target\osi_document.json
[0m17:47:26.869574 [debug] [MainThread]: Sending event: {'category': 'dbt', 'action': 'resource_counts', 'label': '23254cd0-cb33-479e-9376-fc7c46784aca', 'context': [<snowplow_tracker.self_describing_json.SelfDescribingJson object at 0x00000267D1DF25D0>]}
[0m17:47:26.870032 [info ] [MainThread]: Found 15 models, 2 snapshots, 2 data tests, 7 sources, 547 macros
[0m17:47:26.870380 [debug] [MainThread]: Sending event: {'category': 'dbt', 'action': 'runnable_timing', 'label': '23254cd0-cb33-479e-9376-fc7c46784aca', 'context': [<snowplow_tracker.self_describing_json.SelfDescribingJson object at 0x00000267D1F983D0>]}
[0m17:47:26.871800 [info ] [MainThread]: 
[0m17:47:26.872114 [info ] [MainThread]: Concurrency: 4 threads (target='dev')
[0m17:47:26.872334 [info ] [MainThread]: 
[0m17:47:26.872686 [debug] [MainThread]: Acquiring new snowflake connection 'master'
[0m17:47:26.876442 [debug] [ThreadPool]: Acquiring new snowflake connection 'list_DBT_PRACTICE'
[0m17:47:26.892584 [debug] [ThreadPool]: Using snowflake connection "list_DBT_PRACTICE"
[0m17:47:26.892894 [debug] [ThreadPool]: On list_DBT_PRACTICE: show terse schemas in database DBT_PRACTICE
    limit 10000
/* {"app": "dbt", "dbt_version": "1.12.0", "profile_name": "my_dbt_project", "target_name": "dev", "connection_name": "list_DBT_PRACTICE"} */
[0m17:47:26.893092 [debug] [ThreadPool]: Opening a new connection, currently in state init
[0m17:47:37.957140 [debug] [ThreadPool]: SQL status: SUCCESS 5 in 11.064 seconds
[0m17:47:37.958727 [debug] [ThreadPool]: Re-using an available connection from the pool (formerly list_DBT_PRACTICE, now create_DBT_PRACTICE_MARTS)
[0m17:47:37.959108 [debug] [ThreadPool]: Creating schema "database: "DBT_PRACTICE"
schema: "MARTS"
"
[0m17:47:37.961550 [debug] [ThreadPool]: Using snowflake connection "create_DBT_PRACTICE_MARTS"
[0m17:47:37.961764 [debug] [ThreadPool]: On create_DBT_PRACTICE_MARTS: create schema if not exists DBT_PRACTICE.MARTS
/* {"app": "dbt", "dbt_version": "1.12.0", "profile_name": "my_dbt_project", "target_name": "dev", "connection_name": "create_DBT_PRACTICE_MARTS"} */
[0m17:47:38.410917 [debug] [ThreadPool]: SQL status: SUCCESS 1 in 0.449 seconds
[0m17:47:38.414321 [debug] [ThreadPool]: Acquiring new snowflake connection 'list_DBT_PRACTICE_MARTS'
[0m17:47:38.424013 [debug] [ThreadPool]: Using snowflake connection "list_DBT_PRACTICE_MARTS"
[0m17:47:38.424466 [debug] [ThreadPool]: Acquiring new snowflake connection 'list_DBT_PRACTICE_RAW'
[0m17:47:38.425518 [debug] [ThreadPool]: On list_DBT_PRACTICE_MARTS: show objects in DBT_PRACTICE.MARTS
    limit 10000
    

/* {"app": "dbt", "dbt_version": "1.12.0", "profile_name": "my_dbt_project", "target_name": "dev", "connection_name": "list_DBT_PRACTICE_MARTS"} */;
[0m17:47:38.425836 [debug] [ThreadPool]: Acquiring new snowflake connection 'list_DBT_PRACTICE_STAGING'
[0m17:47:38.426738 [debug] [ThreadPool]: Using snowflake connection "list_DBT_PRACTICE_RAW"
[0m17:47:38.427343 [debug] [ThreadPool]: Opening a new connection, currently in state init
[0m17:47:38.427663 [debug] [ThreadPool]: Acquiring new snowflake connection 'list_DBT_PRACTICE_SNAPSHOTS'
[0m17:47:38.428494 [debug] [ThreadPool]: Using snowflake connection "list_DBT_PRACTICE_STAGING"
[0m17:47:38.428758 [debug] [ThreadPool]: On list_DBT_PRACTICE_RAW: show objects in DBT_PRACTICE.RAW
    limit 10000
    

/* {"app": "dbt", "dbt_version": "1.12.0", "profile_name": "my_dbt_project", "target_name": "dev", "connection_name": "list_DBT_PRACTICE_RAW"} */;
[0m17:47:38.429923 [debug] [ThreadPool]: Using snowflake connection "list_DBT_PRACTICE_SNAPSHOTS"
[0m17:47:38.430198 [debug] [ThreadPool]: On list_DBT_PRACTICE_STAGING: show objects in DBT_PRACTICE.STAGING
    limit 10000
    

/* {"app": "dbt", "dbt_version": "1.12.0", "profile_name": "my_dbt_project", "target_name": "dev", "connection_name": "list_DBT_PRACTICE_STAGING"} */;
[0m17:47:38.430434 [debug] [ThreadPool]: Opening a new connection, currently in state init
[0m17:47:38.430667 [debug] [ThreadPool]: On list_DBT_PRACTICE_SNAPSHOTS: show objects in DBT_PRACTICE.SNAPSHOTS
    limit 10000
    

/* {"app": "dbt", "dbt_version": "1.12.0", "profile_name": "my_dbt_project", "target_name": "dev", "connection_name": "list_DBT_PRACTICE_SNAPSHOTS"} */;
[0m17:47:38.431298 [debug] [ThreadPool]: Opening a new connection, currently in state init
[0m17:47:38.431668 [debug] [ThreadPool]: Opening a new connection, currently in state init
[0m17:47:39.622972 [debug] [ThreadPool]: SQL status: SUCCESS 0 in 1.195 seconds
[0m17:47:39.628188 [debug] [ThreadPool]: Using snowflake connection "list_DBT_PRACTICE_MARTS"
[0m17:47:39.628462 [debug] [ThreadPool]: On list_DBT_PRACTICE_MARTS: show user functions in DBT_PRACTICE.MARTS
/* {"app": "dbt", "dbt_version": "1.12.0", "profile_name": "my_dbt_project", "target_name": "dev", "connection_name": "list_DBT_PRACTICE_MARTS"} */
[0m17:47:39.744044 [debug] [ThreadPool]: SQL status: SUCCESS 15 in 1.314 seconds
[0m17:47:39.744824 [debug] [ThreadPool]: SQL status: SUCCESS 2 in 1.313 seconds
[0m17:47:39.746791 [debug] [ThreadPool]: Using snowflake connection "list_DBT_PRACTICE_RAW"
[0m17:47:39.748426 [debug] [ThreadPool]: Using snowflake connection "list_DBT_PRACTICE_SNAPSHOTS"
[0m17:47:39.748704 [debug] [ThreadPool]: On list_DBT_PRACTICE_RAW: show user functions in DBT_PRACTICE.RAW
/* {"app": "dbt", "dbt_version": "1.12.0", "profile_name": "my_dbt_project", "target_name": "dev", "connection_name": "list_DBT_PRACTICE_RAW"} */
[0m17:47:39.748930 [debug] [ThreadPool]: On list_DBT_PRACTICE_SNAPSHOTS: show user functions in DBT_PRACTICE.SNAPSHOTS
/* {"app": "dbt", "dbt_version": "1.12.0", "profile_name": "my_dbt_project", "target_name": "dev", "connection_name": "list_DBT_PRACTICE_SNAPSHOTS"} */
[0m17:47:39.819048 [debug] [ThreadPool]: SQL status: SUCCESS 2 in 1.388 seconds
[0m17:47:39.821729 [debug] [ThreadPool]: Using snowflake connection "list_DBT_PRACTICE_STAGING"
[0m17:47:39.822006 [debug] [ThreadPool]: On list_DBT_PRACTICE_STAGING: show user functions in DBT_PRACTICE.STAGING
/* {"app": "dbt", "dbt_version": "1.12.0", "profile_name": "my_dbt_project", "target_name": "dev", "connection_name": "list_DBT_PRACTICE_STAGING"} */
[0m17:47:39.974961 [debug] [ThreadPool]: SQL status: SUCCESS 0 in 0.346 seconds
[0m17:47:40.091232 [debug] [ThreadPool]: SQL status: SUCCESS 0 in 0.342 seconds
[0m17:47:40.092032 [debug] [ThreadPool]: SQL status: SUCCESS 0 in 0.343 seconds
[0m17:47:40.187468 [debug] [ThreadPool]: SQL status: SUCCESS 0 in 0.365 seconds
[0m17:47:40.189337 [debug] [MainThread]: Sending event: {'category': 'dbt', 'action': 'runnable_timing', 'label': '23254cd0-cb33-479e-9376-fc7c46784aca', 'context': [<snowplow_tracker.self_describing_json.SelfDescribingJson object at 0x00000267D2146B60>]}
[0m17:47:40.201822 [debug] [Thread-2 (]: Began running node model.my_new_project.fact_budget
[0m17:47:40.202710 [debug] [Thread-3 (]: Began running node model.my_new_project.fact_erp_rev
[0m17:47:40.203631 [info ] [Thread-2 (]: 1 of 2 START sql view model MARTS.fact_budget .................................. [RUN]
[0m17:47:40.204643 [debug] [Thread-2 (]: Acquiring new snowflake connection 'model.my_new_project.fact_budget'
[0m17:47:40.204052 [info ] [Thread-3 (]: 2 of 2 START sql view model MARTS.fact_erp_rev ................................. [RUN]
[0m17:47:40.205269 [debug] [Thread-2 (]: Began compiling node model.my_new_project.fact_budget
[0m17:47:40.205638 [debug] [Thread-3 (]: Acquiring new snowflake connection 'model.my_new_project.fact_erp_rev'
[0m17:47:40.210335 [debug] [Thread-2 (]: Writing injected SQL for node "model.my_new_project.fact_budget"
[0m17:47:40.210609 [debug] [Thread-3 (]: Began compiling node model.my_new_project.fact_erp_rev
[0m17:47:40.212078 [debug] [Thread-3 (]: Writing injected SQL for node "model.my_new_project.fact_erp_rev"
[0m17:47:40.218194 [debug] [Thread-3 (]: Began executing node model.my_new_project.fact_erp_rev
[0m17:47:40.218854 [debug] [Thread-2 (]: Began executing node model.my_new_project.fact_budget
[0m17:47:40.243216 [debug] [Thread-3 (]: Writing runtime sql for node "model.my_new_project.fact_erp_rev"
[0m17:47:40.244633 [debug] [Thread-2 (]: Writing runtime sql for node "model.my_new_project.fact_budget"
[0m17:47:40.250069 [debug] [Thread-3 (]: Using snowflake connection "model.my_new_project.fact_erp_rev"
[0m17:47:40.250833 [debug] [Thread-2 (]: Using snowflake connection "model.my_new_project.fact_budget"
[0m17:47:40.251144 [debug] [Thread-3 (]: On model.my_new_project.fact_erp_rev: create or replace   view DBT_PRACTICE.MARTS.fact_erp_rev
  
  
  
  
  as (
    
SELECT
  CONS_APP_NO AS CONSUMER_APPLICATION_NUMBER,
    SUPERVISION_AMNT,
    ESTIMATE_AMOUNT,
    CGST,
    SGST,
    AMOUNT_TO_PAY,
    LOCATION,
    DEPOSIT_AMT,
    APPROVED_BY,
    CREATE_DATE
FROM DBT_PRACTICE.RAW.stg_erp_rev
  )
/* {"app": "dbt", "dbt_version": "1.12.0", "profile_name": "my_dbt_project", "target_name": "dev", "node_id": "model.my_new_project.fact_erp_rev"} */;
[0m17:47:40.251579 [debug] [Thread-2 (]: On model.my_new_project.fact_budget: create or replace   view DBT_PRACTICE.MARTS.fact_budget
  
  
  
  
  as (
    

SELECT
    distinct CONSUMER_APPLICATION_NO AS CONSUMER_APPLICATION_NUMBER,
    LOCATION,
    SUPERVISION_AMOUNT,
    ESTIMATE_AMOUNT,
    CGST,
    SGST,
    CREATED_AT,
    TOTAL_SUPV_AMOUNT,
    JE_RETURN_AMOUNT,
    MINUS_COST,
    VERSION_NUMBER
FROM DBT_PRACTICE.RAW.stg_erp_budget_workflow_amount
  )
/* {"app": "dbt", "dbt_version": "1.12.0", "profile_name": "my_dbt_project", "target_name": "dev", "node_id": "model.my_new_project.fact_budget"} */;
[0m17:47:40.251904 [debug] [Thread-3 (]: Opening a new connection, currently in state init
[0m17:47:40.252197 [debug] [Thread-2 (]: Opening a new connection, currently in state init
[0m17:47:42.131677 [debug] [Thread-2 (]: SQL status: SUCCESS 1 in 1.879 seconds
[0m17:47:42.149922 [debug] [Thread-3 (]: SQL status: SUCCESS 1 in 1.898 seconds
[0m17:47:42.154086 [debug] [Thread-2 (]: Sending event: {'category': 'dbt', 'action': 'run_model', 'label': '23254cd0-cb33-479e-9376-fc7c46784aca', 'context': [<snowplow_tracker.self_describing_json.SelfDescribingJson object at 0x00000267D21C6750>]}
[0m17:47:42.154419 [debug] [Thread-3 (]: Sending event: {'category': 'dbt', 'action': 'run_model', 'label': '23254cd0-cb33-479e-9376-fc7c46784aca', 'context': [<snowplow_tracker.self_describing_json.SelfDescribingJson object at 0x00000267D234CCB0>]}
[0m17:47:42.154877 [info ] [Thread-2 (]: 1 of 2 OK created sql view model MARTS.fact_budget ............................. [[32mSUCCESS 1[0m in 1.94s]
[0m17:47:42.155845 [debug] [Thread-2 (]: Finished running node model.my_new_project.fact_budget
[0m17:47:42.155326 [info ] [Thread-3 (]: 2 of 2 OK created sql view model MARTS.fact_erp_rev ............................ [[32mSUCCESS 1[0m in 1.95s]
[0m17:47:42.156371 [debug] [Thread-3 (]: Finished running node model.my_new_project.fact_erp_rev
[0m17:47:42.157531 [debug] [MainThread]: Connection 'master' was properly closed.
[0m17:47:42.157785 [debug] [MainThread]: Connection 'create_DBT_PRACTICE_MARTS' was left open.
[0m17:47:42.158043 [debug] [MainThread]: On create_DBT_PRACTICE_MARTS: Close
[0m17:47:42.813342 [debug] [MainThread]: Connection 'list_DBT_PRACTICE_MARTS' was left open.
[0m17:47:42.813732 [debug] [MainThread]: On list_DBT_PRACTICE_MARTS: Close
[0m17:47:43.405559 [debug] [MainThread]: Connection 'list_DBT_PRACTICE_RAW' was left open.
[0m17:47:43.406594 [debug] [MainThread]: On list_DBT_PRACTICE_RAW: Close
[0m17:47:44.256374 [debug] [MainThread]: Connection 'list_DBT_PRACTICE_STAGING' was left open.
[0m17:47:44.257025 [debug] [MainThread]: On list_DBT_PRACTICE_STAGING: Close
[0m17:47:44.837097 [debug] [MainThread]: Connection 'list_DBT_PRACTICE_SNAPSHOTS' was left open.
[0m17:47:44.837775 [debug] [MainThread]: On list_DBT_PRACTICE_SNAPSHOTS: Close
[0m17:47:45.470432 [debug] [MainThread]: Connection 'model.my_new_project.fact_budget' was left open.
[0m17:47:45.471108 [debug] [MainThread]: On model.my_new_project.fact_budget: Close
[0m17:47:46.062073 [debug] [MainThread]: Connection 'model.my_new_project.fact_erp_rev' was left open.
[0m17:47:46.062395 [debug] [MainThread]: On model.my_new_project.fact_erp_rev: Close
[0m17:47:46.652160 [info ] [MainThread]: 
[0m17:47:46.652985 [info ] [MainThread]: Finished running 2 view models in 0 hours 0 minutes and 19.78 seconds (19.78s).
[0m17:47:46.654060 [debug] [MainThread]: Command end result
[0m17:47:46.697840 [debug] [MainThread]: Wrote artifact WritableManifest to C:\Arjun_dbt_project\old_dbt_project\target\manifest.json
[0m17:47:46.702446 [debug] [MainThread]: Wrote artifact SemanticManifest to C:\Arjun_dbt_project\old_dbt_project\target\semantic_manifest.json
[0m17:47:46.706433 [debug] [MainThread]: Wrote artifact OsiDocument to C:\Arjun_dbt_project\old_dbt_project\target\osi_document.json
[0m17:47:46.714287 [debug] [MainThread]: Wrote artifact RunExecutionResult to C:\Arjun_dbt_project\old_dbt_project\target\run_results.json
[0m17:47:46.714587 [info ] [MainThread]: 
[0m17:47:46.714972 [info ] [MainThread]: [32mCompleted successfully[0m
[0m17:47:46.715297 [info ] [MainThread]: 
[0m17:47:46.715909 [info ] [MainThread]: Done. PASS=2 WARN=0 ERROR=0 SKIP=0 NO-OP=0 REUSED=0 TOTAL=2
[0m17:47:46.717151 [debug] [MainThread]: Command `dbt run` succeeded at 17:47:46.717020 after 24.50 seconds
[0m17:47:46.717557 [debug] [MainThread]: Sending event: {'category': 'dbt', 'action': 'invocation', 'label': 'end', 'context': [<snowplow_tracker.self_describing_json.SelfDescribingJson object at 0x00000267D21FAFD0>, <snowplow_tracker.self_describing_json.SelfDescribingJson object at 0x00000267D200B410>, <snowplow_tracker.self_describing_json.SelfDescribingJson object at 0x00000267D0C08FD0>]}
[0m17:47:46.717970 [debug] [MainThread]: Flushing usage events
[0m17:47:48.444582 [debug] [MainThread]: An error was encountered while trying to flush usage events
[0m17:52:10.481895 [debug] [MainThread]: Sending event: {'category': 'dbt', 'action': 'invocation', 'label': 'start', 'context': [<snowplow_tracker.self_describing_json.SelfDescribingJson object at 0x00000248F2AC5160>, <snowplow_tracker.self_describing_json.SelfDescribingJson object at 0x00000248EF931450>, <snowplow_tracker.self_describing_json.SelfDescribingJson object at 0x00000248F5223C50>]}


============================== 17:52:10.490625 | e99c47c1-1e06-45bf-8641-f3b46271d0ea ==============================
[0m17:52:10.490625 [info ] [MainThread]: Running with dbt=1.12.0
[0m17:52:10.491115 [debug] [MainThread]: running dbt with arguments {'maximum_seed_size_mib': '1', 'no_print': 'None', 'version_check': 'True', 'target_path': 'None', 'warn_error_options': 'WarnErrorOptionsV2(error=[], warn=[], silence=[])', 'static_parser': 'True', 'printer_width': '80', 'write_json': 'True', 'empty': 'False', 'log_cache_events': 'False', 'introspect': 'True', 'cache_selected_only': 'False', 'log_format': 'default', 'debug': 'False', 'fail_fast': 'False', 'partial_parse': 'True', 'send_anonymous_usage_stats': 'True', 'quiet': 'False', 'warn_error': 'None', 'profiles_dir': 'C:\\Users\\HP\\.dbt', 'indirect_selection': 'eager', 'hints_enabled': 'True', 'invocation_command': 'dbt run --select tag:daily', 'use_experimental_parser': 'False', 'use_colors': 'True', 'log_path': 'C:\\Arjun_dbt_project\\old_dbt_project\\logs'}
[0m17:52:11.314134 [debug] [MainThread]: Snowflake adapter: Setting snowflake.connector to ERROR (file logging only)
[0m17:52:11.314642 [debug] [MainThread]: Snowflake adapter: Setting botocore to ERROR (file logging only)
[0m17:52:11.314890 [debug] [MainThread]: Snowflake adapter: Setting boto3 to ERROR (file logging only)
[0m17:52:11.576021 [debug] [MainThread]: Sending event: {'category': 'dbt', 'action': 'project_id', 'label': 'e99c47c1-1e06-45bf-8641-f3b46271d0ea', 'context': [<snowplow_tracker.self_describing_json.SelfDescribingJson object at 0x00000248F318DE00>]}
[0m17:52:11.625032 [debug] [MainThread]: Sending event: {'category': 'dbt', 'action': 'adapter_info', 'label': 'e99c47c1-1e06-45bf-8641-f3b46271d0ea', 'context': [<snowplow_tracker.self_describing_json.SelfDescribingJson object at 0x00000248F0FEEF10>]}
[0m17:52:11.626178 [info ] [MainThread]: Registered adapter: snowflake=1.12.0
[0m17:52:11.866119 [debug] [MainThread]: checksum: 34d064bbf3d7c01e29a022f69428015a75a45641a9d372ee507764c8a4f69675, vars: {}, profile: my_dbt_project, target: dev, version: 1.12.0
[0m17:52:11.984249 [warn ] [MainThread]: [[33mWARNING[0m][CustomKeyInConfigDeprecation]: Deprecated functionality
Custom key `materialized` found in `config` at path
`models[0].columns[2].config` in file `models\schema.yml`. Custom config keys
should move into the `config.meta`.
[0m17:52:11.984863 [debug] [MainThread]: Sending event: {'category': 'dbt', 'action': 'deprecation', 'label': 'e99c47c1-1e06-45bf-8641-f3b46271d0ea', 'property_': 'warn', 'context': [<snowplow_tracker.self_describing_json.SelfDescribingJson object at 0x00000248F718DC50>]}
[0m17:52:12.048096 [debug] [MainThread]: Partial parsing enabled: 0 files deleted, 0 files added, 1 files changed.
[0m17:52:12.048661 [debug] [MainThread]: Partial parsing: updated file: my_new_project://models\schema.yml
[0m17:52:12.512655 [warn ] [MainThread]: [[33mWARNING[0m]: Configuration paths exist in your dbt_project.yml file which do not apply to any resources.
There are 5 unused configuration paths:
- models.my_new_project.MART.dimensions
- models.my_new_project.INTERMEDIATE
- models.my_new_project.MART.facts
- models.my_new_project.STAGE
- models.my_new_project.MART
[0m17:52:12.515638 [debug] [MainThread]: Sending event: {'category': 'dbt', 'action': 'load_project', 'label': 'e99c47c1-1e06-45bf-8641-f3b46271d0ea', 'context': [<snowplow_tracker.self_describing_json.SelfDescribingJson object at 0x00000248F7257F20>]}
[0m17:52:12.636533 [debug] [MainThread]: Wrote artifact WritableManifest to C:\Arjun_dbt_project\old_dbt_project\target\manifest.json
[0m17:52:12.642636 [debug] [MainThread]: Wrote artifact SemanticManifest to C:\Arjun_dbt_project\old_dbt_project\target\semantic_manifest.json
[0m17:52:12.679855 [debug] [MainThread]: Wrote artifact OsiDocument to C:\Arjun_dbt_project\old_dbt_project\target\osi_document.json
[0m17:52:12.712049 [debug] [MainThread]: Sending event: {'category': 'dbt', 'action': 'resource_counts', 'label': 'e99c47c1-1e06-45bf-8641-f3b46271d0ea', 'context': [<snowplow_tracker.self_describing_json.SelfDescribingJson object at 0x00000248F724EA50>]}
[0m17:52:12.712617 [info ] [MainThread]: Found 15 models, 2 snapshots, 2 data tests, 7 sources, 547 macros
[0m17:52:12.713101 [debug] [MainThread]: Sending event: {'category': 'dbt', 'action': 'runnable_timing', 'label': 'e99c47c1-1e06-45bf-8641-f3b46271d0ea', 'context': [<snowplow_tracker.self_describing_json.SelfDescribingJson object at 0x00000248F867FA00>]}
[0m17:52:12.715359 [info ] [MainThread]: 
[0m17:52:12.715795 [info ] [MainThread]: Concurrency: 4 threads (target='dev')
[0m17:52:12.716060 [info ] [MainThread]: 
[0m17:52:12.716467 [debug] [MainThread]: Acquiring new snowflake connection 'master'
[0m17:52:12.721588 [debug] [ThreadPool]: Acquiring new snowflake connection 'list_DBT_PRACTICE'
[0m17:52:12.732763 [debug] [ThreadPool]: Using snowflake connection "list_DBT_PRACTICE"
[0m17:52:12.733113 [debug] [ThreadPool]: On list_DBT_PRACTICE: show terse schemas in database DBT_PRACTICE
    limit 10000
/* {"app": "dbt", "dbt_version": "1.12.0", "profile_name": "my_dbt_project", "target_name": "dev", "connection_name": "list_DBT_PRACTICE"} */
[0m17:52:12.733329 [debug] [ThreadPool]: Opening a new connection, currently in state init
[0m17:52:14.445713 [debug] [ThreadPool]: SQL status: SUCCESS 6 in 1.712 seconds
[0m17:52:14.450161 [debug] [ThreadPool]: Acquiring new snowflake connection 'list_DBT_PRACTICE_RAW'
[0m17:52:14.463538 [debug] [ThreadPool]: Using snowflake connection "list_DBT_PRACTICE_RAW"
[0m17:52:14.464060 [debug] [ThreadPool]: Acquiring new snowflake connection 'list_DBT_PRACTICE_SNAPSHOTS'
[0m17:52:14.464355 [debug] [ThreadPool]: On list_DBT_PRACTICE_RAW: show objects in DBT_PRACTICE.RAW
    limit 10000
    

/* {"app": "dbt", "dbt_version": "1.12.0", "profile_name": "my_dbt_project", "target_name": "dev", "connection_name": "list_DBT_PRACTICE_RAW"} */;
[0m17:52:14.466000 [debug] [ThreadPool]: Using snowflake connection "list_DBT_PRACTICE_SNAPSHOTS"
[0m17:52:14.466552 [debug] [ThreadPool]: Acquiring new snowflake connection 'list_DBT_PRACTICE_MARTS'
[0m17:52:14.466865 [debug] [ThreadPool]: Opening a new connection, currently in state init
[0m17:52:14.474324 [debug] [ThreadPool]: On list_DBT_PRACTICE_SNAPSHOTS: show objects in DBT_PRACTICE.SNAPSHOTS
    limit 10000
    

/* {"app": "dbt", "dbt_version": "1.12.0", "profile_name": "my_dbt_project", "target_name": "dev", "connection_name": "list_DBT_PRACTICE_SNAPSHOTS"} */;
[0m17:52:14.474850 [debug] [ThreadPool]: Acquiring new snowflake connection 'list_DBT_PRACTICE_STAGING'
[0m17:52:14.476233 [debug] [ThreadPool]: Using snowflake connection "list_DBT_PRACTICE_MARTS"
[0m17:52:14.476661 [debug] [ThreadPool]: Opening a new connection, currently in state init
[0m17:52:14.477740 [debug] [ThreadPool]: Using snowflake connection "list_DBT_PRACTICE_STAGING"
[0m17:52:14.478188 [debug] [ThreadPool]: On list_DBT_PRACTICE_MARTS: show objects in DBT_PRACTICE.MARTS
    limit 10000
    

/* {"app": "dbt", "dbt_version": "1.12.0", "profile_name": "my_dbt_project", "target_name": "dev", "connection_name": "list_DBT_PRACTICE_MARTS"} */;
[0m17:52:14.479228 [debug] [ThreadPool]: On list_DBT_PRACTICE_STAGING: show objects in DBT_PRACTICE.STAGING
    limit 10000
    

/* {"app": "dbt", "dbt_version": "1.12.0", "profile_name": "my_dbt_project", "target_name": "dev", "connection_name": "list_DBT_PRACTICE_STAGING"} */;
[0m17:52:14.479590 [debug] [ThreadPool]: Opening a new connection, currently in state init
[0m17:52:14.480237 [debug] [ThreadPool]: Opening a new connection, currently in state init
[0m17:52:15.739520 [debug] [ThreadPool]: SQL status: SUCCESS 2 in 1.259 seconds
[0m17:52:15.746435 [debug] [ThreadPool]: Using snowflake connection "list_DBT_PRACTICE_STAGING"
[0m17:52:15.746720 [debug] [ThreadPool]: On list_DBT_PRACTICE_STAGING: show user functions in DBT_PRACTICE.STAGING
/* {"app": "dbt", "dbt_version": "1.12.0", "profile_name": "my_dbt_project", "target_name": "dev", "connection_name": "list_DBT_PRACTICE_STAGING"} */
[0m17:52:15.898204 [debug] [ThreadPool]: SQL status: SUCCESS 15 in 1.431 seconds
[0m17:52:15.900315 [debug] [ThreadPool]: Using snowflake connection "list_DBT_PRACTICE_RAW"
[0m17:52:15.900581 [debug] [ThreadPool]: On list_DBT_PRACTICE_RAW: show user functions in DBT_PRACTICE.RAW
/* {"app": "dbt", "dbt_version": "1.12.0", "profile_name": "my_dbt_project", "target_name": "dev", "connection_name": "list_DBT_PRACTICE_RAW"} */
[0m17:52:15.901886 [debug] [ThreadPool]: SQL status: SUCCESS 2 in 1.425 seconds
[0m17:52:15.903689 [debug] [ThreadPool]: Using snowflake connection "list_DBT_PRACTICE_SNAPSHOTS"
[0m17:52:15.903996 [debug] [ThreadPool]: On list_DBT_PRACTICE_SNAPSHOTS: show user functions in DBT_PRACTICE.SNAPSHOTS
/* {"app": "dbt", "dbt_version": "1.12.0", "profile_name": "my_dbt_project", "target_name": "dev", "connection_name": "list_DBT_PRACTICE_SNAPSHOTS"} */
[0m17:52:16.051294 [debug] [ThreadPool]: SQL status: SUCCESS 2 in 1.572 seconds
[0m17:52:16.054850 [debug] [ThreadPool]: Using snowflake connection "list_DBT_PRACTICE_MARTS"
[0m17:52:16.055144 [debug] [ThreadPool]: On list_DBT_PRACTICE_MARTS: show user functions in DBT_PRACTICE.MARTS
/* {"app": "dbt", "dbt_version": "1.12.0", "profile_name": "my_dbt_project", "target_name": "dev", "connection_name": "list_DBT_PRACTICE_MARTS"} */
[0m17:52:16.102438 [debug] [ThreadPool]: SQL status: SUCCESS 0 in 0.355 seconds
[0m17:52:16.260323 [debug] [ThreadPool]: SQL status: SUCCESS 0 in 0.359 seconds
[0m17:52:16.265809 [debug] [ThreadPool]: SQL status: SUCCESS 0 in 0.362 seconds
[0m17:52:16.295726 [debug] [ThreadPool]: SQL status: SUCCESS 0 in 0.240 seconds
[0m17:52:16.298607 [debug] [MainThread]: Sending event: {'category': 'dbt', 'action': 'runnable_timing', 'label': 'e99c47c1-1e06-45bf-8641-f3b46271d0ea', 'context': [<snowplow_tracker.self_describing_json.SelfDescribingJson object at 0x00000248F8650650>]}
[0m17:52:16.311152 [debug] [Thread-3 (]: Began running node model.my_new_project.fact_erp_rev
[0m17:52:16.311620 [info ] [Thread-3 (]: 2 of 2 START sql view model MARTS.fact_erp_rev ................................. [RUN]
[0m17:52:16.312111 [debug] [Thread-2 (]: Began running node model.my_new_project.fact_budget
[0m17:52:16.312513 [debug] [Thread-3 (]: Acquiring new snowflake connection 'model.my_new_project.fact_erp_rev'
[0m17:52:16.312833 [info ] [Thread-2 (]: 1 of 2 START sql view model MARTS.fact_budget .................................. [RUN]
[0m17:52:16.313122 [debug] [Thread-3 (]: Began compiling node model.my_new_project.fact_erp_rev
[0m17:52:16.313435 [debug] [Thread-2 (]: Acquiring new snowflake connection 'model.my_new_project.fact_budget'
[0m17:52:16.317507 [debug] [Thread-3 (]: Writing injected SQL for node "model.my_new_project.fact_erp_rev"
[0m17:52:16.317765 [debug] [Thread-2 (]: Began compiling node model.my_new_project.fact_budget
[0m17:52:16.320778 [debug] [Thread-2 (]: Writing injected SQL for node "model.my_new_project.fact_budget"
[0m17:52:16.325126 [debug] [Thread-2 (]: Began executing node model.my_new_project.fact_budget
[0m17:52:16.325474 [debug] [Thread-3 (]: Began executing node model.my_new_project.fact_erp_rev
[0m17:52:16.344607 [debug] [Thread-2 (]: Writing runtime sql for node "model.my_new_project.fact_budget"
[0m17:52:16.345939 [debug] [Thread-3 (]: Writing runtime sql for node "model.my_new_project.fact_erp_rev"
[0m17:52:16.351985 [debug] [Thread-3 (]: Using snowflake connection "model.my_new_project.fact_erp_rev"
[0m17:52:16.352921 [debug] [Thread-2 (]: Using snowflake connection "model.my_new_project.fact_budget"
[0m17:52:16.353398 [debug] [Thread-3 (]: On model.my_new_project.fact_erp_rev: create or replace   view DBT_PRACTICE.MARTS.fact_erp_rev
  
  
  
  
  as (
    
SELECT
  CONS_APP_NO AS CONSUMER_APPLICATION_NUMBER,
    SUPERVISION_AMNT,
    ESTIMATE_AMOUNT,
    CGST,
    SGST,
    AMOUNT_TO_PAY,
    LOCATION,
    DEPOSIT_AMT,
    APPROVED_BY,
    CREATE_DATE
FROM DBT_PRACTICE.RAW.stg_erp_rev
  )
/* {"app": "dbt", "dbt_version": "1.12.0", "profile_name": "my_dbt_project", "target_name": "dev", "node_id": "model.my_new_project.fact_erp_rev"} */;
[0m17:52:16.353913 [debug] [Thread-2 (]: On model.my_new_project.fact_budget: create or replace   view DBT_PRACTICE.MARTS.fact_budget
  
  
  
  
  as (
    

SELECT
    distinct CONSUMER_APPLICATION_NO AS CONSUMER_APPLICATION_NUMBER,
    LOCATION,
    SUPERVISION_AMOUNT,
    ESTIMATE_AMOUNT,
    CGST,
    SGST,
    CREATED_AT,
    TOTAL_SUPV_AMOUNT,
    JE_RETURN_AMOUNT,
    MINUS_COST,
    VERSION_NUMBER
FROM DBT_PRACTICE.RAW.stg_erp_budget_workflow_amount
  )
/* {"app": "dbt", "dbt_version": "1.12.0", "profile_name": "my_dbt_project", "target_name": "dev", "node_id": "model.my_new_project.fact_budget"} */;
[0m17:52:16.354262 [debug] [Thread-3 (]: Opening a new connection, currently in state init
[0m17:52:16.354580 [debug] [Thread-2 (]: Opening a new connection, currently in state init
[0m17:52:17.705847 [debug] [Thread-3 (]: SQL status: SUCCESS 1 in 1.351 seconds
[0m17:52:17.722530 [debug] [Thread-3 (]: Sending event: {'category': 'dbt', 'action': 'run_model', 'label': 'e99c47c1-1e06-45bf-8641-f3b46271d0ea', 'context': [<snowplow_tracker.self_describing_json.SelfDescribingJson object at 0x00000248F88C1D30>]}
[0m17:52:17.723082 [info ] [Thread-3 (]: 2 of 2 OK created sql view model MARTS.fact_erp_rev ............................ [[32mSUCCESS 1[0m in 1.41s]
[0m17:52:17.723718 [debug] [Thread-3 (]: Finished running node model.my_new_project.fact_erp_rev
[0m17:52:18.321173 [debug] [Thread-2 (]: SQL status: SUCCESS 1 in 1.966 seconds
[0m17:52:18.323417 [debug] [Thread-2 (]: Sending event: {'category': 'dbt', 'action': 'run_model', 'label': 'e99c47c1-1e06-45bf-8641-f3b46271d0ea', 'context': [<snowplow_tracker.self_describing_json.SelfDescribingJson object at 0x00000248F88E5590>]}
[0m17:52:18.323855 [info ] [Thread-2 (]: 1 of 2 OK created sql view model MARTS.fact_budget ............................. [[32mSUCCESS 1[0m in 2.01s]
[0m17:52:18.324475 [debug] [Thread-2 (]: Finished running node model.my_new_project.fact_budget
[0m17:52:18.325761 [debug] [MainThread]: Connection 'master' was properly closed.
[0m17:52:18.325967 [debug] [MainThread]: Connection 'list_DBT_PRACTICE' was left open.
[0m17:52:18.326142 [debug] [MainThread]: On list_DBT_PRACTICE: Close
[0m17:52:18.852627 [debug] [MainThread]: Connection 'list_DBT_PRACTICE_RAW' was left open.
[0m17:52:18.854060 [debug] [MainThread]: On list_DBT_PRACTICE_RAW: Close
[0m17:52:19.303168 [debug] [MainThread]: Connection 'list_DBT_PRACTICE_SNAPSHOTS' was left open.
[0m17:52:19.304891 [debug] [MainThread]: On list_DBT_PRACTICE_SNAPSHOTS: Close
[0m17:52:19.753127 [debug] [MainThread]: Connection 'list_DBT_PRACTICE_MARTS' was left open.
[0m17:52:19.753850 [debug] [MainThread]: On list_DBT_PRACTICE_MARTS: Close
[0m17:52:20.293968 [debug] [MainThread]: Connection 'list_DBT_PRACTICE_STAGING' was left open.
[0m17:52:20.294391 [debug] [MainThread]: On list_DBT_PRACTICE_STAGING: Close
[0m17:52:21.137711 [debug] [MainThread]: Connection 'model.my_new_project.fact_erp_rev' was left open.
[0m17:52:21.138027 [debug] [MainThread]: On model.my_new_project.fact_erp_rev: Close
[0m17:52:21.934126 [debug] [MainThread]: Connection 'model.my_new_project.fact_budget' was left open.
[0m17:52:21.934732 [debug] [MainThread]: On model.my_new_project.fact_budget: Close
[0m17:52:22.752966 [info ] [MainThread]: 
[0m17:52:22.753478 [info ] [MainThread]: Finished running 2 view models in 0 hours 0 minutes and 10.04 seconds (10.04s).
[0m17:52:22.754097 [debug] [MainThread]: Command end result
[0m17:52:22.807605 [debug] [MainThread]: Wrote artifact WritableManifest to C:\Arjun_dbt_project\old_dbt_project\target\manifest.json
[0m17:52:22.812028 [debug] [MainThread]: Wrote artifact SemanticManifest to C:\Arjun_dbt_project\old_dbt_project\target\semantic_manifest.json
[0m17:52:22.816070 [debug] [MainThread]: Wrote artifact OsiDocument to C:\Arjun_dbt_project\old_dbt_project\target\osi_document.json
[0m17:52:22.825193 [debug] [MainThread]: Wrote artifact RunExecutionResult to C:\Arjun_dbt_project\old_dbt_project\target\run_results.json
[0m17:52:22.825503 [info ] [MainThread]: 
[0m17:52:22.825915 [info ] [MainThread]: [32mCompleted successfully[0m
[0m17:52:22.826265 [info ] [MainThread]: 
[0m17:52:22.826562 [info ] [MainThread]: Done. PASS=2 WARN=0 ERROR=0 SKIP=0 NO-OP=0 REUSED=0 TOTAL=2
[0m17:52:22.826940 [warn ] [MainThread]: [[33mWARNING[0m][DeprecationsSummary]: Deprecated functionality
Summary of encountered deprecations:
- CustomKeyInConfigDeprecation: 4 occurrences
To see all deprecation instances instead of just the first occurrence of each,
run command again with the `--show-all-deprecations` flag. You may also need to
run with `--no-partial-parse` as some deprecations are only encountered during
parsing.
[0m17:52:22.827612 [debug] [MainThread]: Command `dbt run` succeeded at 17:52:22.827531 after 12.60 seconds
[0m17:52:22.827872 [debug] [MainThread]: Sending event: {'category': 'dbt', 'action': 'invocation', 'label': 'end', 'context': [<snowplow_tracker.self_describing_json.SelfDescribingJson object at 0x00000248F829A850>, <snowplow_tracker.self_describing_json.SelfDescribingJson object at 0x00000248F3135CD0>, <snowplow_tracker.self_describing_json.SelfDescribingJson object at 0x00000248F5257BD0>]}
[0m17:52:22.828119 [debug] [MainThread]: Flushing usage events
[0m17:52:24.898910 [debug] [MainThread]: An error was encountered while trying to flush usage events
[0m17:53:38.303820 [debug] [MainThread]: Sending event: {'category': 'dbt', 'action': 'invocation', 'label': 'start', 'context': [<snowplow_tracker.self_describing_json.SelfDescribingJson object at 0x000001C2C11E5160>, <snowplow_tracker.self_describing_json.SelfDescribingJson object at 0x000001C2BDFF1450>, <snowplow_tracker.self_describing_json.SelfDescribingJson object at 0x000001C2C3953C50>]}


============================== 17:53:38.307209 | 3bc969a1-e0c3-4dc6-8b47-e9215529086d ==============================
[0m17:53:38.307209 [info ] [MainThread]: Running with dbt=1.12.0
[0m17:53:38.307665 [debug] [MainThread]: running dbt with arguments {'static_parser': 'True', 'no_print': 'None', 'version_check': 'True', 'target_path': 'None', 'warn_error_options': 'WarnErrorOptionsV2(error=[], warn=[], silence=[])', 'maximum_seed_size_mib': '1', 'printer_width': '80', 'write_json': 'True', 'empty': 'False', 'log_cache_events': 'False', 'introspect': 'True', 'cache_selected_only': 'False', 'log_format': 'default', 'debug': 'False', 'fail_fast': 'False', 'partial_parse': 'True', 'send_anonymous_usage_stats': 'True', 'quiet': 'False', 'warn_error': 'None', 'profiles_dir': 'C:\\Users\\HP\\.dbt', 'use_colors': 'True', 'hints_enabled': 'True', 'indirect_selection': 'eager', 'use_experimental_parser': 'False', 'invocation_command': 'dbt run --select tag:heavy', 'log_path': 'C:\\Arjun_dbt_project\\old_dbt_project\\logs'}
[0m17:53:38.652006 [debug] [MainThread]: Snowflake adapter: Setting snowflake.connector to ERROR (file logging only)
[0m17:53:38.652349 [debug] [MainThread]: Snowflake adapter: Setting botocore to ERROR (file logging only)
[0m17:53:38.652568 [debug] [MainThread]: Snowflake adapter: Setting boto3 to ERROR (file logging only)
[0m17:53:38.846775 [debug] [MainThread]: Sending event: {'category': 'dbt', 'action': 'project_id', 'label': '3bc969a1-e0c3-4dc6-8b47-e9215529086d', 'context': [<snowplow_tracker.self_describing_json.SelfDescribingJson object at 0x000001C2C18C5E00>]}
[0m17:53:38.894388 [debug] [MainThread]: Sending event: {'category': 'dbt', 'action': 'adapter_info', 'label': '3bc969a1-e0c3-4dc6-8b47-e9215529086d', 'context': [<snowplow_tracker.self_describing_json.SelfDescribingJson object at 0x000001C2BF70EF10>]}
[0m17:53:38.895478 [info ] [MainThread]: Registered adapter: snowflake=1.12.0
[0m17:53:39.110187 [debug] [MainThread]: checksum: 34d064bbf3d7c01e29a022f69428015a75a45641a9d372ee507764c8a4f69675, vars: {}, profile: my_dbt_project, target: dev, version: 1.12.0
[0m17:53:39.219178 [warn ] [MainThread]: [[33mWARNING[0m][CustomKeyInConfigDeprecation]: Deprecated functionality
Custom key `materialized` found in `config` at path
`models[0].columns[2].config` in file `models\schema.yml`. Custom config keys
should move into the `config.meta`.
[0m17:53:39.219693 [debug] [MainThread]: Sending event: {'category': 'dbt', 'action': 'deprecation', 'label': '3bc969a1-e0c3-4dc6-8b47-e9215529086d', 'property_': 'warn', 'context': [<snowplow_tracker.self_describing_json.SelfDescribingJson object at 0x000001C2C5885C50>]}
[0m17:53:39.254870 [debug] [MainThread]: Partial parsing enabled: 0 files deleted, 0 files added, 1 files changed.
[0m17:53:39.255428 [debug] [MainThread]: Partial parsing: updated file: my_new_project://models\schema.yml
[0m17:53:39.686610 [warn ] [MainThread]: [[33mWARNING[0m]: Configuration paths exist in your dbt_project.yml file which do not apply to any resources.
There are 5 unused configuration paths:
- models.my_new_project.MART.dimensions
- models.my_new_project.STAGE
- models.my_new_project.MART.facts
- models.my_new_project.MART
- models.my_new_project.INTERMEDIATE
[0m17:53:39.689302 [debug] [MainThread]: Sending event: {'category': 'dbt', 'action': 'load_project', 'label': '3bc969a1-e0c3-4dc6-8b47-e9215529086d', 'context': [<snowplow_tracker.self_describing_json.SelfDescribingJson object at 0x000001C2C5924E60>]}
[0m17:53:39.792287 [debug] [MainThread]: Wrote artifact WritableManifest to C:\Arjun_dbt_project\old_dbt_project\target\manifest.json
[0m17:53:39.796840 [debug] [MainThread]: Wrote artifact SemanticManifest to C:\Arjun_dbt_project\old_dbt_project\target\semantic_manifest.json
[0m17:53:39.815558 [debug] [MainThread]: Wrote artifact OsiDocument to C:\Arjun_dbt_project\old_dbt_project\target\osi_document.json
[0m17:53:39.838095 [debug] [MainThread]: Sending event: {'category': 'dbt', 'action': 'resource_counts', 'label': '3bc969a1-e0c3-4dc6-8b47-e9215529086d', 'context': [<snowplow_tracker.self_describing_json.SelfDescribingJson object at 0x000001C2C591EEB0>]}
[0m17:53:39.838509 [info ] [MainThread]: Found 15 models, 2 snapshots, 2 data tests, 7 sources, 547 macros
[0m17:53:39.838965 [debug] [MainThread]: Sending event: {'category': 'dbt', 'action': 'runnable_timing', 'label': '3bc969a1-e0c3-4dc6-8b47-e9215529086d', 'context': [<snowplow_tracker.self_describing_json.SelfDescribingJson object at 0x000001C2C6D4F930>]}
[0m17:53:39.839480 [warn ] [MainThread]: [[33mWARNING[0m]: The selection criterion 'tag:heavy' does not match any enabled nodes
[0m17:53:39.840481 [warn ] [MainThread]: [[33mWARNING[0m]: Nothing to do. Try checking your model configs and model specification args
[0m17:53:39.840975 [debug] [MainThread]: Command end result
[0m17:53:39.886835 [debug] [MainThread]: Wrote artifact WritableManifest to C:\Arjun_dbt_project\old_dbt_project\target\manifest.json
[0m17:53:39.891735 [debug] [MainThread]: Wrote artifact SemanticManifest to C:\Arjun_dbt_project\old_dbt_project\target\semantic_manifest.json
[0m17:53:39.895517 [debug] [MainThread]: Wrote artifact OsiDocument to C:\Arjun_dbt_project\old_dbt_project\target\osi_document.json
[0m17:53:39.900128 [debug] [MainThread]: Wrote artifact RunExecutionResult to C:\Arjun_dbt_project\old_dbt_project\target\run_results.json
[0m17:53:39.900589 [warn ] [MainThread]: [[33mWARNING[0m][DeprecationsSummary]: Deprecated functionality
Summary of encountered deprecations:
- CustomKeyInConfigDeprecation: 4 occurrences
To see all deprecation instances instead of just the first occurrence of each,
run command again with the `--show-all-deprecations` flag. You may also need to
run with `--no-partial-parse` as some deprecations are only encountered during
parsing.
[0m17:53:39.901517 [debug] [MainThread]: Command `dbt run` succeeded at 17:53:39.901419 after 1.78 seconds
[0m17:53:39.901779 [debug] [MainThread]: Sending event: {'category': 'dbt', 'action': 'invocation', 'label': 'end', 'context': [<snowplow_tracker.self_describing_json.SelfDescribingJson object at 0x000001C2C35FFD10>, <snowplow_tracker.self_describing_json.SelfDescribingJson object at 0x000001C2C6C722B0>, <snowplow_tracker.self_describing_json.SelfDescribingJson object at 0x000001C2C6C72410>]}
[0m17:53:39.902020 [debug] [MainThread]: Flushing usage events
[0m17:53:42.007670 [debug] [MainThread]: An error was encountered while trying to flush usage events
[0m17:54:24.598031 [debug] [MainThread]: Sending event: {'category': 'dbt', 'action': 'invocation', 'label': 'start', 'context': [<snowplow_tracker.self_describing_json.SelfDescribingJson object at 0x000001BA8DA25160>, <snowplow_tracker.self_describing_json.SelfDescribingJson object at 0x000001BA8A831450>, <snowplow_tracker.self_describing_json.SelfDescribingJson object at 0x000001BA90183C50>]}


============================== 17:54:24.602285 | 51cc738b-058f-46cd-a89f-778580b8a2a2 ==============================
[0m17:54:24.602285 [info ] [MainThread]: Running with dbt=1.12.0
[0m17:54:24.602814 [debug] [MainThread]: running dbt with arguments {'maximum_seed_size_mib': '1', 'no_print': 'None', 'version_check': 'True', 'warn_error_options': 'WarnErrorOptionsV2(error=[], warn=[], silence=[])', 'target_path': 'None', 'static_parser': 'True', 'printer_width': '80', 'write_json': 'True', 'introspect': 'True', 'log_cache_events': 'False', 'empty': 'False', 'cache_selected_only': 'False', 'fail_fast': 'False', 'debug': 'False', 'log_format': 'default', 'partial_parse': 'True', 'send_anonymous_usage_stats': 'True', 'quiet': 'False', 'warn_error': 'None', 'profiles_dir': 'C:\\Users\\HP\\.dbt', 'indirect_selection': 'eager', 'hints_enabled': 'True', 'use_colors': 'True', 'use_experimental_parser': 'False', 'invocation_command': 'dbt run --select tag:heavy', 'log_path': 'C:\\Arjun_dbt_project\\old_dbt_project\\logs'}
[0m17:54:24.941164 [debug] [MainThread]: Snowflake adapter: Setting snowflake.connector to ERROR (file logging only)
[0m17:54:24.941637 [debug] [MainThread]: Snowflake adapter: Setting botocore to ERROR (file logging only)
[0m17:54:24.941936 [debug] [MainThread]: Snowflake adapter: Setting boto3 to ERROR (file logging only)
[0m17:54:25.145054 [debug] [MainThread]: Sending event: {'category': 'dbt', 'action': 'project_id', 'label': '51cc738b-058f-46cd-a89f-778580b8a2a2', 'context': [<snowplow_tracker.self_describing_json.SelfDescribingJson object at 0x000001BA8E0EDE00>]}
[0m17:54:25.190627 [debug] [MainThread]: Sending event: {'category': 'dbt', 'action': 'adapter_info', 'label': '51cc738b-058f-46cd-a89f-778580b8a2a2', 'context': [<snowplow_tracker.self_describing_json.SelfDescribingJson object at 0x000001BA8BF4EF10>]}
[0m17:54:25.191728 [info ] [MainThread]: Registered adapter: snowflake=1.12.0
[0m17:54:25.410305 [debug] [MainThread]: checksum: 34d064bbf3d7c01e29a022f69428015a75a45641a9d372ee507764c8a4f69675, vars: {}, profile: my_dbt_project, target: dev, version: 1.12.0
[0m17:54:25.550211 [debug] [MainThread]: Partial parsing enabled: 0 files deleted, 0 files added, 0 files changed.
[0m17:54:25.550548 [debug] [MainThread]: Nothing changed, skipping partial parsing.
[0m17:54:25.550810 [debug] [MainThread]: Partial parsing enabled, no changes found, skipping parsing
[0m17:54:25.556430 [warn ] [MainThread]: [[33mWARNING[0m]: Configuration paths exist in your dbt_project.yml file which do not apply to any resources.
There are 5 unused configuration paths:
- models.my_new_project.STAGE
- models.my_new_project.MART
- models.my_new_project.MART.facts
- models.my_new_project.INTERMEDIATE
- models.my_new_project.MART.dimensions
[0m17:54:25.560251 [debug] [MainThread]: Sending event: {'category': 'dbt', 'action': 'load_project', 'label': '51cc738b-058f-46cd-a89f-778580b8a2a2', 'context': [<snowplow_tracker.self_describing_json.SelfDescribingJson object at 0x000001BA930A6550>]}
[0m17:54:25.700369 [debug] [MainThread]: Wrote artifact WritableManifest to C:\Arjun_dbt_project\old_dbt_project\target\manifest.json
[0m17:54:25.705327 [debug] [MainThread]: Wrote artifact SemanticManifest to C:\Arjun_dbt_project\old_dbt_project\target\semantic_manifest.json
[0m17:54:25.724441 [debug] [MainThread]: Wrote artifact OsiDocument to C:\Arjun_dbt_project\old_dbt_project\target\osi_document.json
[0m17:54:25.750787 [debug] [MainThread]: Sending event: {'category': 'dbt', 'action': 'resource_counts', 'label': '51cc738b-058f-46cd-a89f-778580b8a2a2', 'context': [<snowplow_tracker.self_describing_json.SelfDescribingJson object at 0x000001BA93175C70>]}
[0m17:54:25.751760 [info ] [MainThread]: Found 15 models, 2 snapshots, 2 data tests, 7 sources, 547 macros
[0m17:54:25.752565 [debug] [MainThread]: Sending event: {'category': 'dbt', 'action': 'runnable_timing', 'label': '51cc738b-058f-46cd-a89f-778580b8a2a2', 'context': [<snowplow_tracker.self_describing_json.SelfDescribingJson object at 0x000001BA93261630>]}
[0m17:54:25.753210 [warn ] [MainThread]: [[33mWARNING[0m]: The selection criterion 'tag:heavy' does not match any enabled nodes
[0m17:54:25.754233 [warn ] [MainThread]: [[33mWARNING[0m]: Nothing to do. Try checking your model configs and model specification args
[0m17:54:25.755692 [debug] [MainThread]: Command end result
[0m17:54:25.796099 [debug] [MainThread]: Wrote artifact WritableManifest to C:\Arjun_dbt_project\old_dbt_project\target\manifest.json
[0m17:54:25.800279 [debug] [MainThread]: Wrote artifact SemanticManifest to C:\Arjun_dbt_project\old_dbt_project\target\semantic_manifest.json
[0m17:54:25.808155 [debug] [MainThread]: Wrote artifact OsiDocument to C:\Arjun_dbt_project\old_dbt_project\target\osi_document.json
[0m17:54:25.813272 [debug] [MainThread]: Wrote artifact RunExecutionResult to C:\Arjun_dbt_project\old_dbt_project\target\run_results.json
[0m17:54:25.814044 [debug] [MainThread]: Command `dbt run` succeeded at 17:54:25.813941 after 1.33 seconds
[0m17:54:25.814314 [debug] [MainThread]: Sending event: {'category': 'dbt', 'action': 'invocation', 'label': 'end', 'context': [<snowplow_tracker.self_describing_json.SelfDescribingJson object at 0x000001BA93255090>, <snowplow_tracker.self_describing_json.SelfDescribingJson object at 0x000001BA8FE2FD10>, <snowplow_tracker.self_describing_json.SelfDescribingJson object at 0x000001BA9327D0D0>]}
[0m17:54:25.814554 [debug] [MainThread]: Flushing usage events
[0m17:54:27.765959 [debug] [MainThread]: An error was encountered while trying to flush usage events
[0m17:55:29.576081 [debug] [MainThread]: Sending event: {'category': 'dbt', 'action': 'invocation', 'label': 'start', 'context': [<snowplow_tracker.self_describing_json.SelfDescribingJson object at 0x000001A699DD5160>, <snowplow_tracker.self_describing_json.SelfDescribingJson object at 0x000001A696BE1450>, <snowplow_tracker.self_describing_json.SelfDescribingJson object at 0x000001A69C543C50>]}


============================== 17:55:29.579863 | a4e67186-d6b6-41d3-a75d-a7ec3c9d3461 ==============================
[0m17:55:29.579863 [info ] [MainThread]: Running with dbt=1.12.0
[0m17:55:29.580393 [debug] [MainThread]: running dbt with arguments {'version_check': 'True', 'no_print': 'None', 'maximum_seed_size_mib': '1', 'warn_error_options': 'WarnErrorOptionsV2(error=[], warn=[], silence=[])', 'static_parser': 'True', 'target_path': 'None', 'printer_width': '80', 'write_json': 'True', 'empty': 'False', 'log_cache_events': 'False', 'introspect': 'True', 'cache_selected_only': 'False', 'log_format': 'default', 'debug': 'False', 'fail_fast': 'False', 'profiles_dir': 'C:\\Users\\HP\\.dbt', 'send_anonymous_usage_stats': 'True', 'quiet': 'False', 'warn_error': 'None', 'partial_parse': 'True', 'use_colors': 'True', 'hints_enabled': 'True', 'invocation_command': 'dbt run --select tag:heavy', 'use_experimental_parser': 'False', 'indirect_selection': 'eager', 'log_path': 'C:\\Arjun_dbt_project\\old_dbt_project\\logs'}
[0m17:55:29.912696 [debug] [MainThread]: Snowflake adapter: Setting snowflake.connector to ERROR (file logging only)
[0m17:55:29.913047 [debug] [MainThread]: Snowflake adapter: Setting botocore to ERROR (file logging only)
[0m17:55:29.913261 [debug] [MainThread]: Snowflake adapter: Setting boto3 to ERROR (file logging only)
[0m17:55:30.105367 [debug] [MainThread]: Sending event: {'category': 'dbt', 'action': 'project_id', 'label': 'a4e67186-d6b6-41d3-a75d-a7ec3c9d3461', 'context': [<snowplow_tracker.self_describing_json.SelfDescribingJson object at 0x000001A69A4ADE00>]}
[0m17:55:30.150660 [debug] [MainThread]: Sending event: {'category': 'dbt', 'action': 'adapter_info', 'label': 'a4e67186-d6b6-41d3-a75d-a7ec3c9d3461', 'context': [<snowplow_tracker.self_describing_json.SelfDescribingJson object at 0x000001A6982FEF10>]}
[0m17:55:30.151736 [info ] [MainThread]: Registered adapter: snowflake=1.12.0
[0m17:55:30.356317 [debug] [MainThread]: checksum: 34d064bbf3d7c01e29a022f69428015a75a45641a9d372ee507764c8a4f69675, vars: {}, profile: my_dbt_project, target: dev, version: 1.12.0
[0m17:55:30.495834 [debug] [MainThread]: Partial parsing enabled: 0 files deleted, 0 files added, 1 files changed.
[0m17:55:30.496418 [debug] [MainThread]: Partial parsing: updated file: my_new_project://models\schema.yml
[0m17:55:30.924668 [warn ] [MainThread]: [[33mWARNING[0m]: Configuration paths exist in your dbt_project.yml file which do not apply to any resources.
There are 5 unused configuration paths:
- models.my_new_project.STAGE
- models.my_new_project.MART.facts
- models.my_new_project.MART
- models.my_new_project.MART.dimensions
- models.my_new_project.INTERMEDIATE
[0m17:55:30.927413 [debug] [MainThread]: Sending event: {'category': 'dbt', 'action': 'load_project', 'label': 'a4e67186-d6b6-41d3-a75d-a7ec3c9d3461', 'context': [<snowplow_tracker.self_describing_json.SelfDescribingJson object at 0x000001A69F3EF150>]}
[0m17:55:31.027838 [debug] [MainThread]: Wrote artifact WritableManifest to C:\Arjun_dbt_project\old_dbt_project\target\manifest.json
[0m17:55:31.032544 [debug] [MainThread]: Wrote artifact SemanticManifest to C:\Arjun_dbt_project\old_dbt_project\target\semantic_manifest.json
[0m17:55:31.052061 [debug] [MainThread]: Wrote artifact OsiDocument to C:\Arjun_dbt_project\old_dbt_project\target\osi_document.json
[0m17:55:31.077079 [debug] [MainThread]: Sending event: {'category': 'dbt', 'action': 'resource_counts', 'label': 'a4e67186-d6b6-41d3-a75d-a7ec3c9d3461', 'context': [<snowplow_tracker.self_describing_json.SelfDescribingJson object at 0x000001A69F808320>]}
[0m17:55:31.077618 [info ] [MainThread]: Found 15 models, 2 snapshots, 2 data tests, 7 sources, 547 macros
[0m17:55:31.078088 [debug] [MainThread]: Sending event: {'category': 'dbt', 'action': 'runnable_timing', 'label': 'a4e67186-d6b6-41d3-a75d-a7ec3c9d3461', 'context': [<snowplow_tracker.self_describing_json.SelfDescribingJson object at 0x000001A69F788670>]}
[0m17:55:31.079388 [info ] [MainThread]: 
[0m17:55:31.079746 [info ] [MainThread]: Concurrency: 4 threads (target='dev')
[0m17:55:31.080063 [info ] [MainThread]: 
[0m17:55:31.080503 [debug] [MainThread]: Acquiring new snowflake connection 'master'
[0m17:55:31.084731 [debug] [ThreadPool]: Acquiring new snowflake connection 'list_DBT_PRACTICE'
[0m17:55:31.097392 [debug] [ThreadPool]: Using snowflake connection "list_DBT_PRACTICE"
[0m17:55:31.097903 [debug] [ThreadPool]: On list_DBT_PRACTICE: show terse schemas in database DBT_PRACTICE
    limit 10000
/* {"app": "dbt", "dbt_version": "1.12.0", "profile_name": "my_dbt_project", "target_name": "dev", "connection_name": "list_DBT_PRACTICE"} */
[0m17:55:31.098210 [debug] [ThreadPool]: Opening a new connection, currently in state init
[0m17:55:33.017832 [debug] [ThreadPool]: SQL status: SUCCESS 6 in 1.919 seconds
[0m17:55:33.026476 [debug] [ThreadPool]: Acquiring new snowflake connection 'list_DBT_PRACTICE_RAW'
[0m17:55:33.034644 [debug] [ThreadPool]: Using snowflake connection "list_DBT_PRACTICE_RAW"
[0m17:55:33.035169 [debug] [ThreadPool]: Acquiring new snowflake connection 'list_DBT_PRACTICE_MARTS'
[0m17:55:33.035631 [debug] [ThreadPool]: On list_DBT_PRACTICE_RAW: show objects in DBT_PRACTICE.RAW
    limit 10000
    

/* {"app": "dbt", "dbt_version": "1.12.0", "profile_name": "my_dbt_project", "target_name": "dev", "connection_name": "list_DBT_PRACTICE_RAW"} */;
[0m17:55:33.038712 [debug] [ThreadPool]: Using snowflake connection "list_DBT_PRACTICE_MARTS"
[0m17:55:33.039213 [debug] [ThreadPool]: Acquiring new snowflake connection 'list_DBT_PRACTICE_STAGING'
[0m17:55:33.039518 [debug] [ThreadPool]: Opening a new connection, currently in state init
[0m17:55:33.039741 [debug] [ThreadPool]: On list_DBT_PRACTICE_MARTS: show objects in DBT_PRACTICE.MARTS
    limit 10000
    

/* {"app": "dbt", "dbt_version": "1.12.0", "profile_name": "my_dbt_project", "target_name": "dev", "connection_name": "list_DBT_PRACTICE_MARTS"} */;
[0m17:55:33.041320 [debug] [ThreadPool]: Using snowflake connection "list_DBT_PRACTICE_STAGING"
[0m17:55:33.042549 [debug] [ThreadPool]: Opening a new connection, currently in state init
[0m17:55:33.042955 [debug] [ThreadPool]: Acquiring new snowflake connection 'list_DBT_PRACTICE_SNAPSHOTS'
[0m17:55:33.043236 [debug] [ThreadPool]: On list_DBT_PRACTICE_STAGING: show objects in DBT_PRACTICE.STAGING
    limit 10000
    

/* {"app": "dbt", "dbt_version": "1.12.0", "profile_name": "my_dbt_project", "target_name": "dev", "connection_name": "list_DBT_PRACTICE_STAGING"} */;
[0m17:55:33.044361 [debug] [ThreadPool]: Using snowflake connection "list_DBT_PRACTICE_SNAPSHOTS"
[0m17:55:33.044976 [debug] [ThreadPool]: Opening a new connection, currently in state init
[0m17:55:33.045688 [debug] [ThreadPool]: On list_DBT_PRACTICE_SNAPSHOTS: show objects in DBT_PRACTICE.SNAPSHOTS
    limit 10000
    

/* {"app": "dbt", "dbt_version": "1.12.0", "profile_name": "my_dbt_project", "target_name": "dev", "connection_name": "list_DBT_PRACTICE_SNAPSHOTS"} */;
[0m17:55:33.046183 [debug] [ThreadPool]: Opening a new connection, currently in state init
[0m17:55:34.236078 [debug] [ThreadPool]: SQL status: SUCCESS 2 in 1.191 seconds
[0m17:55:34.242046 [debug] [ThreadPool]: Using snowflake connection "list_DBT_PRACTICE_STAGING"
[0m17:55:34.242280 [debug] [ThreadPool]: On list_DBT_PRACTICE_STAGING: show user functions in DBT_PRACTICE.STAGING
/* {"app": "dbt", "dbt_version": "1.12.0", "profile_name": "my_dbt_project", "target_name": "dev", "connection_name": "list_DBT_PRACTICE_STAGING"} */
[0m17:55:34.311706 [debug] [ThreadPool]: SQL status: SUCCESS 15 in 1.272 seconds
[0m17:55:34.314403 [debug] [ThreadPool]: Using snowflake connection "list_DBT_PRACTICE_RAW"
[0m17:55:34.314742 [debug] [ThreadPool]: On list_DBT_PRACTICE_RAW: show user functions in DBT_PRACTICE.RAW
/* {"app": "dbt", "dbt_version": "1.12.0", "profile_name": "my_dbt_project", "target_name": "dev", "connection_name": "list_DBT_PRACTICE_RAW"} */
[0m17:55:34.369526 [debug] [ThreadPool]: SQL status: SUCCESS 2 in 1.323 seconds
[0m17:55:34.371533 [debug] [ThreadPool]: Using snowflake connection "list_DBT_PRACTICE_SNAPSHOTS"
[0m17:55:34.371786 [debug] [ThreadPool]: On list_DBT_PRACTICE_SNAPSHOTS: show user functions in DBT_PRACTICE.SNAPSHOTS
/* {"app": "dbt", "dbt_version": "1.12.0", "profile_name": "my_dbt_project", "target_name": "dev", "connection_name": "list_DBT_PRACTICE_SNAPSHOTS"} */
[0m17:55:34.597967 [debug] [ThreadPool]: SQL status: SUCCESS 0 in 0.355 seconds
[0m17:55:34.692523 [debug] [ThreadPool]: SQL status: SUCCESS 0 in 0.377 seconds
[0m17:55:34.696271 [debug] [ThreadPool]: SQL status: SUCCESS 0 in 0.324 seconds
[0m17:55:34.698939 [debug] [ThreadPool]: SQL status: SUCCESS 2 in 1.656 seconds
[0m17:55:34.700372 [debug] [ThreadPool]: Using snowflake connection "list_DBT_PRACTICE_MARTS"
[0m17:55:34.700576 [debug] [ThreadPool]: On list_DBT_PRACTICE_MARTS: show user functions in DBT_PRACTICE.MARTS
/* {"app": "dbt", "dbt_version": "1.12.0", "profile_name": "my_dbt_project", "target_name": "dev", "connection_name": "list_DBT_PRACTICE_MARTS"} */
[0m17:55:35.057886 [debug] [ThreadPool]: SQL status: SUCCESS 0 in 0.357 seconds
[0m17:55:35.060202 [debug] [MainThread]: Sending event: {'category': 'dbt', 'action': 'runnable_timing', 'label': 'a4e67186-d6b6-41d3-a75d-a7ec3c9d3461', 'context': [<snowplow_tracker.self_describing_json.SelfDescribingJson object at 0x000001A69FAE57E0>]}
[0m17:55:35.065116 [debug] [Thread-2 (]: Began running node model.my_new_project.fact_payments
[0m17:55:35.065526 [info ] [Thread-2 (]: 1 of 2 START sql view model MARTS.fact_payments ................................ [RUN]
[0m17:55:35.065903 [debug] [Thread-3 (]: Began running node model.my_new_project.fact_pose_machine_d
[0m17:55:35.066291 [debug] [Thread-2 (]: Acquiring new snowflake connection 'model.my_new_project.fact_payments'
[0m17:55:35.066853 [debug] [Thread-2 (]: Began compiling node model.my_new_project.fact_payments
[0m17:55:35.070570 [debug] [Thread-2 (]: Writing injected SQL for node "model.my_new_project.fact_payments"
[0m17:55:35.066604 [info ] [Thread-3 (]: 2 of 2 START sql view model MARTS.fact_pose_machine_d .......................... [RUN]
[0m17:55:35.071104 [debug] [Thread-3 (]: Acquiring new snowflake connection 'model.my_new_project.fact_pose_machine_d'
[0m17:55:35.071324 [debug] [Thread-3 (]: Began compiling node model.my_new_project.fact_pose_machine_d
[0m17:55:35.072637 [debug] [Thread-3 (]: Writing injected SQL for node "model.my_new_project.fact_pose_machine_d"
[0m17:55:35.074693 [debug] [Thread-2 (]: Began executing node model.my_new_project.fact_payments
[0m17:55:35.094652 [debug] [Thread-2 (]: Writing runtime sql for node "model.my_new_project.fact_payments"
[0m17:55:35.097320 [debug] [Thread-3 (]: Began executing node model.my_new_project.fact_pose_machine_d
[0m17:55:35.099007 [debug] [Thread-3 (]: Writing runtime sql for node "model.my_new_project.fact_pose_machine_d"
[0m17:55:35.099588 [debug] [Thread-2 (]: Using snowflake connection "model.my_new_project.fact_payments"
[0m17:55:35.099854 [debug] [Thread-2 (]: On model.my_new_project.fact_payments: create or replace   view DBT_PRACTICE.MARTS.fact_payments
  
  
  
  
  as (
    SELECT
    CONSUMER_APPLICATION_NO AS CONSUMER_APPLICATION_NUMBER,
    TRANSACTION_DATE,
    MOBILE_NO,
    REG_AMOUNT,
    PAYMENT_METHOD_TYPE,
    ADDITIONAL_INFO1,
    CHARGE_AMOUNT
FROM DBT_PRACTICE.RAW.stg_billdesk_payment_res
  )
/* {"app": "dbt", "dbt_version": "1.12.0", "profile_name": "my_dbt_project", "target_name": "dev", "node_id": "model.my_new_project.fact_payments"} */;
[0m17:55:35.100066 [debug] [Thread-2 (]: Opening a new connection, currently in state init
[0m17:55:35.104587 [debug] [Thread-3 (]: Using snowflake connection "model.my_new_project.fact_pose_machine_d"
[0m17:55:35.104923 [debug] [Thread-3 (]: On model.my_new_project.fact_pose_machine_d: create or replace   view DBT_PRACTICE.MARTS.fact_pose_machine_d
  
  
  
  
  as (
    SELECT
    APPLICATION_NUMBWER AS CONSUMER_APPLICATION_NUMBER,
    TNSC_AMOUNT,
    PAYMENT_DATE,
    PAYMENT_MODE,
    BANK_NAME,
    PAYMENT_TYPE
FROM DBT_PRACTICE.RAW.stg_pose_machine_d
  )
/* {"app": "dbt", "dbt_version": "1.12.0", "profile_name": "my_dbt_project", "target_name": "dev", "node_id": "model.my_new_project.fact_pose_machine_d"} */;
[0m17:55:35.105150 [debug] [Thread-3 (]: Opening a new connection, currently in state init
[0m17:55:36.629882 [debug] [Thread-2 (]: SQL status: SUCCESS 1 in 1.530 seconds
[0m17:55:36.644292 [debug] [Thread-3 (]: SQL status: SUCCESS 1 in 1.539 seconds
[0m17:55:36.647968 [debug] [Thread-3 (]: Sending event: {'category': 'dbt', 'action': 'run_model', 'label': 'a4e67186-d6b6-41d3-a75d-a7ec3c9d3461', 'context': [<snowplow_tracker.self_describing_json.SelfDescribingJson object at 0x000001A69F8FB290>]}
[0m17:55:36.648607 [debug] [Thread-2 (]: Sending event: {'category': 'dbt', 'action': 'run_model', 'label': 'a4e67186-d6b6-41d3-a75d-a7ec3c9d3461', 'context': [<snowplow_tracker.self_describing_json.SelfDescribingJson object at 0x000001A69FB79860>]}
[0m17:55:36.648404 [info ] [Thread-3 (]: 2 of 2 OK created sql view model MARTS.fact_pose_machine_d ..................... [[32mSUCCESS 1[0m in 1.58s]
[0m17:55:36.649079 [info ] [Thread-2 (]: 1 of 2 OK created sql view model MARTS.fact_payments ........................... [[32mSUCCESS 1[0m in 1.58s]
[0m17:55:36.649516 [debug] [Thread-3 (]: Finished running node model.my_new_project.fact_pose_machine_d
[0m17:55:36.649823 [debug] [Thread-2 (]: Finished running node model.my_new_project.fact_payments
[0m17:55:36.651164 [debug] [MainThread]: Connection 'master' was properly closed.
[0m17:55:36.651370 [debug] [MainThread]: Connection 'list_DBT_PRACTICE' was left open.
[0m17:55:36.651545 [debug] [MainThread]: On list_DBT_PRACTICE: Close
[0m17:55:37.331467 [debug] [MainThread]: Connection 'list_DBT_PRACTICE_RAW' was left open.
[0m17:55:37.332355 [debug] [MainThread]: On list_DBT_PRACTICE_RAW: Close
[0m17:55:37.934879 [debug] [MainThread]: Connection 'list_DBT_PRACTICE_MARTS' was left open.
[0m17:55:37.935212 [debug] [MainThread]: On list_DBT_PRACTICE_MARTS: Close
[0m17:55:38.669588 [debug] [MainThread]: Connection 'list_DBT_PRACTICE_STAGING' was left open.
[0m17:55:38.670032 [debug] [MainThread]: On list_DBT_PRACTICE_STAGING: Close
[0m17:55:39.585004 [debug] [MainThread]: Connection 'list_DBT_PRACTICE_SNAPSHOTS' was left open.
[0m17:55:39.586002 [debug] [MainThread]: On list_DBT_PRACTICE_SNAPSHOTS: Close
[0m17:55:40.383898 [debug] [MainThread]: Connection 'model.my_new_project.fact_payments' was left open.
[0m17:55:40.384358 [debug] [MainThread]: On model.my_new_project.fact_payments: Close
[0m17:55:41.104625 [debug] [MainThread]: Connection 'model.my_new_project.fact_pose_machine_d' was left open.
[0m17:55:41.105338 [debug] [MainThread]: On model.my_new_project.fact_pose_machine_d: Close
[0m17:55:41.821124 [info ] [MainThread]: 
[0m17:55:41.821588 [info ] [MainThread]: Finished running 2 view models in 0 hours 0 minutes and 10.74 seconds (10.74s).
[0m17:55:41.822287 [debug] [MainThread]: Command end result
[0m17:55:41.873438 [debug] [MainThread]: Wrote artifact WritableManifest to C:\Arjun_dbt_project\old_dbt_project\target\manifest.json
[0m17:55:41.877801 [debug] [MainThread]: Wrote artifact SemanticManifest to C:\Arjun_dbt_project\old_dbt_project\target\semantic_manifest.json
[0m17:55:41.881541 [debug] [MainThread]: Wrote artifact OsiDocument to C:\Arjun_dbt_project\old_dbt_project\target\osi_document.json
[0m17:55:41.889913 [debug] [MainThread]: Wrote artifact RunExecutionResult to C:\Arjun_dbt_project\old_dbt_project\target\run_results.json
[0m17:55:41.890224 [info ] [MainThread]: 
[0m17:55:41.890605 [info ] [MainThread]: [32mCompleted successfully[0m
[0m17:55:41.891023 [info ] [MainThread]: 
[0m17:55:41.891457 [info ] [MainThread]: Done. PASS=2 WARN=0 ERROR=0 SKIP=0 NO-OP=0 REUSED=0 TOTAL=2
[0m17:55:41.892107 [debug] [MainThread]: Command `dbt run` succeeded at 17:55:41.892023 after 12.43 seconds
[0m17:55:41.892350 [debug] [MainThread]: Sending event: {'category': 'dbt', 'action': 'invocation', 'label': 'end', 'context': [<snowplow_tracker.self_describing_json.SelfDescribingJson object at 0x000001A69FB8D270>, <snowplow_tracker.self_describing_json.SelfDescribingJson object at 0x000001A69FB56840>, <snowplow_tracker.self_describing_json.SelfDescribingJson object at 0x000001A69F6D7750>]}
[0m17:55:41.892582 [debug] [MainThread]: Flushing usage events
[0m17:55:44.995089 [debug] [MainThread]: An error was encountered while trying to flush usage events
[0m17:57:31.445564 [debug] [MainThread]: Sending event: {'category': 'dbt', 'action': 'invocation', 'label': 'start', 'context': [<snowplow_tracker.self_describing_json.SelfDescribingJson object at 0x000001FAEDC95160>, <snowplow_tracker.self_describing_json.SelfDescribingJson object at 0x000001FAEAAB1450>, <snowplow_tracker.self_describing_json.SelfDescribingJson object at 0x000001FAF03F3C50>]}


============================== 17:57:31.449078 | 118bd11b-0d55-4678-9813-b00d3f3da82d ==============================
[0m17:57:31.449078 [info ] [MainThread]: Running with dbt=1.12.0
[0m17:57:31.449657 [debug] [MainThread]: running dbt with arguments {'version_check': 'True', 'no_print': 'None', 'maximum_seed_size_mib': '1', 'target_path': 'None', 'warn_error_options': 'WarnErrorOptionsV2(error=[], warn=[], silence=[])', 'static_parser': 'True', 'printer_width': '80', 'write_json': 'True', 'empty': 'False', 'log_cache_events': 'False', 'introspect': 'True', 'cache_selected_only': 'False', 'fail_fast': 'False', 'debug': 'False', 'log_format': 'default', 'partial_parse': 'True', 'send_anonymous_usage_stats': 'True', 'quiet': 'False', 'warn_error': 'None', 'profiles_dir': 'C:\\Users\\HP\\.dbt', 'use_colors': 'True', 'hints_enabled': 'True', 'invocation_command': 'dbt run --select tag:mart', 'use_experimental_parser': 'False', 'indirect_selection': 'eager', 'log_path': 'C:\\Arjun_dbt_project\\old_dbt_project\\logs'}
[0m17:57:32.051738 [debug] [MainThread]: Snowflake adapter: Setting snowflake.connector to ERROR (file logging only)
[0m17:57:32.053433 [debug] [MainThread]: Snowflake adapter: Setting botocore to ERROR (file logging only)
[0m17:57:32.053745 [debug] [MainThread]: Snowflake adapter: Setting boto3 to ERROR (file logging only)
[0m17:57:32.284292 [debug] [MainThread]: Sending event: {'category': 'dbt', 'action': 'project_id', 'label': '118bd11b-0d55-4678-9813-b00d3f3da82d', 'context': [<snowplow_tracker.self_describing_json.SelfDescribingJson object at 0x000001FAEE35DE00>]}
[0m17:57:32.330149 [debug] [MainThread]: Sending event: {'category': 'dbt', 'action': 'adapter_info', 'label': '118bd11b-0d55-4678-9813-b00d3f3da82d', 'context': [<snowplow_tracker.self_describing_json.SelfDescribingJson object at 0x000001FAEC1BEF10>]}
[0m17:57:32.331319 [info ] [MainThread]: Registered adapter: snowflake=1.12.0
[0m17:57:32.650634 [debug] [MainThread]: checksum: 34d064bbf3d7c01e29a022f69428015a75a45641a9d372ee507764c8a4f69675, vars: {}, profile: my_dbt_project, target: dev, version: 1.12.0
[0m17:57:32.753961 [info ] [MainThread]: Unable to do partial parsing because a project config has changed
[0m17:57:32.754512 [debug] [MainThread]: Sending event: {'category': 'dbt', 'action': 'partial_parser', 'label': '118bd11b-0d55-4678-9813-b00d3f3da82d', 'context': [<snowplow_tracker.self_describing_json.SelfDescribingJson object at 0x000001FAF22F1C50>]}
[0m17:57:34.214444 [warn ] [MainThread]: [[33mWARNING[0m]: Configuration paths exist in your dbt_project.yml file which do not apply to any resources.
There are 5 unused configuration paths:
- models.my_new_project.MART.dimensions
- models.my_new_project.MART
- models.my_new_project.STAGE
- models.my_new_project.MART.facts
- models.my_new_project.INTERMEDIATE
[0m17:57:34.217564 [debug] [MainThread]: Sending event: {'category': 'dbt', 'action': 'load_project', 'label': '118bd11b-0d55-4678-9813-b00d3f3da82d', 'context': [<snowplow_tracker.self_describing_json.SelfDescribingJson object at 0x000001FAF1C0F4D0>]}
[0m17:57:34.351875 [debug] [MainThread]: Wrote artifact WritableManifest to C:\Arjun_dbt_project\old_dbt_project\target\manifest.json
[0m17:57:34.362542 [debug] [MainThread]: Wrote artifact SemanticManifest to C:\Arjun_dbt_project\old_dbt_project\target\semantic_manifest.json
[0m17:57:34.409789 [debug] [MainThread]: Wrote artifact OsiDocument to C:\Arjun_dbt_project\old_dbt_project\target\osi_document.json
[0m17:57:34.453666 [debug] [MainThread]: Sending event: {'category': 'dbt', 'action': 'resource_counts', 'label': '118bd11b-0d55-4678-9813-b00d3f3da82d', 'context': [<snowplow_tracker.self_describing_json.SelfDescribingJson object at 0x000001FAF33F7770>]}
[0m17:57:34.454253 [info ] [MainThread]: Found 15 models, 2 snapshots, 2 data tests, 7 sources, 547 macros
[0m17:57:34.454730 [debug] [MainThread]: Sending event: {'category': 'dbt', 'action': 'runnable_timing', 'label': '118bd11b-0d55-4678-9813-b00d3f3da82d', 'context': [<snowplow_tracker.self_describing_json.SelfDescribingJson object at 0x000001FAF227AC30>]}
[0m17:57:34.455357 [warn ] [MainThread]: [[33mWARNING[0m]: The selection criterion 'tag:mart' does not match any enabled nodes
[0m17:57:34.456416 [warn ] [MainThread]: [[33mWARNING[0m]: Nothing to do. Try checking your model configs and model specification args
[0m17:57:34.456906 [debug] [MainThread]: Command end result
[0m17:57:34.508387 [debug] [MainThread]: Wrote artifact WritableManifest to C:\Arjun_dbt_project\old_dbt_project\target\manifest.json
[0m17:57:34.512663 [debug] [MainThread]: Wrote artifact SemanticManifest to C:\Arjun_dbt_project\old_dbt_project\target\semantic_manifest.json
[0m17:57:34.516708 [debug] [MainThread]: Wrote artifact OsiDocument to C:\Arjun_dbt_project\old_dbt_project\target\osi_document.json
[0m17:57:34.526314 [debug] [MainThread]: Wrote artifact RunExecutionResult to C:\Arjun_dbt_project\old_dbt_project\target\run_results.json
[0m17:57:34.527030 [debug] [MainThread]: Command `dbt run` succeeded at 17:57:34.526918 after 3.23 seconds
[0m17:57:34.527320 [debug] [MainThread]: Sending event: {'category': 'dbt', 'action': 'invocation', 'label': 'end', 'context': [<snowplow_tracker.self_describing_json.SelfDescribingJson object at 0x000001FAF009FD10>, <snowplow_tracker.self_describing_json.SelfDescribingJson object at 0x000001FAF394E990>, <snowplow_tracker.self_describing_json.SelfDescribingJson object at 0x000001FAF394EAF0>]}
[0m17:57:34.527574 [debug] [MainThread]: Flushing usage events
[0m17:57:36.626150 [debug] [MainThread]: An error was encountered while trying to flush usage events
[0m17:58:11.561052 [debug] [MainThread]: Sending event: {'category': 'dbt', 'action': 'invocation', 'label': 'start', 'context': [<snowplow_tracker.self_describing_json.SelfDescribingJson object at 0x000001D108F15160>, <snowplow_tracker.self_describing_json.SelfDescribingJson object at 0x000001D105D91450>, <snowplow_tracker.self_describing_json.SelfDescribingJson object at 0x000001D10B683C50>]}


============================== 17:58:11.568163 | 0acd9716-807d-48fa-b182-82885adceecf ==============================
[0m17:58:11.568163 [info ] [MainThread]: Running with dbt=1.12.0
[0m17:58:11.568632 [debug] [MainThread]: running dbt with arguments {'static_parser': 'True', 'no_print': 'None', 'version_check': 'True', 'warn_error_options': 'WarnErrorOptionsV2(error=[], warn=[], silence=[])', 'target_path': 'None', 'maximum_seed_size_mib': '1', 'printer_width': '80', 'write_json': 'True', 'introspect': 'True', 'log_cache_events': 'False', 'empty': 'False', 'cache_selected_only': 'False', 'fail_fast': 'False', 'debug': 'False', 'log_format': 'default', 'profiles_dir': 'C:\\Users\\HP\\.dbt', 'send_anonymous_usage_stats': 'True', 'quiet': 'False', 'warn_error': 'None', 'partial_parse': 'True', 'invocation_command': 'dbt run --select tag:staging', 'hints_enabled': 'True', 'indirect_selection': 'eager', 'use_experimental_parser': 'False', 'use_colors': 'True', 'log_path': 'C:\\Arjun_dbt_project\\old_dbt_project\\logs'}
[0m17:58:12.525886 [debug] [MainThread]: Snowflake adapter: Setting snowflake.connector to ERROR (file logging only)
[0m17:58:12.526276 [debug] [MainThread]: Snowflake adapter: Setting botocore to ERROR (file logging only)
[0m17:58:12.526500 [debug] [MainThread]: Snowflake adapter: Setting boto3 to ERROR (file logging only)
[0m17:58:12.998455 [debug] [MainThread]: Sending event: {'category': 'dbt', 'action': 'project_id', 'label': '0acd9716-807d-48fa-b182-82885adceecf', 'context': [<snowplow_tracker.self_describing_json.SelfDescribingJson object at 0x000001D1095EDE00>]}
[0m17:58:13.044882 [debug] [MainThread]: Sending event: {'category': 'dbt', 'action': 'adapter_info', 'label': '0acd9716-807d-48fa-b182-82885adceecf', 'context': [<snowplow_tracker.self_describing_json.SelfDescribingJson object at 0x000001D10743EF10>]}
[0m17:58:13.047088 [info ] [MainThread]: Registered adapter: snowflake=1.12.0
[0m17:58:13.286061 [debug] [MainThread]: checksum: 34d064bbf3d7c01e29a022f69428015a75a45641a9d372ee507764c8a4f69675, vars: {}, profile: my_dbt_project, target: dev, version: 1.12.0
[0m17:58:13.691019 [debug] [MainThread]: Partial parsing enabled: 0 files deleted, 0 files added, 0 files changed.
[0m17:58:13.691349 [debug] [MainThread]: Nothing changed, skipping partial parsing.
[0m17:58:13.691563 [debug] [MainThread]: Partial parsing enabled, no changes found, skipping parsing
[0m17:58:13.695715 [warn ] [MainThread]: [[33mWARNING[0m]: Configuration paths exist in your dbt_project.yml file which do not apply to any resources.
There are 5 unused configuration paths:
- models.my_new_project.INTERMEDIATE
- models.my_new_project.STAGE
- models.my_new_project.MART
- models.my_new_project.MART.facts
- models.my_new_project.MART.dimensions
[0m17:58:13.698595 [debug] [MainThread]: Sending event: {'category': 'dbt', 'action': 'load_project', 'label': '0acd9716-807d-48fa-b182-82885adceecf', 'context': [<snowplow_tracker.self_describing_json.SelfDescribingJson object at 0x000001D10E55E550>]}
[0m17:58:13.826426 [debug] [MainThread]: Wrote artifact WritableManifest to C:\Arjun_dbt_project\old_dbt_project\target\manifest.json
[0m17:58:13.832495 [debug] [MainThread]: Wrote artifact SemanticManifest to C:\Arjun_dbt_project\old_dbt_project\target\semantic_manifest.json
[0m17:58:13.876048 [debug] [MainThread]: Wrote artifact OsiDocument to C:\Arjun_dbt_project\old_dbt_project\target\osi_document.json
[0m17:58:13.907556 [debug] [MainThread]: Sending event: {'category': 'dbt', 'action': 'resource_counts', 'label': '0acd9716-807d-48fa-b182-82885adceecf', 'context': [<snowplow_tracker.self_describing_json.SelfDescribingJson object at 0x000001D10E645C70>]}
[0m17:58:13.907987 [info ] [MainThread]: Found 15 models, 2 snapshots, 2 data tests, 7 sources, 547 macros
[0m17:58:13.908331 [debug] [MainThread]: Sending event: {'category': 'dbt', 'action': 'runnable_timing', 'label': '0acd9716-807d-48fa-b182-82885adceecf', 'context': [<snowplow_tracker.self_describing_json.SelfDescribingJson object at 0x000001D10E6AD1D0>]}
[0m17:58:13.908865 [warn ] [MainThread]: [[33mWARNING[0m]: The selection criterion 'tag:staging' does not match any enabled nodes
[0m17:58:13.909804 [warn ] [MainThread]: [[33mWARNING[0m]: Nothing to do. Try checking your model configs and model specification args
[0m17:58:13.911230 [debug] [MainThread]: Command end result
[0m17:58:13.952395 [debug] [MainThread]: Wrote artifact WritableManifest to C:\Arjun_dbt_project\old_dbt_project\target\manifest.json
[0m17:58:13.957917 [debug] [MainThread]: Wrote artifact SemanticManifest to C:\Arjun_dbt_project\old_dbt_project\target\semantic_manifest.json
[0m17:58:13.961762 [debug] [MainThread]: Wrote artifact OsiDocument to C:\Arjun_dbt_project\old_dbt_project\target\osi_document.json
[0m17:58:13.966699 [debug] [MainThread]: Wrote artifact RunExecutionResult to C:\Arjun_dbt_project\old_dbt_project\target\run_results.json
[0m17:58:13.967506 [debug] [MainThread]: Command `dbt run` succeeded at 17:58:13.967384 after 2.57 seconds
[0m17:58:13.967779 [debug] [MainThread]: Sending event: {'category': 'dbt', 'action': 'invocation', 'label': 'end', 'context': [<snowplow_tracker.self_describing_json.SelfDescribingJson object at 0x000001D10D40FD40>, <snowplow_tracker.self_describing_json.SelfDescribingJson object at 0x000001D10B32FD10>, <snowplow_tracker.self_describing_json.SelfDescribingJson object at 0x000001D10E66CE90>]}
[0m17:58:13.968014 [debug] [MainThread]: Flushing usage events
[0m17:58:16.027761 [debug] [MainThread]: An error was encountered while trying to flush usage events
[0m18:00:04.724555 [debug] [MainThread]: Sending event: {'category': 'dbt', 'action': 'invocation', 'label': 'start', 'context': [<snowplow_tracker.self_describing_json.SelfDescribingJson object at 0x0000023286B65160>, <snowplow_tracker.self_describing_json.SelfDescribingJson object at 0x0000023283981450>, <snowplow_tracker.self_describing_json.SelfDescribingJson object at 0x00000232892D3C50>]}


============================== 18:00:04.731037 | 2a299497-8c53-434a-89b0-8e92ff695da7 ==============================
[0m18:00:04.731037 [info ] [MainThread]: Running with dbt=1.12.0
[0m18:00:04.731532 [debug] [MainThread]: running dbt with arguments {'maximum_seed_size_mib': '1', 'no_print': 'None', 'static_parser': 'True', 'warn_error_options': 'WarnErrorOptionsV2(error=[], warn=[], silence=[])', 'target_path': 'None', 'version_check': 'True', 'printer_width': '80', 'write_json': 'True', 'empty': 'False', 'log_cache_events': 'False', 'introspect': 'True', 'cache_selected_only': 'False', 'log_format': 'default', 'debug': 'False', 'fail_fast': 'False', 'partial_parse': 'True', 'send_anonymous_usage_stats': 'True', 'quiet': 'False', 'warn_error': 'None', 'profiles_dir': 'C:\\Users\\HP\\.dbt', 'use_colors': 'True', 'hints_enabled': 'True', 'invocation_command': 'dbt run --select tag:intermediate', 'use_experimental_parser': 'False', 'indirect_selection': 'eager', 'log_path': 'C:\\Arjun_dbt_project\\old_dbt_project\\logs'}
[0m18:00:05.440229 [debug] [MainThread]: Snowflake adapter: Setting snowflake.connector to ERROR (file logging only)
[0m18:00:05.440927 [debug] [MainThread]: Snowflake adapter: Setting botocore to ERROR (file logging only)
[0m18:00:05.441474 [debug] [MainThread]: Snowflake adapter: Setting boto3 to ERROR (file logging only)
[0m18:00:05.673644 [debug] [MainThread]: Sending event: {'category': 'dbt', 'action': 'project_id', 'label': '2a299497-8c53-434a-89b0-8e92ff695da7', 'context': [<snowplow_tracker.self_describing_json.SelfDescribingJson object at 0x000002328723DE00>]}
[0m18:00:05.719000 [debug] [MainThread]: Sending event: {'category': 'dbt', 'action': 'adapter_info', 'label': '2a299497-8c53-434a-89b0-8e92ff695da7', 'context': [<snowplow_tracker.self_describing_json.SelfDescribingJson object at 0x000002328508EF10>]}
[0m18:00:05.720148 [info ] [MainThread]: Registered adapter: snowflake=1.12.0
[0m18:00:05.987136 [debug] [MainThread]: checksum: 34d064bbf3d7c01e29a022f69428015a75a45641a9d372ee507764c8a4f69675, vars: {}, profile: my_dbt_project, target: dev, version: 1.12.0
[0m18:00:06.152884 [debug] [MainThread]: Partial parsing enabled: 0 files deleted, 0 files added, 0 files changed.
[0m18:00:06.153657 [debug] [MainThread]: Nothing changed, skipping partial parsing.
[0m18:00:06.154027 [debug] [MainThread]: Partial parsing enabled, no changes found, skipping parsing
[0m18:00:06.158416 [warn ] [MainThread]: [[33mWARNING[0m]: Configuration paths exist in your dbt_project.yml file which do not apply to any resources.
There are 5 unused configuration paths:
- models.my_new_project.MART.facts
- models.my_new_project.MART
- models.my_new_project.INTERMEDIATE
- models.my_new_project.MART.dimensions
- models.my_new_project.STAGE
[0m18:00:06.161560 [debug] [MainThread]: Sending event: {'category': 'dbt', 'action': 'load_project', 'label': '2a299497-8c53-434a-89b0-8e92ff695da7', 'context': [<snowplow_tracker.self_describing_json.SelfDescribingJson object at 0x000002328B1EE550>]}
[0m18:00:06.294579 [debug] [MainThread]: Wrote artifact WritableManifest to C:\Arjun_dbt_project\old_dbt_project\target\manifest.json
[0m18:00:06.299785 [debug] [MainThread]: Wrote artifact SemanticManifest to C:\Arjun_dbt_project\old_dbt_project\target\semantic_manifest.json
[0m18:00:06.330011 [debug] [MainThread]: Wrote artifact OsiDocument to C:\Arjun_dbt_project\old_dbt_project\target\osi_document.json
[0m18:00:06.355863 [debug] [MainThread]: Sending event: {'category': 'dbt', 'action': 'resource_counts', 'label': '2a299497-8c53-434a-89b0-8e92ff695da7', 'context': [<snowplow_tracker.self_describing_json.SelfDescribingJson object at 0x000002328B2D5C70>]}
[0m18:00:06.356282 [info ] [MainThread]: Found 15 models, 2 snapshots, 2 data tests, 7 sources, 547 macros
[0m18:00:06.356601 [debug] [MainThread]: Sending event: {'category': 'dbt', 'action': 'runnable_timing', 'label': '2a299497-8c53-434a-89b0-8e92ff695da7', 'context': [<snowplow_tracker.self_describing_json.SelfDescribingJson object at 0x000002328C3151D0>]}
[0m18:00:06.357124 [warn ] [MainThread]: [[33mWARNING[0m]: The selection criterion 'tag:intermediate' does not match any enabled nodes
[0m18:00:06.358090 [warn ] [MainThread]: [[33mWARNING[0m]: Nothing to do. Try checking your model configs and model specification args
[0m18:00:06.359452 [debug] [MainThread]: Command end result
[0m18:00:06.398497 [debug] [MainThread]: Wrote artifact WritableManifest to C:\Arjun_dbt_project\old_dbt_project\target\manifest.json
[0m18:00:06.403229 [debug] [MainThread]: Wrote artifact SemanticManifest to C:\Arjun_dbt_project\old_dbt_project\target\semantic_manifest.json
[0m18:00:06.407560 [debug] [MainThread]: Wrote artifact OsiDocument to C:\Arjun_dbt_project\old_dbt_project\target\osi_document.json
[0m18:00:06.412564 [debug] [MainThread]: Wrote artifact RunExecutionResult to C:\Arjun_dbt_project\old_dbt_project\target\run_results.json
[0m18:00:06.413352 [debug] [MainThread]: Command `dbt run` succeeded at 18:00:06.413245 after 1.86 seconds
[0m18:00:06.413635 [debug] [MainThread]: Sending event: {'category': 'dbt', 'action': 'invocation', 'label': 'end', 'context': [<snowplow_tracker.self_describing_json.SelfDescribingJson object at 0x000002328B06FD40>, <snowplow_tracker.self_describing_json.SelfDescribingJson object at 0x0000023288F7FD10>, <snowplow_tracker.self_describing_json.SelfDescribingJson object at 0x000002328C2F9190>]}
[0m18:00:06.413881 [debug] [MainThread]: Flushing usage events
[0m18:00:08.888686 [debug] [MainThread]: An error was encountered while trying to flush usage events
[0m18:01:02.094867 [debug] [MainThread]: Sending event: {'category': 'dbt', 'action': 'invocation', 'label': 'start', 'context': [<snowplow_tracker.self_describing_json.SelfDescribingJson object at 0x000001FF5F305160>, <snowplow_tracker.self_describing_json.SelfDescribingJson object at 0x000001FF5C181450>, <snowplow_tracker.self_describing_json.SelfDescribingJson object at 0x000001FF61A73C50>]}


============================== 18:01:02.098387 | 48b7dea7-912c-44d7-ab35-8ff7c8877bc6 ==============================
[0m18:01:02.098387 [info ] [MainThread]: Running with dbt=1.12.0
[0m18:01:02.098892 [debug] [MainThread]: running dbt with arguments {'maximum_seed_size_mib': '1', 'no_print': 'None', 'static_parser': 'True', 'warn_error_options': 'WarnErrorOptionsV2(error=[], warn=[], silence=[])', 'target_path': 'None', 'version_check': 'True', 'printer_width': '80', 'write_json': 'True', 'empty': 'False', 'log_cache_events': 'False', 'introspect': 'True', 'cache_selected_only': 'False', 'log_format': 'default', 'debug': 'False', 'fail_fast': 'False', 'profiles_dir': 'C:\\Users\\HP\\.dbt', 'send_anonymous_usage_stats': 'True', 'quiet': 'False', 'warn_error': 'None', 'partial_parse': 'True', 'invocation_command': 'dbt run --select tag:intermediate', 'hints_enabled': 'True', 'indirect_selection': 'eager', 'use_experimental_parser': 'False', 'use_colors': 'True', 'log_path': 'C:\\Arjun_dbt_project\\old_dbt_project\\logs'}
[0m18:01:02.446536 [debug] [MainThread]: Snowflake adapter: Setting snowflake.connector to ERROR (file logging only)
[0m18:01:02.446879 [debug] [MainThread]: Snowflake adapter: Setting botocore to ERROR (file logging only)
[0m18:01:02.447088 [debug] [MainThread]: Snowflake adapter: Setting boto3 to ERROR (file logging only)
[0m18:01:02.646860 [debug] [MainThread]: Sending event: {'category': 'dbt', 'action': 'project_id', 'label': '48b7dea7-912c-44d7-ab35-8ff7c8877bc6', 'context': [<snowplow_tracker.self_describing_json.SelfDescribingJson object at 0x000001FF5F9DDE00>]}
[0m18:01:02.695851 [debug] [MainThread]: Sending event: {'category': 'dbt', 'action': 'adapter_info', 'label': '48b7dea7-912c-44d7-ab35-8ff7c8877bc6', 'context': [<snowplow_tracker.self_describing_json.SelfDescribingJson object at 0x000001FF5D82EF10>]}
[0m18:01:02.697105 [info ] [MainThread]: Registered adapter: snowflake=1.12.0
[0m18:01:02.904005 [debug] [MainThread]: checksum: 34d064bbf3d7c01e29a022f69428015a75a45641a9d372ee507764c8a4f69675, vars: {}, profile: my_dbt_project, target: dev, version: 1.12.0
[0m18:01:03.004373 [info ] [MainThread]: Unable to do partial parsing because a project config has changed
[0m18:01:03.005015 [debug] [MainThread]: Sending event: {'category': 'dbt', 'action': 'partial_parser', 'label': '48b7dea7-912c-44d7-ab35-8ff7c8877bc6', 'context': [<snowplow_tracker.self_describing_json.SelfDescribingJson object at 0x000001FF6492DC50>]}
[0m18:01:04.276072 [warn ] [MainThread]: [[33mWARNING[0m]: Configuration paths exist in your dbt_project.yml file which do not apply to any resources.
There are 3 unused configuration paths:
- models.my_new_project.mart
- models.my_new_project.mart.facts
- models.my_new_project.mart.dimensions
[0m18:01:04.278956 [debug] [MainThread]: Sending event: {'category': 'dbt', 'action': 'load_project', 'label': '48b7dea7-912c-44d7-ab35-8ff7c8877bc6', 'context': [<snowplow_tracker.self_describing_json.SelfDescribingJson object at 0x000001FF6328E990>]}
[0m18:01:04.382102 [debug] [MainThread]: Wrote artifact WritableManifest to C:\Arjun_dbt_project\old_dbt_project\target\manifest.json
[0m18:01:04.387287 [debug] [MainThread]: Wrote artifact SemanticManifest to C:\Arjun_dbt_project\old_dbt_project\target\semantic_manifest.json
[0m18:01:04.405362 [debug] [MainThread]: Wrote artifact OsiDocument to C:\Arjun_dbt_project\old_dbt_project\target\osi_document.json
[0m18:01:04.430221 [debug] [MainThread]: Sending event: {'category': 'dbt', 'action': 'resource_counts', 'label': '48b7dea7-912c-44d7-ab35-8ff7c8877bc6', 'context': [<snowplow_tracker.self_describing_json.SelfDescribingJson object at 0x000001FF64A77770>]}
[0m18:01:04.430838 [info ] [MainThread]: Found 15 models, 2 snapshots, 2 data tests, 7 sources, 547 macros
[0m18:01:04.431231 [debug] [MainThread]: Sending event: {'category': 'dbt', 'action': 'runnable_timing', 'label': '48b7dea7-912c-44d7-ab35-8ff7c8877bc6', 'context': [<snowplow_tracker.self_describing_json.SelfDescribingJson object at 0x000001FF648CAC30>]}
[0m18:01:04.433200 [info ] [MainThread]: 
[0m18:01:04.433597 [info ] [MainThread]: Concurrency: 4 threads (target='dev')
[0m18:01:04.433872 [info ] [MainThread]: 
[0m18:01:04.434269 [debug] [MainThread]: Acquiring new snowflake connection 'master'
[0m18:01:04.438094 [debug] [ThreadPool]: Acquiring new snowflake connection 'list_DBT_PRACTICE'
[0m18:01:04.450773 [debug] [ThreadPool]: Using snowflake connection "list_DBT_PRACTICE"
[0m18:01:04.451097 [debug] [ThreadPool]: On list_DBT_PRACTICE: show terse schemas in database DBT_PRACTICE
    limit 10000
/* {"app": "dbt", "dbt_version": "1.12.0", "profile_name": "my_dbt_project", "target_name": "dev", "connection_name": "list_DBT_PRACTICE"} */
[0m18:01:04.451314 [debug] [ThreadPool]: Opening a new connection, currently in state init
[0m18:01:06.323986 [debug] [ThreadPool]: SQL status: SUCCESS 6 in 1.873 seconds
[0m18:01:06.326924 [debug] [ThreadPool]: Re-using an available connection from the pool (formerly list_DBT_PRACTICE, now create_DBT_PRACTICE_INTERMEDIATE)
[0m18:01:06.328333 [debug] [ThreadPool]: Creating schema "database: "DBT_PRACTICE"
schema: "INTERMEDIATE"
"
[0m18:01:06.330969 [debug] [ThreadPool]: Using snowflake connection "create_DBT_PRACTICE_INTERMEDIATE"
[0m18:01:06.331188 [debug] [ThreadPool]: On create_DBT_PRACTICE_INTERMEDIATE: create schema if not exists DBT_PRACTICE.INTERMEDIATE
/* {"app": "dbt", "dbt_version": "1.12.0", "profile_name": "my_dbt_project", "target_name": "dev", "connection_name": "create_DBT_PRACTICE_INTERMEDIATE"} */
[0m18:01:06.827537 [debug] [ThreadPool]: SQL status: SUCCESS 1 in 0.496 seconds
[0m18:01:06.831189 [debug] [ThreadPool]: Acquiring new snowflake connection 'list_DBT_PRACTICE_SNAPSHOTS'
[0m18:01:06.838376 [debug] [ThreadPool]: Using snowflake connection "list_DBT_PRACTICE_SNAPSHOTS"
[0m18:01:06.838636 [debug] [ThreadPool]: On list_DBT_PRACTICE_SNAPSHOTS: show objects in DBT_PRACTICE.SNAPSHOTS
    limit 10000
    

/* {"app": "dbt", "dbt_version": "1.12.0", "profile_name": "my_dbt_project", "target_name": "dev", "connection_name": "list_DBT_PRACTICE_SNAPSHOTS"} */;
[0m18:01:06.838817 [debug] [ThreadPool]: Opening a new connection, currently in state init
[0m18:01:06.839701 [debug] [ThreadPool]: Acquiring new snowflake connection 'list_DBT_PRACTICE_MARTS'
[0m18:01:06.841864 [debug] [ThreadPool]: Using snowflake connection "list_DBT_PRACTICE_MARTS"
[0m18:01:06.842112 [debug] [ThreadPool]: On list_DBT_PRACTICE_MARTS: show objects in DBT_PRACTICE.MARTS
    limit 10000
    

/* {"app": "dbt", "dbt_version": "1.12.0", "profile_name": "my_dbt_project", "target_name": "dev", "connection_name": "list_DBT_PRACTICE_MARTS"} */;
[0m18:01:06.842297 [debug] [ThreadPool]: Opening a new connection, currently in state init
[0m18:01:06.842683 [debug] [ThreadPool]: Acquiring new snowflake connection 'list_DBT_PRACTICE_STAGING'
[0m18:01:06.844264 [debug] [ThreadPool]: Using snowflake connection "list_DBT_PRACTICE_STAGING"
[0m18:01:06.844723 [debug] [ThreadPool]: Acquiring new snowflake connection 'list_DBT_PRACTICE_RAW'
[0m18:01:06.844927 [debug] [ThreadPool]: On list_DBT_PRACTICE_STAGING: show objects in DBT_PRACTICE.STAGING
    limit 10000
    

/* {"app": "dbt", "dbt_version": "1.12.0", "profile_name": "my_dbt_project", "target_name": "dev", "connection_name": "list_DBT_PRACTICE_STAGING"} */;
[0m18:01:06.846248 [debug] [ThreadPool]: Using snowflake connection "list_DBT_PRACTICE_RAW"
[0m18:01:06.846659 [debug] [ThreadPool]: Opening a new connection, currently in state init
[0m18:01:06.847710 [debug] [ThreadPool]: On list_DBT_PRACTICE_RAW: show objects in DBT_PRACTICE.RAW
    limit 10000
    

/* {"app": "dbt", "dbt_version": "1.12.0", "profile_name": "my_dbt_project", "target_name": "dev", "connection_name": "list_DBT_PRACTICE_RAW"} */;
[0m18:01:06.848215 [debug] [ThreadPool]: Opening a new connection, currently in state init
[0m18:01:08.262756 [debug] [ThreadPool]: SQL status: SUCCESS 2 in 1.416 seconds
[0m18:01:08.268804 [debug] [ThreadPool]: Using snowflake connection "list_DBT_PRACTICE_STAGING"
[0m18:01:08.269057 [debug] [ThreadPool]: On list_DBT_PRACTICE_STAGING: show user functions in DBT_PRACTICE.STAGING
/* {"app": "dbt", "dbt_version": "1.12.0", "profile_name": "my_dbt_project", "target_name": "dev", "connection_name": "list_DBT_PRACTICE_STAGING"} */
[0m18:01:08.466882 [debug] [ThreadPool]: SQL status: SUCCESS 2 in 1.628 seconds
[0m18:01:08.468756 [debug] [ThreadPool]: Using snowflake connection "list_DBT_PRACTICE_SNAPSHOTS"
[0m18:01:08.469526 [debug] [ThreadPool]: SQL status: SUCCESS 4 in 1.627 seconds
[0m18:01:08.469722 [debug] [ThreadPool]: On list_DBT_PRACTICE_SNAPSHOTS: show user functions in DBT_PRACTICE.SNAPSHOTS
/* {"app": "dbt", "dbt_version": "1.12.0", "profile_name": "my_dbt_project", "target_name": "dev", "connection_name": "list_DBT_PRACTICE_SNAPSHOTS"} */
[0m18:01:08.471308 [debug] [ThreadPool]: Using snowflake connection "list_DBT_PRACTICE_MARTS"
[0m18:01:08.471750 [debug] [ThreadPool]: On list_DBT_PRACTICE_MARTS: show user functions in DBT_PRACTICE.MARTS
/* {"app": "dbt", "dbt_version": "1.12.0", "profile_name": "my_dbt_project", "target_name": "dev", "connection_name": "list_DBT_PRACTICE_MARTS"} */
[0m18:01:08.676781 [debug] [ThreadPool]: SQL status: SUCCESS 0 in 0.407 seconds
[0m18:01:08.678512 [debug] [ThreadPool]: Re-using an available connection from the pool (formerly list_DBT_PRACTICE_STAGING, now list_DBT_PRACTICE_INTERMEDIATE)
[0m18:01:08.679900 [debug] [ThreadPool]: Using snowflake connection "list_DBT_PRACTICE_INTERMEDIATE"
[0m18:01:08.680148 [debug] [ThreadPool]: On list_DBT_PRACTICE_INTERMEDIATE: show objects in DBT_PRACTICE.INTERMEDIATE
    limit 10000
    

/* {"app": "dbt", "dbt_version": "1.12.0", "profile_name": "my_dbt_project", "target_name": "dev", "connection_name": "list_DBT_PRACTICE_INTERMEDIATE"} */;
[0m18:01:08.876415 [debug] [ThreadPool]: SQL status: SUCCESS 0 in 0.404 seconds
[0m18:01:08.878948 [debug] [ThreadPool]: SQL status: SUCCESS 0 in 0.407 seconds
[0m18:01:09.080789 [debug] [ThreadPool]: SQL status: SUCCESS 0 in 0.400 seconds
[0m18:01:09.083433 [debug] [ThreadPool]: Using snowflake connection "list_DBT_PRACTICE_INTERMEDIATE"
[0m18:01:09.083676 [debug] [ThreadPool]: On list_DBT_PRACTICE_INTERMEDIATE: show user functions in DBT_PRACTICE.INTERMEDIATE
/* {"app": "dbt", "dbt_version": "1.12.0", "profile_name": "my_dbt_project", "target_name": "dev", "connection_name": "list_DBT_PRACTICE_INTERMEDIATE"} */
[0m18:01:09.224132 [debug] [ThreadPool]: SQL status: SUCCESS 15 in 2.376 seconds
[0m18:01:09.227304 [debug] [ThreadPool]: Using snowflake connection "list_DBT_PRACTICE_RAW"
[0m18:01:09.227549 [debug] [ThreadPool]: On list_DBT_PRACTICE_RAW: show user functions in DBT_PRACTICE.RAW
/* {"app": "dbt", "dbt_version": "1.12.0", "profile_name": "my_dbt_project", "target_name": "dev", "connection_name": "list_DBT_PRACTICE_RAW"} */
[0m18:01:09.390209 [debug] [ThreadPool]: SQL status: SUCCESS 0 in 0.306 seconds
[0m18:01:09.595354 [debug] [ThreadPool]: SQL status: SUCCESS 0 in 0.368 seconds
[0m18:01:09.599553 [debug] [MainThread]: Sending event: {'category': 'dbt', 'action': 'runnable_timing', 'label': '48b7dea7-912c-44d7-ab35-8ff7c8877bc6', 'context': [<snowplow_tracker.self_describing_json.SelfDescribingJson object at 0x000001FF64F79010>]}
[0m18:01:09.612521 [debug] [Thread-3 (]: Began running node model.my_new_project.inter_consumer_budget
[0m18:01:09.612901 [debug] [Thread-2 (]: Began running node model.my_new_project.inter_consumer_bill
[0m18:01:09.613175 [debug] [Thread-4 (]: Began running node model.my_new_project.inter_consumer_erp_posemachine
[0m18:01:09.613531 [info ] [Thread-3 (]: 2 of 3 START sql view model INTERMEDIATE.inter_consumer_budget ................. [RUN]
[0m18:01:09.613859 [info ] [Thread-2 (]: 1 of 3 START sql view model INTERMEDIATE.inter_consumer_bill ................... [RUN]
[0m18:01:09.615239 [debug] [Thread-3 (]: Acquiring new snowflake connection 'model.my_new_project.inter_consumer_budget'
[0m18:01:09.615605 [debug] [Thread-2 (]: Acquiring new snowflake connection 'model.my_new_project.inter_consumer_bill'
[0m18:01:09.615839 [debug] [Thread-3 (]: Began compiling node model.my_new_project.inter_consumer_budget
[0m18:01:09.616087 [debug] [Thread-2 (]: Began compiling node model.my_new_project.inter_consumer_bill
[0m18:01:09.621124 [debug] [Thread-3 (]: Writing injected SQL for node "model.my_new_project.inter_consumer_budget"
[0m18:01:09.614238 [info ] [Thread-4 (]: 3 of 3 START sql view model INTERMEDIATE.inter_consumer_erp_posemachine ........ [RUN]
[0m18:01:09.622622 [debug] [Thread-2 (]: Writing injected SQL for node "model.my_new_project.inter_consumer_bill"
[0m18:01:09.623146 [debug] [Thread-4 (]: Acquiring new snowflake connection 'model.my_new_project.inter_consumer_erp_posemachine'
[0m18:01:09.623502 [debug] [Thread-4 (]: Began compiling node model.my_new_project.inter_consumer_erp_posemachine
[0m18:01:09.625430 [debug] [Thread-4 (]: Writing injected SQL for node "model.my_new_project.inter_consumer_erp_posemachine"
[0m18:01:09.634739 [debug] [Thread-2 (]: Began executing node model.my_new_project.inter_consumer_bill
[0m18:01:09.635347 [debug] [Thread-4 (]: Began executing node model.my_new_project.inter_consumer_erp_posemachine
[0m18:01:09.652077 [debug] [Thread-3 (]: Began executing node model.my_new_project.inter_consumer_budget
[0m18:01:09.655587 [debug] [Thread-2 (]: Writing runtime sql for node "model.my_new_project.inter_consumer_bill"
[0m18:01:09.657146 [debug] [Thread-4 (]: Writing runtime sql for node "model.my_new_project.inter_consumer_erp_posemachine"
[0m18:01:09.658450 [debug] [Thread-3 (]: Writing runtime sql for node "model.my_new_project.inter_consumer_budget"
[0m18:01:09.667669 [debug] [Thread-3 (]: Using snowflake connection "model.my_new_project.inter_consumer_budget"
[0m18:01:09.668510 [debug] [Thread-4 (]: Using snowflake connection "model.my_new_project.inter_consumer_erp_posemachine"
[0m18:01:09.669425 [debug] [Thread-2 (]: Using snowflake connection "model.my_new_project.inter_consumer_bill"
[0m18:01:09.669817 [debug] [Thread-3 (]: On model.my_new_project.inter_consumer_budget: create or replace   view DBT_PRACTICE.INTERMEDIATE.inter_consumer_budget
  
  
  
  
  as (
    select distinct ebw.consumer_application_no,
ebw.total_supv_amount,
ebw.je_return_amount,
ebw.minus_cost,
ebw.version_number 
from DBT_PRACTICE.STAGING.stg_erp_budget_workflow_amount ebw
  )
/* {"app": "dbt", "dbt_version": "1.12.0", "profile_name": "my_dbt_project", "target_name": "dev", "node_id": "model.my_new_project.inter_consumer_budget"} */;
[0m18:01:09.673124 [debug] [Thread-4 (]: On model.my_new_project.inter_consumer_erp_posemachine: create or replace   view DBT_PRACTICE.INTERMEDIATE.inter_consumer_erp_posemachine
  
  
  
  
  as (
    select distinct er.cons_app_no,supervision_amnt,
estimate_amount,
cgst,
sgst,
amount_to_pay,
location,
deposit_amt,
Tnsc_amount,
payment_date,
payment_mode,
bank_name,
payment_type
from 
DBT_PRACTICE.STAGING.stg_erp_rev er left join
DBT_PRACTICE.STAGING.stg_pose_machine_d pd on er.cons_app_no=pd.application_numbwer
  )
/* {"app": "dbt", "dbt_version": "1.12.0", "profile_name": "my_dbt_project", "target_name": "dev", "node_id": "model.my_new_project.inter_consumer_erp_posemachine"} */;
[0m18:01:09.673527 [debug] [Thread-2 (]: On model.my_new_project.inter_consumer_bill: create or replace   view DBT_PRACTICE.INTERMEDIATE.inter_consumer_bill
  
  
  
  
  as (
    select 
distinct cad.CONSUMER_APPLICATION_NUMBER,
cad.CONSUMER_NAME,
cad.ADDRESS,
cad.created_date,
cad.APPLICATION_STATUS,
cad.SHORT_DESCRIPTION_OF_WORK,
cad.NATURE_OF_WORK_ID,
bpr.reg_amount,
bpr.payment_method_type,
bpr.additional_info1,
bpr.charge_amount

from DBT_PRACTICE.STAGING.stg_consumer_application_detail cad left join
DBT_PRACTICE.STAGING.stg_billdesk_payment_res bpr on cad.consumer_application_number=bpr.consumer_application_no
  )
/* {"app": "dbt", "dbt_version": "1.12.0", "profile_name": "my_dbt_project", "target_name": "dev", "node_id": "model.my_new_project.inter_consumer_bill"} */;
[0m18:01:09.673839 [debug] [Thread-3 (]: Opening a new connection, currently in state init
[0m18:01:09.674105 [debug] [Thread-4 (]: Opening a new connection, currently in state init
[0m18:01:09.674345 [debug] [Thread-2 (]: Opening a new connection, currently in state init
[0m18:01:10.871048 [debug] [Thread-4 (]: Snowflake adapter: Snowflake query id: 01c6516f-0204-6457-0004-f1ee0015036a
[0m18:01:10.872135 [debug] [Thread-3 (]: Snowflake adapter: Snowflake query id: 01c6516f-0204-64ff-0004-f1ee001546e2
[0m18:01:10.872593 [debug] [Thread-2 (]: Snowflake adapter: Snowflake query id: 01c6516f-0204-64ff-0004-f1ee001546de
[0m18:01:10.872827 [debug] [Thread-4 (]: Snowflake adapter: Snowflake error: 002003 (42S02): SQL compilation error:
Object 'DBT_PRACTICE.STAGING.STG_ERP_REV' does not exist or not authorized.
[0m18:01:10.873157 [debug] [Thread-3 (]: Snowflake adapter: Snowflake error: 002003 (42S02): SQL compilation error:
Object 'DBT_PRACTICE.STAGING.STG_ERP_BUDGET_WORKFLOW_AMOUNT' does not exist or not authorized.
[0m18:01:10.873492 [debug] [Thread-2 (]: Snowflake adapter: Snowflake error: 002003 (42S02): SQL compilation error:
Object 'DBT_PRACTICE.STAGING.STG_CONSUMER_APPLICATION_DETAIL' does not exist or not authorized.
[0m18:01:10.890836 [debug] [Thread-2 (]: Database Error in model inter_consumer_bill (models\intermediate\inter_consumer_bill.sql)
  002003 (42S02): SQL compilation error:
  Object 'DBT_PRACTICE.STAGING.STG_CONSUMER_APPLICATION_DETAIL' does not exist or not authorized.
  compiled code at target\run\my_new_project\models\intermediate\inter_consumer_bill.sql
[0m18:01:10.895816 [debug] [Thread-4 (]: Database Error in model inter_consumer_erp_posemachine (models\intermediate\inter_consumer_erp_posemachine.sql)
  002003 (42S02): SQL compilation error:
  Object 'DBT_PRACTICE.STAGING.STG_ERP_REV' does not exist or not authorized.
  compiled code at target\run\my_new_project\models\intermediate\inter_consumer_erp_posemachine.sql
[0m18:01:10.896914 [debug] [Thread-3 (]: Database Error in model inter_consumer_budget (models\intermediate\inter_consumer_budget.sql)
  002003 (42S02): SQL compilation error:
  Object 'DBT_PRACTICE.STAGING.STG_ERP_BUDGET_WORKFLOW_AMOUNT' does not exist or not authorized.
  compiled code at target\run\my_new_project\models\intermediate\inter_consumer_budget.sql
[0m18:01:10.898284 [debug] [Thread-2 (]: Sending event: {'category': 'dbt', 'action': 'run_model', 'label': '48b7dea7-912c-44d7-ab35-8ff7c8877bc6', 'context': [<snowplow_tracker.self_describing_json.SelfDescribingJson object at 0x000001FF651FD650>]}
[0m18:01:10.898629 [debug] [Thread-4 (]: Sending event: {'category': 'dbt', 'action': 'run_model', 'label': '48b7dea7-912c-44d7-ab35-8ff7c8877bc6', 'context': [<snowplow_tracker.self_describing_json.SelfDescribingJson object at 0x000001FF65200370>]}
[0m18:01:10.898980 [debug] [Thread-3 (]: Sending event: {'category': 'dbt', 'action': 'run_model', 'label': '48b7dea7-912c-44d7-ab35-8ff7c8877bc6', 'context': [<snowplow_tracker.self_describing_json.SelfDescribingJson object at 0x000001FF5F973750>]}
[0m18:01:10.899641 [error] [Thread-2 (]: 1 of 3 ERROR creating sql view model INTERMEDIATE.inter_consumer_bill .......... [[31mERROR[0m in 1.28s]
[0m18:01:10.901356 [debug] [Thread-2 (]: Finished running node model.my_new_project.inter_consumer_bill
[0m18:01:10.900315 [error] [Thread-4 (]: 3 of 3 ERROR creating sql view model INTERMEDIATE.inter_consumer_erp_posemachine  [[31mERROR[0m in 1.27s]
[0m18:01:10.901958 [debug] [Thread-8 (]: Marking all children of 'model.my_new_project.inter_consumer_bill' to be skipped because of status 'error'.  Reason: Database Error in model inter_consumer_bill (models\intermediate\inter_consumer_bill.sql)
  002003 (42S02): SQL compilation error:
  Object 'DBT_PRACTICE.STAGING.STG_CONSUMER_APPLICATION_DETAIL' does not exist or not authorized.
  compiled code at target\run\my_new_project\models\intermediate\inter_consumer_bill.sql.
[0m18:01:10.900891 [error] [Thread-3 (]: 2 of 3 ERROR creating sql view model INTERMEDIATE.inter_consumer_budget ........ [[31mERROR[0m in 1.28s]
[0m18:01:10.902413 [debug] [Thread-4 (]: Finished running node model.my_new_project.inter_consumer_erp_posemachine
[0m18:01:10.903283 [debug] [Thread-3 (]: Finished running node model.my_new_project.inter_consumer_budget
[0m18:01:10.903693 [debug] [Thread-8 (]: Marking all children of 'model.my_new_project.inter_consumer_erp_posemachine' to be skipped because of status 'error'.  Reason: Database Error in model inter_consumer_erp_posemachine (models\intermediate\inter_consumer_erp_posemachine.sql)
  002003 (42S02): SQL compilation error:
  Object 'DBT_PRACTICE.STAGING.STG_ERP_REV' does not exist or not authorized.
  compiled code at target\run\my_new_project\models\intermediate\inter_consumer_erp_posemachine.sql.
[0m18:01:10.904093 [debug] [Thread-8 (]: Marking all children of 'model.my_new_project.inter_consumer_budget' to be skipped because of status 'error'.  Reason: Database Error in model inter_consumer_budget (models\intermediate\inter_consumer_budget.sql)
  002003 (42S02): SQL compilation error:
  Object 'DBT_PRACTICE.STAGING.STG_ERP_BUDGET_WORKFLOW_AMOUNT' does not exist or not authorized.
  compiled code at target\run\my_new_project\models\intermediate\inter_consumer_budget.sql.
[0m18:01:10.905155 [debug] [MainThread]: Connection 'master' was properly closed.
[0m18:01:10.905398 [debug] [MainThread]: Connection 'create_DBT_PRACTICE_INTERMEDIATE' was left open.
[0m18:01:10.905624 [debug] [MainThread]: On create_DBT_PRACTICE_INTERMEDIATE: Close
[0m18:01:11.408937 [debug] [MainThread]: Connection 'list_DBT_PRACTICE_SNAPSHOTS' was left open.
[0m18:01:11.409338 [debug] [MainThread]: On list_DBT_PRACTICE_SNAPSHOTS: Close
[0m18:01:12.698589 [debug] [MainThread]: Connection 'list_DBT_PRACTICE_MARTS' was left open.
[0m18:01:12.699243 [debug] [MainThread]: On list_DBT_PRACTICE_MARTS: Close
[0m18:01:13.336288 [debug] [MainThread]: Connection 'list_DBT_PRACTICE_INTERMEDIATE' was left open.
[0m18:01:13.336626 [debug] [MainThread]: On list_DBT_PRACTICE_INTERMEDIATE: Close
[0m18:01:13.896092 [debug] [MainThread]: Connection 'list_DBT_PRACTICE_RAW' was left open.
[0m18:01:13.896718 [debug] [MainThread]: On list_DBT_PRACTICE_RAW: Close
[0m18:01:14.635945 [debug] [MainThread]: Connection 'model.my_new_project.inter_consumer_budget' was left open.
[0m18:01:14.636568 [debug] [MainThread]: On model.my_new_project.inter_consumer_budget: Close
[0m18:01:15.439758 [debug] [MainThread]: Connection 'model.my_new_project.inter_consumer_bill' was left open.
[0m18:01:15.440132 [debug] [MainThread]: On model.my_new_project.inter_consumer_bill: Close
[0m18:01:16.372137 [debug] [MainThread]: Connection 'model.my_new_project.inter_consumer_erp_posemachine' was left open.
[0m18:01:16.372468 [debug] [MainThread]: On model.my_new_project.inter_consumer_erp_posemachine: Close
[0m18:01:17.070458 [info ] [MainThread]: 
[0m18:01:17.071298 [info ] [MainThread]: Finished running 3 view models in 0 hours 0 minutes and 12.64 seconds (12.64s).
[0m18:01:17.072028 [debug] [MainThread]: Command end result
[0m18:01:17.121148 [debug] [MainThread]: Wrote artifact WritableManifest to C:\Arjun_dbt_project\old_dbt_project\target\manifest.json
[0m18:01:17.125527 [debug] [MainThread]: Wrote artifact SemanticManifest to C:\Arjun_dbt_project\old_dbt_project\target\semantic_manifest.json
[0m18:01:17.130492 [debug] [MainThread]: Wrote artifact OsiDocument to C:\Arjun_dbt_project\old_dbt_project\target\osi_document.json
[0m18:01:17.139670 [debug] [MainThread]: Wrote artifact RunExecutionResult to C:\Arjun_dbt_project\old_dbt_project\target\run_results.json
[0m18:01:17.139985 [info ] [MainThread]: 
[0m18:01:17.140326 [info ] [MainThread]: [31mCompleted with 3 errors, 0 partial successes, and 0 warnings:[0m
[0m18:01:17.140648 [info ] [MainThread]: 
[0m18:01:17.140973 [error] [MainThread]: [[31mERROR[0m]: in model inter_consumer_bill (models\intermediate\inter_consumer_bill.sql)
[0m18:01:17.141257 [error] [MainThread]:   Database Error in model inter_consumer_bill (models\intermediate\inter_consumer_bill.sql)
  002003 (42S02): SQL compilation error:
  Object 'DBT_PRACTICE.STAGING.STG_CONSUMER_APPLICATION_DETAIL' does not exist or not authorized.
  compiled code at target\run\my_new_project\models\intermediate\inter_consumer_bill.sql
[0m18:01:17.141604 [info ] [MainThread]: 
[0m18:01:17.141854 [info ] [MainThread]:   compiled code at target\compiled\my_new_project\models\intermediate\inter_consumer_bill.sql
[0m18:01:17.142088 [info ] [MainThread]: 
[0m18:01:17.142394 [error] [MainThread]: [[31mERROR[0m]: in model inter_consumer_erp_posemachine (models\intermediate\inter_consumer_erp_posemachine.sql)
[0m18:01:17.142670 [error] [MainThread]:   Database Error in model inter_consumer_erp_posemachine (models\intermediate\inter_consumer_erp_posemachine.sql)
  002003 (42S02): SQL compilation error:
  Object 'DBT_PRACTICE.STAGING.STG_ERP_REV' does not exist or not authorized.
  compiled code at target\run\my_new_project\models\intermediate\inter_consumer_erp_posemachine.sql
[0m18:01:17.142879 [info ] [MainThread]: 
[0m18:01:17.143103 [info ] [MainThread]:   compiled code at target\compiled\my_new_project\models\intermediate\inter_consumer_erp_posemachine.sql
[0m18:01:17.143333 [info ] [MainThread]: 
[0m18:01:17.143619 [error] [MainThread]: [[31mERROR[0m]: in model inter_consumer_budget (models\intermediate\inter_consumer_budget.sql)
[0m18:01:17.143872 [error] [MainThread]:   Database Error in model inter_consumer_budget (models\intermediate\inter_consumer_budget.sql)
  002003 (42S02): SQL compilation error:
  Object 'DBT_PRACTICE.STAGING.STG_ERP_BUDGET_WORKFLOW_AMOUNT' does not exist or not authorized.
  compiled code at target\run\my_new_project\models\intermediate\inter_consumer_budget.sql
[0m18:01:17.144096 [info ] [MainThread]: 
[0m18:01:17.144369 [info ] [MainThread]:   compiled code at target\compiled\my_new_project\models\intermediate\inter_consumer_budget.sql
[0m18:01:17.144622 [info ] [MainThread]: 
[0m18:01:17.144891 [info ] [MainThread]: Done. PASS=0 WARN=0 ERROR=3 SKIP=0 NO-OP=0 REUSED=0 TOTAL=3
[0m18:01:17.145800 [debug] [MainThread]: Command `dbt run` failed at 18:01:17.145650 after 15.22 seconds
[0m18:01:17.146367 [debug] [MainThread]: Sending event: {'category': 'dbt', 'action': 'invocation', 'label': 'end', 'context': [<snowplow_tracker.self_describing_json.SelfDescribingJson object at 0x000001FF61AA7BD0>, <snowplow_tracker.self_describing_json.SelfDescribingJson object at 0x000001FF6187B150>, <snowplow_tracker.self_describing_json.SelfDescribingJson object at 0x000001FF5C67E870>]}
[0m18:01:17.146727 [debug] [MainThread]: Flushing usage events
[0m18:01:19.141501 [debug] [MainThread]: An error was encountered while trying to flush usage events
[0m18:02:46.859626 [debug] [MainThread]: Sending event: {'category': 'dbt', 'action': 'invocation', 'label': 'start', 'context': [<snowplow_tracker.self_describing_json.SelfDescribingJson object at 0x0000016FA0AB5160>, <snowplow_tracker.self_describing_json.SelfDescribingJson object at 0x0000016F9D961450>, <snowplow_tracker.self_describing_json.SelfDescribingJson object at 0x0000016FA3213C50>]}


============================== 18:02:46.872851 | 6064137e-8335-4726-8346-53dcefeea67e ==============================
[0m18:02:46.872851 [info ] [MainThread]: Running with dbt=1.12.0
[0m18:02:46.874932 [debug] [MainThread]: running dbt with arguments {'static_parser': 'True', 'no_print': 'None', 'version_check': 'True', 'warn_error_options': 'WarnErrorOptionsV2(error=[], warn=[], silence=[])', 'target_path': 'None', 'maximum_seed_size_mib': '1', 'printer_width': '80', 'write_json': 'True', 'empty': 'False', 'log_cache_events': 'False', 'introspect': 'True', 'cache_selected_only': 'False', 'log_format': 'default', 'debug': 'False', 'fail_fast': 'False', 'profiles_dir': 'C:\\Users\\HP\\.dbt', 'send_anonymous_usage_stats': 'True', 'quiet': 'False', 'warn_error': 'None', 'partial_parse': 'True', 'invocation_command': 'dbt run --select tag:intermediate', 'hints_enabled': 'True', 'use_colors': 'True', 'use_experimental_parser': 'False', 'indirect_selection': 'eager', 'log_path': 'C:\\Arjun_dbt_project\\old_dbt_project\\logs'}
[0m18:02:47.773932 [debug] [MainThread]: Snowflake adapter: Setting snowflake.connector to ERROR (file logging only)
[0m18:02:47.774333 [debug] [MainThread]: Snowflake adapter: Setting botocore to ERROR (file logging only)
[0m18:02:47.774578 [debug] [MainThread]: Snowflake adapter: Setting boto3 to ERROR (file logging only)
[0m18:02:48.029911 [debug] [MainThread]: Sending event: {'category': 'dbt', 'action': 'project_id', 'label': '6064137e-8335-4726-8346-53dcefeea67e', 'context': [<snowplow_tracker.self_describing_json.SelfDescribingJson object at 0x0000016FA117DE00>]}
[0m18:02:48.083084 [debug] [MainThread]: Sending event: {'category': 'dbt', 'action': 'adapter_info', 'label': '6064137e-8335-4726-8346-53dcefeea67e', 'context': [<snowplow_tracker.self_describing_json.SelfDescribingJson object at 0x0000016F9EFDEF10>]}
[0m18:02:48.084354 [info ] [MainThread]: Registered adapter: snowflake=1.12.0
[0m18:02:48.358012 [debug] [MainThread]: checksum: 34d064bbf3d7c01e29a022f69428015a75a45641a9d372ee507764c8a4f69675, vars: {}, profile: my_dbt_project, target: dev, version: 1.12.0
[0m18:02:48.470652 [info ] [MainThread]: Unable to do partial parsing because a project config has changed
[0m18:02:48.471429 [debug] [MainThread]: Sending event: {'category': 'dbt', 'action': 'partial_parser', 'label': '6064137e-8335-4726-8346-53dcefeea67e', 'context': [<snowplow_tracker.self_describing_json.SelfDescribingJson object at 0x0000016FA51ADC50>]}
[0m18:02:50.059759 [warn ] [MainThread]: [[33mWARNING[0m]: Configuration paths exist in your dbt_project.yml file which do not apply to any resources.
There are 3 unused configuration paths:
- models.my_new_project.mart
- models.my_new_project.mart.dimensions
- models.my_new_project.mart.facts
[0m18:02:50.064125 [debug] [MainThread]: Sending event: {'category': 'dbt', 'action': 'load_project', 'label': '6064137e-8335-4726-8346-53dcefeea67e', 'context': [<snowplow_tracker.self_describing_json.SelfDescribingJson object at 0x0000016FA4ADE990>]}
[0m18:02:50.209207 [debug] [MainThread]: Wrote artifact WritableManifest to C:\Arjun_dbt_project\old_dbt_project\target\manifest.json
[0m18:02:50.214747 [debug] [MainThread]: Wrote artifact SemanticManifest to C:\Arjun_dbt_project\old_dbt_project\target\semantic_manifest.json
[0m18:02:50.278150 [debug] [MainThread]: Wrote artifact OsiDocument to C:\Arjun_dbt_project\old_dbt_project\target\osi_document.json
[0m18:02:50.324838 [debug] [MainThread]: Sending event: {'category': 'dbt', 'action': 'resource_counts', 'label': '6064137e-8335-4726-8346-53dcefeea67e', 'context': [<snowplow_tracker.self_describing_json.SelfDescribingJson object at 0x0000016FA62C3770>]}
[0m18:02:50.325278 [info ] [MainThread]: Found 15 models, 2 snapshots, 2 data tests, 7 sources, 547 macros
[0m18:02:50.325625 [debug] [MainThread]: Sending event: {'category': 'dbt', 'action': 'runnable_timing', 'label': '6064137e-8335-4726-8346-53dcefeea67e', 'context': [<snowplow_tracker.self_describing_json.SelfDescribingJson object at 0x0000016FA513AC30>]}
[0m18:02:50.327743 [info ] [MainThread]: 
[0m18:02:50.328169 [info ] [MainThread]: Concurrency: 4 threads (target='dev')
[0m18:02:50.328585 [info ] [MainThread]: 
[0m18:02:50.329171 [debug] [MainThread]: Acquiring new snowflake connection 'master'
[0m18:02:50.334653 [debug] [ThreadPool]: Acquiring new snowflake connection 'list_DSP_PROJ'
[0m18:02:50.349240 [debug] [ThreadPool]: Using snowflake connection "list_DSP_PROJ"
[0m18:02:50.350059 [debug] [ThreadPool]: On list_DSP_PROJ: show terse schemas in database DSP_PROJ
    limit 10000
/* {"app": "dbt", "dbt_version": "1.12.0", "profile_name": "my_dbt_project", "target_name": "dev", "connection_name": "list_DSP_PROJ"} */
[0m18:02:50.350406 [debug] [ThreadPool]: Opening a new connection, currently in state init
[0m18:02:52.366910 [debug] [ThreadPool]: SQL status: SUCCESS 7 in 2.016 seconds
[0m18:02:52.373797 [debug] [ThreadPool]: Acquiring new snowflake connection 'list_DSP_PROJ_STAGING'
[0m18:02:52.381029 [debug] [ThreadPool]: Using snowflake connection "list_DSP_PROJ_STAGING"
[0m18:02:52.381272 [debug] [ThreadPool]: On list_DSP_PROJ_STAGING: show objects in DSP_PROJ.STAGING
    limit 10000
    

/* {"app": "dbt", "dbt_version": "1.12.0", "profile_name": "my_dbt_project", "target_name": "dev", "connection_name": "list_DSP_PROJ_STAGING"} */;
[0m18:02:52.381459 [debug] [ThreadPool]: Opening a new connection, currently in state init
[0m18:02:52.382327 [debug] [ThreadPool]: Acquiring new snowflake connection 'list_DBT_PRACTICE_SNAPSHOTS'
[0m18:02:52.383193 [debug] [ThreadPool]: Using snowflake connection "list_DBT_PRACTICE_SNAPSHOTS"
[0m18:02:52.383408 [debug] [ThreadPool]: On list_DBT_PRACTICE_SNAPSHOTS: show objects in DBT_PRACTICE.SNAPSHOTS
    limit 10000
    

/* {"app": "dbt", "dbt_version": "1.12.0", "profile_name": "my_dbt_project", "target_name": "dev", "connection_name": "list_DBT_PRACTICE_SNAPSHOTS"} */;
[0m18:02:52.383608 [debug] [ThreadPool]: Opening a new connection, currently in state init
[0m18:02:52.384496 [debug] [ThreadPool]: Acquiring new snowflake connection 'list_DBT_PRACTICE_MARTS'
[0m18:02:52.387397 [debug] [ThreadPool]: Using snowflake connection "list_DBT_PRACTICE_MARTS"
[0m18:02:52.388367 [debug] [ThreadPool]: Acquiring new snowflake connection 'list_DBT_PRACTICE_RAW'
[0m18:02:52.388711 [debug] [ThreadPool]: On list_DBT_PRACTICE_MARTS: show objects in DBT_PRACTICE.MARTS
    limit 10000
    

/* {"app": "dbt", "dbt_version": "1.12.0", "profile_name": "my_dbt_project", "target_name": "dev", "connection_name": "list_DBT_PRACTICE_MARTS"} */;
[0m18:02:52.390237 [debug] [ThreadPool]: Using snowflake connection "list_DBT_PRACTICE_RAW"
[0m18:02:52.390588 [debug] [ThreadPool]: Opening a new connection, currently in state init
[0m18:02:52.391277 [debug] [ThreadPool]: On list_DBT_PRACTICE_RAW: show objects in DBT_PRACTICE.RAW
    limit 10000
    

/* {"app": "dbt", "dbt_version": "1.12.0", "profile_name": "my_dbt_project", "target_name": "dev", "connection_name": "list_DBT_PRACTICE_RAW"} */;
[0m18:02:52.391931 [debug] [ThreadPool]: Opening a new connection, currently in state init
[0m18:02:53.697407 [debug] [ThreadPool]: SQL status: SUCCESS 2 in 1.314 seconds
[0m18:02:53.702193 [debug] [ThreadPool]: Using snowflake connection "list_DBT_PRACTICE_SNAPSHOTS"
[0m18:02:53.702917 [debug] [ThreadPool]: On list_DBT_PRACTICE_SNAPSHOTS: show user functions in DBT_PRACTICE.SNAPSHOTS
/* {"app": "dbt", "dbt_version": "1.12.0", "profile_name": "my_dbt_project", "target_name": "dev", "connection_name": "list_DBT_PRACTICE_SNAPSHOTS"} */
[0m18:02:53.871404 [debug] [ThreadPool]: SQL status: SUCCESS 4 in 1.481 seconds
[0m18:02:53.872719 [debug] [ThreadPool]: SQL status: SUCCESS 5 in 1.491 seconds
[0m18:02:53.876731 [debug] [ThreadPool]: Using snowflake connection "list_DBT_PRACTICE_MARTS"
[0m18:02:53.878345 [debug] [ThreadPool]: Using snowflake connection "list_DSP_PROJ_STAGING"
[0m18:02:53.878607 [debug] [ThreadPool]: On list_DBT_PRACTICE_MARTS: show user functions in DBT_PRACTICE.MARTS
/* {"app": "dbt", "dbt_version": "1.12.0", "profile_name": "my_dbt_project", "target_name": "dev", "connection_name": "list_DBT_PRACTICE_MARTS"} */
[0m18:02:53.878926 [debug] [ThreadPool]: On list_DSP_PROJ_STAGING: show user functions in DSP_PROJ.STAGING
/* {"app": "dbt", "dbt_version": "1.12.0", "profile_name": "my_dbt_project", "target_name": "dev", "connection_name": "list_DSP_PROJ_STAGING"} */
[0m18:02:53.953574 [debug] [ThreadPool]: SQL status: SUCCESS 15 in 1.562 seconds
[0m18:02:53.955908 [debug] [ThreadPool]: Using snowflake connection "list_DBT_PRACTICE_RAW"
[0m18:02:53.956159 [debug] [ThreadPool]: On list_DBT_PRACTICE_RAW: show user functions in DBT_PRACTICE.RAW
/* {"app": "dbt", "dbt_version": "1.12.0", "profile_name": "my_dbt_project", "target_name": "dev", "connection_name": "list_DBT_PRACTICE_RAW"} */
[0m18:02:54.055226 [debug] [ThreadPool]: SQL status: SUCCESS 0 in 0.352 seconds
[0m18:02:54.056501 [debug] [ThreadPool]: Re-using an available connection from the pool (formerly list_DBT_PRACTICE_SNAPSHOTS, now list_DSP_PROJ_INTERMEDIATE)
[0m18:02:54.057585 [debug] [ThreadPool]: Using snowflake connection "list_DSP_PROJ_INTERMEDIATE"
[0m18:02:54.057848 [debug] [ThreadPool]: On list_DSP_PROJ_INTERMEDIATE: show objects in DSP_PROJ.INTERMEDIATE
    limit 10000
    

/* {"app": "dbt", "dbt_version": "1.12.0", "profile_name": "my_dbt_project", "target_name": "dev", "connection_name": "list_DSP_PROJ_INTERMEDIATE"} */;
[0m18:02:54.215497 [debug] [ThreadPool]: SQL status: SUCCESS 0 in 0.336 seconds
[0m18:02:54.217091 [debug] [ThreadPool]: Re-using an available connection from the pool (formerly list_DBT_PRACTICE_MARTS, now list_DBT_PRACTICE_STAGING)
[0m18:02:54.218325 [debug] [ThreadPool]: SQL status: SUCCESS 0 in 0.339 seconds
[0m18:02:54.220796 [debug] [ThreadPool]: Using snowflake connection "list_DBT_PRACTICE_STAGING"
[0m18:02:54.228234 [debug] [ThreadPool]: On list_DBT_PRACTICE_STAGING: show objects in DBT_PRACTICE.STAGING
    limit 10000
    

/* {"app": "dbt", "dbt_version": "1.12.0", "profile_name": "my_dbt_project", "target_name": "dev", "connection_name": "list_DBT_PRACTICE_STAGING"} */;
[0m18:02:54.322649 [debug] [ThreadPool]: SQL status: SUCCESS 0 in 0.366 seconds
[0m18:02:54.392593 [debug] [ThreadPool]: SQL status: SUCCESS 3 in 0.334 seconds
[0m18:02:54.394440 [debug] [ThreadPool]: Using snowflake connection "list_DSP_PROJ_INTERMEDIATE"
[0m18:02:54.394686 [debug] [ThreadPool]: On list_DSP_PROJ_INTERMEDIATE: show user functions in DSP_PROJ.INTERMEDIATE
/* {"app": "dbt", "dbt_version": "1.12.0", "profile_name": "my_dbt_project", "target_name": "dev", "connection_name": "list_DSP_PROJ_INTERMEDIATE"} */
[0m18:02:54.656929 [debug] [ThreadPool]: SQL status: SUCCESS 2 in 0.428 seconds
[0m18:02:54.658639 [debug] [ThreadPool]: Using snowflake connection "list_DBT_PRACTICE_STAGING"
[0m18:02:54.658870 [debug] [ThreadPool]: On list_DBT_PRACTICE_STAGING: show user functions in DBT_PRACTICE.STAGING
/* {"app": "dbt", "dbt_version": "1.12.0", "profile_name": "my_dbt_project", "target_name": "dev", "connection_name": "list_DBT_PRACTICE_STAGING"} */
[0m18:02:54.760379 [debug] [ThreadPool]: SQL status: SUCCESS 0 in 0.365 seconds
[0m18:02:55.023455 [debug] [ThreadPool]: SQL status: SUCCESS 0 in 0.364 seconds
[0m18:02:55.025981 [debug] [MainThread]: Sending event: {'category': 'dbt', 'action': 'runnable_timing', 'label': '6064137e-8335-4726-8346-53dcefeea67e', 'context': [<snowplow_tracker.self_describing_json.SelfDescribingJson object at 0x0000016FA67BD0D0>]}
[0m18:02:55.033990 [debug] [Thread-2 (]: Began running node model.my_new_project.inter_consumer_bill
[0m18:02:55.034323 [debug] [Thread-3 (]: Began running node model.my_new_project.inter_consumer_budget
[0m18:02:55.034602 [debug] [Thread-4 (]: Began running node model.my_new_project.inter_consumer_erp_posemachine
[0m18:02:55.034915 [info ] [Thread-2 (]: 1 of 3 START sql view model DSP_PROJ.INTERMEDIATE.inter_consumer_bill .......... [RUN]
[0m18:02:55.035473 [info ] [Thread-3 (]: 2 of 3 START sql view model DSP_PROJ.INTERMEDIATE.inter_consumer_budget ........ [RUN]
[0m18:02:55.037075 [debug] [Thread-2 (]: Acquiring new snowflake connection 'model.my_new_project.inter_consumer_bill'
[0m18:02:55.036540 [info ] [Thread-4 (]: 3 of 3 START sql view model DSP_PROJ.INTERMEDIATE.inter_consumer_erp_posemachine  [RUN]
[0m18:02:55.037487 [debug] [Thread-3 (]: Acquiring new snowflake connection 'model.my_new_project.inter_consumer_budget'
[0m18:02:55.037743 [debug] [Thread-2 (]: Began compiling node model.my_new_project.inter_consumer_bill
[0m18:02:55.038061 [debug] [Thread-4 (]: Acquiring new snowflake connection 'model.my_new_project.inter_consumer_erp_posemachine'
[0m18:02:55.038295 [debug] [Thread-3 (]: Began compiling node model.my_new_project.inter_consumer_budget
[0m18:02:55.042878 [debug] [Thread-2 (]: Writing injected SQL for node "model.my_new_project.inter_consumer_bill"
[0m18:02:55.043144 [debug] [Thread-4 (]: Began compiling node model.my_new_project.inter_consumer_erp_posemachine
[0m18:02:55.044232 [debug] [Thread-3 (]: Writing injected SQL for node "model.my_new_project.inter_consumer_budget"
[0m18:02:55.045471 [debug] [Thread-4 (]: Writing injected SQL for node "model.my_new_project.inter_consumer_erp_posemachine"
[0m18:02:55.049283 [debug] [Thread-4 (]: Began executing node model.my_new_project.inter_consumer_erp_posemachine
[0m18:02:55.049801 [debug] [Thread-2 (]: Began executing node model.my_new_project.inter_consumer_bill
[0m18:02:55.050085 [debug] [Thread-3 (]: Began executing node model.my_new_project.inter_consumer_budget
[0m18:02:55.070128 [debug] [Thread-4 (]: Writing runtime sql for node "model.my_new_project.inter_consumer_erp_posemachine"
[0m18:02:55.072521 [debug] [Thread-2 (]: Writing runtime sql for node "model.my_new_project.inter_consumer_bill"
[0m18:02:55.077157 [debug] [Thread-3 (]: Writing runtime sql for node "model.my_new_project.inter_consumer_budget"
[0m18:02:55.081861 [debug] [Thread-4 (]: Using snowflake connection "model.my_new_project.inter_consumer_erp_posemachine"
[0m18:02:55.082423 [debug] [Thread-3 (]: Using snowflake connection "model.my_new_project.inter_consumer_budget"
[0m18:02:55.082982 [debug] [Thread-2 (]: Using snowflake connection "model.my_new_project.inter_consumer_bill"
[0m18:02:55.083226 [debug] [Thread-4 (]: On model.my_new_project.inter_consumer_erp_posemachine: create or replace   view DSP_PROJ.INTERMEDIATE.inter_consumer_erp_posemachine
  
  
  
  
  as (
    select distinct er.cons_app_no,supervision_amnt,
estimate_amount,
cgst,
sgst,
amount_to_pay,
location,
deposit_amt,
Tnsc_amount,
payment_date,
payment_mode,
bank_name,
payment_type
from 
DSP_PROJ.STAGING.stg_erp_rev er left join
DSP_PROJ.STAGING.stg_pose_machine_d pd on er.cons_app_no=pd.application_numbwer
  )
/* {"app": "dbt", "dbt_version": "1.12.0", "profile_name": "my_dbt_project", "target_name": "dev", "node_id": "model.my_new_project.inter_consumer_erp_posemachine"} */;
[0m18:02:55.083485 [debug] [Thread-3 (]: On model.my_new_project.inter_consumer_budget: create or replace   view DSP_PROJ.INTERMEDIATE.inter_consumer_budget
  
  
  
  
  as (
    select distinct ebw.consumer_application_no,
ebw.total_supv_amount,
ebw.je_return_amount,
ebw.minus_cost,
ebw.version_number 
from DSP_PROJ.STAGING.stg_erp_budget_workflow_amount ebw
  )
/* {"app": "dbt", "dbt_version": "1.12.0", "profile_name": "my_dbt_project", "target_name": "dev", "node_id": "model.my_new_project.inter_consumer_budget"} */;
[0m18:02:55.083766 [debug] [Thread-2 (]: On model.my_new_project.inter_consumer_bill: create or replace   view DSP_PROJ.INTERMEDIATE.inter_consumer_bill
  
  
  
  
  as (
    select 
distinct cad.CONSUMER_APPLICATION_NUMBER,
cad.CONSUMER_NAME,
cad.ADDRESS,
cad.created_date,
cad.APPLICATION_STATUS,
cad.SHORT_DESCRIPTION_OF_WORK,
cad.NATURE_OF_WORK_ID,
bpr.reg_amount,
bpr.payment_method_type,
bpr.additional_info1,
bpr.charge_amount

from DSP_PROJ.STAGING.stg_consumer_application_detail cad left join
DSP_PROJ.STAGING.stg_billdesk_payment_res bpr on cad.consumer_application_number=bpr.consumer_application_no
  )
/* {"app": "dbt", "dbt_version": "1.12.0", "profile_name": "my_dbt_project", "target_name": "dev", "node_id": "model.my_new_project.inter_consumer_bill"} */;
[0m18:02:55.084044 [debug] [Thread-4 (]: Opening a new connection, currently in state init
[0m18:02:55.084333 [debug] [Thread-3 (]: Opening a new connection, currently in state init
[0m18:02:55.084562 [debug] [Thread-2 (]: Opening a new connection, currently in state init
[0m18:02:56.599155 [debug] [Thread-2 (]: SQL status: SUCCESS 1 in 1.515 seconds
[0m18:02:56.611350 [debug] [Thread-4 (]: SQL status: SUCCESS 1 in 1.527 seconds
[0m18:02:56.620722 [debug] [Thread-4 (]: Sending event: {'category': 'dbt', 'action': 'run_model', 'label': '6064137e-8335-4726-8346-53dcefeea67e', 'context': [<snowplow_tracker.self_describing_json.SelfDescribingJson object at 0x0000016FA6A3F800>]}
[0m18:02:56.621464 [debug] [Thread-2 (]: Sending event: {'category': 'dbt', 'action': 'run_model', 'label': '6064137e-8335-4726-8346-53dcefeea67e', 'context': [<snowplow_tracker.self_describing_json.SelfDescribingJson object at 0x0000016FA1113750>]}
[0m18:02:56.621170 [info ] [Thread-4 (]: 3 of 3 OK created sql view model DSP_PROJ.INTERMEDIATE.inter_consumer_erp_posemachine  [[32mSUCCESS 1[0m in 1.58s]
[0m18:02:56.621987 [info ] [Thread-2 (]: 1 of 3 OK created sql view model DSP_PROJ.INTERMEDIATE.inter_consumer_bill ..... [[32mSUCCESS 1[0m in 1.58s]
[0m18:02:56.622514 [debug] [Thread-4 (]: Finished running node model.my_new_project.inter_consumer_erp_posemachine
[0m18:02:56.622844 [debug] [Thread-2 (]: Finished running node model.my_new_project.inter_consumer_bill
[0m18:02:56.832527 [debug] [Thread-3 (]: SQL status: SUCCESS 1 in 1.748 seconds
[0m18:02:56.834607 [debug] [Thread-3 (]: Sending event: {'category': 'dbt', 'action': 'run_model', 'label': '6064137e-8335-4726-8346-53dcefeea67e', 'context': [<snowplow_tracker.self_describing_json.SelfDescribingJson object at 0x0000016FA696FF50>]}
[0m18:02:56.835042 [info ] [Thread-3 (]: 2 of 3 OK created sql view model DSP_PROJ.INTERMEDIATE.inter_consumer_budget ... [[32mSUCCESS 1[0m in 1.80s]
[0m18:02:56.835601 [debug] [Thread-3 (]: Finished running node model.my_new_project.inter_consumer_budget
[0m18:02:56.836840 [debug] [MainThread]: Connection 'master' was properly closed.
[0m18:02:56.837163 [debug] [MainThread]: Connection 'list_DSP_PROJ' was left open.
[0m18:02:56.837439 [debug] [MainThread]: On list_DSP_PROJ: Close
[0m18:02:57.453850 [debug] [MainThread]: Connection 'list_DSP_PROJ_STAGING' was left open.
[0m18:02:57.454290 [debug] [MainThread]: On list_DSP_PROJ_STAGING: Close
[0m18:02:58.056748 [debug] [MainThread]: Connection 'list_DSP_PROJ_INTERMEDIATE' was left open.
[0m18:02:58.057370 [debug] [MainThread]: On list_DSP_PROJ_INTERMEDIATE: Close
[0m18:02:58.582420 [debug] [MainThread]: Connection 'list_DBT_PRACTICE_STAGING' was left open.
[0m18:02:58.582756 [debug] [MainThread]: On list_DBT_PRACTICE_STAGING: Close
[0m18:02:59.167593 [debug] [MainThread]: Connection 'list_DBT_PRACTICE_RAW' was left open.
[0m18:02:59.168569 [debug] [MainThread]: On list_DBT_PRACTICE_RAW: Close
[0m18:02:59.838286 [debug] [MainThread]: Connection 'model.my_new_project.inter_consumer_bill' was left open.
[0m18:02:59.838707 [debug] [MainThread]: On model.my_new_project.inter_consumer_bill: Close
[0m18:03:00.512394 [debug] [MainThread]: Connection 'model.my_new_project.inter_consumer_budget' was left open.
[0m18:03:00.512875 [debug] [MainThread]: On model.my_new_project.inter_consumer_budget: Close
[0m18:03:01.008321 [debug] [MainThread]: Connection 'model.my_new_project.inter_consumer_erp_posemachine' was left open.
[0m18:03:01.009420 [debug] [MainThread]: On model.my_new_project.inter_consumer_erp_posemachine: Close
[0m18:03:01.623567 [info ] [MainThread]: 
[0m18:03:01.624095 [info ] [MainThread]: Finished running 3 view models in 0 hours 0 minutes and 11.29 seconds (11.29s).
[0m18:03:01.626214 [debug] [MainThread]: Command end result
[0m18:03:01.675070 [debug] [MainThread]: Wrote artifact WritableManifest to C:\Arjun_dbt_project\old_dbt_project\target\manifest.json
[0m18:03:01.679503 [debug] [MainThread]: Wrote artifact SemanticManifest to C:\Arjun_dbt_project\old_dbt_project\target\semantic_manifest.json
[0m18:03:01.684560 [debug] [MainThread]: Wrote artifact OsiDocument to C:\Arjun_dbt_project\old_dbt_project\target\osi_document.json
[0m18:03:01.699361 [debug] [MainThread]: Wrote artifact RunExecutionResult to C:\Arjun_dbt_project\old_dbt_project\target\run_results.json
[0m18:03:01.699677 [info ] [MainThread]: 
[0m18:03:01.700087 [info ] [MainThread]: [32mCompleted successfully[0m
[0m18:03:01.700414 [info ] [MainThread]: 
[0m18:03:01.700711 [info ] [MainThread]: Done. PASS=3 WARN=0 ERROR=0 SKIP=0 NO-OP=0 REUSED=0 TOTAL=3
[0m18:03:01.701419 [debug] [MainThread]: Command `dbt run` succeeded at 18:03:01.701325 after 15.19 seconds
[0m18:03:01.701844 [debug] [MainThread]: Sending event: {'category': 'dbt', 'action': 'invocation', 'label': 'end', 'context': [<snowplow_tracker.self_describing_json.SelfDescribingJson object at 0x0000016FA3247BD0>, <snowplow_tracker.self_describing_json.SelfDescribingJson object at 0x0000016FA301B150>, <snowplow_tracker.self_describing_json.SelfDescribingJson object at 0x0000016FA677FDD0>]}
[0m18:03:01.702487 [debug] [MainThread]: Flushing usage events
[0m18:03:03.816490 [debug] [MainThread]: An error was encountered while trying to flush usage events
[0m18:03:08.981619 [debug] [MainThread]: Sending event: {'category': 'dbt', 'action': 'invocation', 'label': 'start', 'context': [<snowplow_tracker.self_describing_json.SelfDescribingJson object at 0x000001EB3B375160>, <snowplow_tracker.self_describing_json.SelfDescribingJson object at 0x000001EB38181450>, <snowplow_tracker.self_describing_json.SelfDescribingJson object at 0x000001EB3DAE3C50>]}


============================== 18:03:08.985193 | 247e237d-d69f-42aa-b056-346f2cbc2824 ==============================
[0m18:03:08.985193 [info ] [MainThread]: Running with dbt=1.12.0
[0m18:03:08.985829 [debug] [MainThread]: running dbt with arguments {'static_parser': 'True', 'no_print': 'None', 'version_check': 'True', 'warn_error_options': 'WarnErrorOptionsV2(error=[], warn=[], silence=[])', 'target_path': 'None', 'maximum_seed_size_mib': '1', 'printer_width': '80', 'write_json': 'True', 'introspect': 'True', 'log_cache_events': 'False', 'empty': 'False', 'cache_selected_only': 'False', 'fail_fast': 'False', 'debug': 'False', 'log_format': 'default', 'profiles_dir': 'C:\\Users\\HP\\.dbt', 'send_anonymous_usage_stats': 'True', 'quiet': 'False', 'warn_error': 'None', 'partial_parse': 'True', 'invocation_command': 'dbt run --select tag:mart', 'hints_enabled': 'True', 'indirect_selection': 'eager', 'use_experimental_parser': 'False', 'use_colors': 'True', 'log_path': 'C:\\Arjun_dbt_project\\old_dbt_project\\logs'}
[0m18:03:09.298998 [debug] [MainThread]: Snowflake adapter: Setting snowflake.connector to ERROR (file logging only)
[0m18:03:09.299416 [debug] [MainThread]: Snowflake adapter: Setting botocore to ERROR (file logging only)
[0m18:03:09.299657 [debug] [MainThread]: Snowflake adapter: Setting boto3 to ERROR (file logging only)
[0m18:03:09.497017 [debug] [MainThread]: Sending event: {'category': 'dbt', 'action': 'project_id', 'label': '247e237d-d69f-42aa-b056-346f2cbc2824', 'context': [<snowplow_tracker.self_describing_json.SelfDescribingJson object at 0x000001EB3BA4DE00>]}
[0m18:03:09.542848 [debug] [MainThread]: Sending event: {'category': 'dbt', 'action': 'adapter_info', 'label': '247e237d-d69f-42aa-b056-346f2cbc2824', 'context': [<snowplow_tracker.self_describing_json.SelfDescribingJson object at 0x000001EB3989EF10>]}
[0m18:03:09.543871 [info ] [MainThread]: Registered adapter: snowflake=1.12.0
[0m18:03:09.801836 [debug] [MainThread]: checksum: 34d064bbf3d7c01e29a022f69428015a75a45641a9d372ee507764c8a4f69675, vars: {}, profile: my_dbt_project, target: dev, version: 1.12.0
[0m18:03:09.933091 [debug] [MainThread]: Partial parsing enabled: 0 files deleted, 0 files added, 0 files changed.
[0m18:03:09.933385 [debug] [MainThread]: Nothing changed, skipping partial parsing.
[0m18:03:09.933563 [debug] [MainThread]: Partial parsing enabled, no changes found, skipping parsing
[0m18:03:09.938448 [warn ] [MainThread]: [[33mWARNING[0m]: Configuration paths exist in your dbt_project.yml file which do not apply to any resources.
There are 3 unused configuration paths:
- models.my_new_project.mart.dimensions
- models.my_new_project.mart.facts
- models.my_new_project.mart
[0m18:03:09.941401 [debug] [MainThread]: Sending event: {'category': 'dbt', 'action': 'load_project', 'label': '247e237d-d69f-42aa-b056-346f2cbc2824', 'context': [<snowplow_tracker.self_describing_json.SelfDescribingJson object at 0x000001EB3FA12550>]}
[0m18:03:10.077318 [debug] [MainThread]: Wrote artifact WritableManifest to C:\Arjun_dbt_project\old_dbt_project\target\manifest.json
[0m18:03:10.081985 [debug] [MainThread]: Wrote artifact SemanticManifest to C:\Arjun_dbt_project\old_dbt_project\target\semantic_manifest.json
[0m18:03:10.101830 [debug] [MainThread]: Wrote artifact OsiDocument to C:\Arjun_dbt_project\old_dbt_project\target\osi_document.json
[0m18:03:10.130463 [debug] [MainThread]: Sending event: {'category': 'dbt', 'action': 'resource_counts', 'label': '247e237d-d69f-42aa-b056-346f2cbc2824', 'context': [<snowplow_tracker.self_describing_json.SelfDescribingJson object at 0x000001EB3FAC5C70>]}
[0m18:03:10.130941 [info ] [MainThread]: Found 15 models, 2 snapshots, 2 data tests, 7 sources, 547 macros
[0m18:03:10.131343 [debug] [MainThread]: Sending event: {'category': 'dbt', 'action': 'runnable_timing', 'label': '247e237d-d69f-42aa-b056-346f2cbc2824', 'context': [<snowplow_tracker.self_describing_json.SelfDescribingJson object at 0x000001EB40AF11D0>]}
[0m18:03:10.131864 [warn ] [MainThread]: [[33mWARNING[0m]: The selection criterion 'tag:mart' does not match any enabled nodes
[0m18:03:10.132830 [warn ] [MainThread]: [[33mWARNING[0m]: Nothing to do. Try checking your model configs and model specification args
[0m18:03:10.134890 [debug] [MainThread]: Command end result
[0m18:03:10.177835 [debug] [MainThread]: Wrote artifact WritableManifest to C:\Arjun_dbt_project\old_dbt_project\target\manifest.json
[0m18:03:10.182088 [debug] [MainThread]: Wrote artifact SemanticManifest to C:\Arjun_dbt_project\old_dbt_project\target\semantic_manifest.json
[0m18:03:10.188614 [debug] [MainThread]: Wrote artifact OsiDocument to C:\Arjun_dbt_project\old_dbt_project\target\osi_document.json
[0m18:03:10.194409 [debug] [MainThread]: Wrote artifact RunExecutionResult to C:\Arjun_dbt_project\old_dbt_project\target\run_results.json
[0m18:03:10.195197 [debug] [MainThread]: Command `dbt run` succeeded at 18:03:10.195097 after 1.33 seconds
[0m18:03:10.195477 [debug] [MainThread]: Sending event: {'category': 'dbt', 'action': 'invocation', 'label': 'end', 'context': [<snowplow_tracker.self_describing_json.SelfDescribingJson object at 0x000001EB3F84FD40>, <snowplow_tracker.self_describing_json.SelfDescribingJson object at 0x000001EB3D78FD10>, <snowplow_tracker.self_describing_json.SelfDescribingJson object at 0x000001EB40AB0E90>]}
[0m18:03:10.195753 [debug] [MainThread]: Flushing usage events
[0m18:03:11.923898 [debug] [MainThread]: An error was encountered while trying to flush usage events
[0m18:03:49.383913 [debug] [MainThread]: Sending event: {'category': 'dbt', 'action': 'invocation', 'label': 'start', 'context': [<snowplow_tracker.self_describing_json.SelfDescribingJson object at 0x00000240032B5160>, <snowplow_tracker.self_describing_json.SelfDescribingJson object at 0x00000240001C1450>, <snowplow_tracker.self_describing_json.SelfDescribingJson object at 0x0000024005A13C50>]}


============================== 18:03:49.392226 | db4e6eea-c971-49ee-8029-f1018931405d ==============================
[0m18:03:49.392226 [info ] [MainThread]: Running with dbt=1.12.0
[0m18:03:49.392798 [debug] [MainThread]: running dbt with arguments {'maximum_seed_size_mib': '1', 'no_print': 'None', 'version_check': 'True', 'warn_error_options': 'WarnErrorOptionsV2(error=[], warn=[], silence=[])', 'target_path': 'None', 'static_parser': 'True', 'printer_width': '80', 'write_json': 'True', 'introspect': 'True', 'log_cache_events': 'False', 'empty': 'False', 'cache_selected_only': 'False', 'log_format': 'default', 'debug': 'False', 'fail_fast': 'False', 'profiles_dir': 'C:\\Users\\HP\\.dbt', 'send_anonymous_usage_stats': 'True', 'quiet': 'False', 'warn_error': 'None', 'partial_parse': 'True', 'invocation_command': 'dbt run --select tag:mart', 'hints_enabled': 'True', 'indirect_selection': 'eager', 'use_experimental_parser': 'False', 'use_colors': 'True', 'log_path': 'C:\\Arjun_dbt_project\\old_dbt_project\\logs'}
[0m18:03:50.106613 [debug] [MainThread]: Snowflake adapter: Setting snowflake.connector to ERROR (file logging only)
[0m18:03:50.106958 [debug] [MainThread]: Snowflake adapter: Setting botocore to ERROR (file logging only)
[0m18:03:50.107175 [debug] [MainThread]: Snowflake adapter: Setting boto3 to ERROR (file logging only)
[0m18:03:50.339371 [debug] [MainThread]: Sending event: {'category': 'dbt', 'action': 'project_id', 'label': 'db4e6eea-c971-49ee-8029-f1018931405d', 'context': [<snowplow_tracker.self_describing_json.SelfDescribingJson object at 0x000002400397DE00>]}
[0m18:03:50.383915 [debug] [MainThread]: Sending event: {'category': 'dbt', 'action': 'adapter_info', 'label': 'db4e6eea-c971-49ee-8029-f1018931405d', 'context': [<snowplow_tracker.self_describing_json.SelfDescribingJson object at 0x000002400180EF10>]}
[0m18:03:50.384985 [info ] [MainThread]: Registered adapter: snowflake=1.12.0
[0m18:03:50.618925 [debug] [MainThread]: checksum: 34d064bbf3d7c01e29a022f69428015a75a45641a9d372ee507764c8a4f69675, vars: {}, profile: my_dbt_project, target: dev, version: 1.12.0
[0m18:03:50.714177 [info ] [MainThread]: Unable to do partial parsing because a project config has changed
[0m18:03:50.714677 [debug] [MainThread]: Sending event: {'category': 'dbt', 'action': 'partial_parser', 'label': 'db4e6eea-c971-49ee-8029-f1018931405d', 'context': [<snowplow_tracker.self_describing_json.SelfDescribingJson object at 0x00000240079A1C50>]}
[0m18:03:51.998572 [warn ] [MainThread]: [[33mWARNING[0m]: Configuration paths exist in your dbt_project.yml file which do not apply to any resources.
There are 3 unused configuration paths:
- models.my_new_project.mart.dimensions
- models.my_new_project.mart.facts
- models.my_new_project.mart
[0m18:03:52.001518 [debug] [MainThread]: Sending event: {'category': 'dbt', 'action': 'load_project', 'label': 'db4e6eea-c971-49ee-8029-f1018931405d', 'context': [<snowplow_tracker.self_describing_json.SelfDescribingJson object at 0x000002400729E990>]}
[0m18:03:52.122721 [debug] [MainThread]: Wrote artifact WritableManifest to C:\Arjun_dbt_project\old_dbt_project\target\manifest.json
[0m18:03:52.128257 [debug] [MainThread]: Wrote artifact SemanticManifest to C:\Arjun_dbt_project\old_dbt_project\target\semantic_manifest.json
[0m18:03:52.158304 [debug] [MainThread]: Wrote artifact OsiDocument to C:\Arjun_dbt_project\old_dbt_project\target\osi_document.json
[0m18:03:52.209673 [debug] [MainThread]: Sending event: {'category': 'dbt', 'action': 'resource_counts', 'label': 'db4e6eea-c971-49ee-8029-f1018931405d', 'context': [<snowplow_tracker.self_describing_json.SelfDescribingJson object at 0x0000024008A87770>]}
[0m18:03:52.210292 [info ] [MainThread]: Found 15 models, 2 snapshots, 2 data tests, 7 sources, 547 macros
[0m18:03:52.210821 [debug] [MainThread]: Sending event: {'category': 'dbt', 'action': 'runnable_timing', 'label': 'db4e6eea-c971-49ee-8029-f1018931405d', 'context': [<snowplow_tracker.self_describing_json.SelfDescribingJson object at 0x000002400790AC30>]}
[0m18:03:52.211822 [warn ] [MainThread]: [[33mWARNING[0m]: The selection criterion 'tag:mart' does not match any enabled nodes
[0m18:03:52.213300 [warn ] [MainThread]: [[33mWARNING[0m]: Nothing to do. Try checking your model configs and model specification args
[0m18:03:52.213873 [debug] [MainThread]: Command end result
[0m18:03:52.265337 [debug] [MainThread]: Wrote artifact WritableManifest to C:\Arjun_dbt_project\old_dbt_project\target\manifest.json
[0m18:03:52.270846 [debug] [MainThread]: Wrote artifact SemanticManifest to C:\Arjun_dbt_project\old_dbt_project\target\semantic_manifest.json
[0m18:03:52.275235 [debug] [MainThread]: Wrote artifact OsiDocument to C:\Arjun_dbt_project\old_dbt_project\target\osi_document.json
[0m18:03:52.280988 [debug] [MainThread]: Wrote artifact RunExecutionResult to C:\Arjun_dbt_project\old_dbt_project\target\run_results.json
[0m18:03:52.282043 [debug] [MainThread]: Command `dbt run` succeeded at 18:03:52.281899 after 3.07 seconds
[0m18:03:52.282512 [debug] [MainThread]: Sending event: {'category': 'dbt', 'action': 'invocation', 'label': 'end', 'context': [<snowplow_tracker.self_describing_json.SelfDescribingJson object at 0x00000240056BFD10>, <snowplow_tracker.self_describing_json.SelfDescribingJson object at 0x0000024008FDE990>, <snowplow_tracker.self_describing_json.SelfDescribingJson object at 0x0000024008FDEAF0>]}
[0m18:03:52.282786 [debug] [MainThread]: Flushing usage events
[0m18:03:54.362379 [debug] [MainThread]: An error was encountered while trying to flush usage events
[0m18:04:37.276397 [debug] [MainThread]: Sending event: {'category': 'dbt', 'action': 'invocation', 'label': 'start', 'context': [<snowplow_tracker.self_describing_json.SelfDescribingJson object at 0x000001BB29F05160>, <snowplow_tracker.self_describing_json.SelfDescribingJson object at 0x000001BB26D51450>, <snowplow_tracker.self_describing_json.SelfDescribingJson object at 0x000001BB2C663C50>]}


============================== 18:04:37.279450 | b941d3a5-b865-4cf7-adef-656907dde427 ==============================
[0m18:04:37.279450 [info ] [MainThread]: Running with dbt=1.12.0
[0m18:04:37.279929 [debug] [MainThread]: running dbt with arguments {'version_check': 'True', 'no_print': 'None', 'maximum_seed_size_mib': '1', 'warn_error_options': 'WarnErrorOptionsV2(error=[], warn=[], silence=[])', 'target_path': 'None', 'static_parser': 'True', 'printer_width': '80', 'write_json': 'True', 'introspect': 'True', 'log_cache_events': 'False', 'empty': 'False', 'cache_selected_only': 'False', 'fail_fast': 'False', 'debug': 'False', 'log_format': 'default', 'profiles_dir': 'C:\\Users\\HP\\.dbt', 'send_anonymous_usage_stats': 'True', 'quiet': 'False', 'warn_error': 'None', 'partial_parse': 'True', 'use_colors': 'True', 'hints_enabled': 'True', 'invocation_command': 'dbt run --select tag:mart', 'use_experimental_parser': 'False', 'indirect_selection': 'eager', 'log_path': 'C:\\Arjun_dbt_project\\old_dbt_project\\logs'}
[0m18:04:37.617013 [debug] [MainThread]: Snowflake adapter: Setting snowflake.connector to ERROR (file logging only)
[0m18:04:37.617373 [debug] [MainThread]: Snowflake adapter: Setting botocore to ERROR (file logging only)
[0m18:04:37.617599 [debug] [MainThread]: Snowflake adapter: Setting boto3 to ERROR (file logging only)
[0m18:04:37.816351 [debug] [MainThread]: Sending event: {'category': 'dbt', 'action': 'project_id', 'label': 'b941d3a5-b865-4cf7-adef-656907dde427', 'context': [<snowplow_tracker.self_describing_json.SelfDescribingJson object at 0x000001BB2A5CDE00>]}
[0m18:04:37.859578 [debug] [MainThread]: Sending event: {'category': 'dbt', 'action': 'adapter_info', 'label': 'b941d3a5-b865-4cf7-adef-656907dde427', 'context': [<snowplow_tracker.self_describing_json.SelfDescribingJson object at 0x000001BB2842EF10>]}
[0m18:04:37.860618 [info ] [MainThread]: Registered adapter: snowflake=1.12.0
[0m18:04:38.069908 [debug] [MainThread]: checksum: 34d064bbf3d7c01e29a022f69428015a75a45641a9d372ee507764c8a4f69675, vars: {}, profile: my_dbt_project, target: dev, version: 1.12.0
[0m18:04:38.163132 [info ] [MainThread]: Unable to do partial parsing because a project config has changed
[0m18:04:38.163751 [debug] [MainThread]: Sending event: {'category': 'dbt', 'action': 'partial_parser', 'label': 'b941d3a5-b865-4cf7-adef-656907dde427', 'context': [<snowplow_tracker.self_describing_json.SelfDescribingJson object at 0x000001BB2F601C50>]}
[0m18:04:39.389917 [warn ] [MainThread]: [[33mWARNING[0m]: Configuration paths exist in your dbt_project.yml file which do not apply to any resources.
There are 3 unused configuration paths:
- models.my_new_project.dimensions
- models.my_new_project.mart
- models.my_new_project.facts
[0m18:04:39.393265 [debug] [MainThread]: Sending event: {'category': 'dbt', 'action': 'load_project', 'label': 'b941d3a5-b865-4cf7-adef-656907dde427', 'context': [<snowplow_tracker.self_describing_json.SelfDescribingJson object at 0x000001BB2DF2E990>]}
[0m18:04:39.507246 [debug] [MainThread]: Wrote artifact WritableManifest to C:\Arjun_dbt_project\old_dbt_project\target\manifest.json
[0m18:04:39.511626 [debug] [MainThread]: Wrote artifact SemanticManifest to C:\Arjun_dbt_project\old_dbt_project\target\semantic_manifest.json
[0m18:04:39.530627 [debug] [MainThread]: Wrote artifact OsiDocument to C:\Arjun_dbt_project\old_dbt_project\target\osi_document.json
[0m18:04:39.569373 [debug] [MainThread]: Sending event: {'category': 'dbt', 'action': 'resource_counts', 'label': 'b941d3a5-b865-4cf7-adef-656907dde427', 'context': [<snowplow_tracker.self_describing_json.SelfDescribingJson object at 0x000001BB2F717770>]}
[0m18:04:39.571210 [info ] [MainThread]: Found 15 models, 2 snapshots, 2 data tests, 7 sources, 547 macros
[0m18:04:39.572695 [debug] [MainThread]: Sending event: {'category': 'dbt', 'action': 'runnable_timing', 'label': 'b941d3a5-b865-4cf7-adef-656907dde427', 'context': [<snowplow_tracker.self_describing_json.SelfDescribingJson object at 0x000001BB2F55D4A0>]}
[0m18:04:39.574375 [warn ] [MainThread]: [[33mWARNING[0m]: The selection criterion 'tag:mart' does not match any enabled nodes
[0m18:04:39.575853 [warn ] [MainThread]: [[33mWARNING[0m]: Nothing to do. Try checking your model configs and model specification args
[0m18:04:39.576397 [debug] [MainThread]: Command end result
[0m18:04:39.620993 [debug] [MainThread]: Wrote artifact WritableManifest to C:\Arjun_dbt_project\old_dbt_project\target\manifest.json
[0m18:04:39.625632 [debug] [MainThread]: Wrote artifact SemanticManifest to C:\Arjun_dbt_project\old_dbt_project\target\semantic_manifest.json
[0m18:04:39.630039 [debug] [MainThread]: Wrote artifact OsiDocument to C:\Arjun_dbt_project\old_dbt_project\target\osi_document.json
[0m18:04:39.643739 [debug] [MainThread]: Wrote artifact RunExecutionResult to C:\Arjun_dbt_project\old_dbt_project\target\run_results.json
[0m18:04:39.644554 [debug] [MainThread]: Command `dbt run` succeeded at 18:04:39.644438 after 2.49 seconds
[0m18:04:39.644867 [debug] [MainThread]: Sending event: {'category': 'dbt', 'action': 'invocation', 'label': 'end', 'context': [<snowplow_tracker.self_describing_json.SelfDescribingJson object at 0x000001BB2C30FD10>, <snowplow_tracker.self_describing_json.SelfDescribingJson object at 0x000001BB2FC72990>, <snowplow_tracker.self_describing_json.SelfDescribingJson object at 0x000001BB2FC72AF0>]}
[0m18:04:39.645179 [debug] [MainThread]: Flushing usage events
[0m18:04:41.785520 [debug] [MainThread]: An error was encountered while trying to flush usage events
[0m18:05:49.060060 [debug] [MainThread]: Sending event: {'category': 'dbt', 'action': 'invocation', 'label': 'start', 'context': [<snowplow_tracker.self_describing_json.SelfDescribingJson object at 0x00000242E1F95160>, <snowplow_tracker.self_describing_json.SelfDescribingJson object at 0x00000242DEDE1450>, <snowplow_tracker.self_describing_json.SelfDescribingJson object at 0x00000242E46F3C50>]}


============================== 18:05:49.063360 | 1e9659f4-c2ac-4c48-99b8-c040eaa74f57 ==============================
[0m18:05:49.063360 [info ] [MainThread]: Running with dbt=1.12.0
[0m18:05:49.063938 [debug] [MainThread]: running dbt with arguments {'static_parser': 'True', 'no_print': 'None', 'maximum_seed_size_mib': '1', 'warn_error_options': 'WarnErrorOptionsV2(error=[], warn=[], silence=[])', 'version_check': 'True', 'target_path': 'None', 'printer_width': '80', 'write_json': 'True', 'empty': 'False', 'log_cache_events': 'False', 'introspect': 'True', 'cache_selected_only': 'False', 'log_format': 'default', 'debug': 'False', 'fail_fast': 'False', 'partial_parse': 'True', 'send_anonymous_usage_stats': 'True', 'quiet': 'False', 'warn_error': 'None', 'profiles_dir': 'C:\\Users\\HP\\.dbt', 'indirect_selection': 'eager', 'hints_enabled': 'True', 'invocation_command': 'dbt run --select tag:mart', 'use_experimental_parser': 'False', 'use_colors': 'True', 'log_path': 'C:\\Arjun_dbt_project\\old_dbt_project\\logs'}
[0m18:05:49.381337 [debug] [MainThread]: Snowflake adapter: Setting snowflake.connector to ERROR (file logging only)
[0m18:05:49.381680 [debug] [MainThread]: Snowflake adapter: Setting botocore to ERROR (file logging only)
[0m18:05:49.381899 [debug] [MainThread]: Snowflake adapter: Setting boto3 to ERROR (file logging only)
[0m18:05:49.574806 [debug] [MainThread]: Sending event: {'category': 'dbt', 'action': 'project_id', 'label': '1e9659f4-c2ac-4c48-99b8-c040eaa74f57', 'context': [<snowplow_tracker.self_describing_json.SelfDescribingJson object at 0x00000242E2665E00>]}
[0m18:05:49.619890 [debug] [MainThread]: Sending event: {'category': 'dbt', 'action': 'adapter_info', 'label': '1e9659f4-c2ac-4c48-99b8-c040eaa74f57', 'context': [<snowplow_tracker.self_describing_json.SelfDescribingJson object at 0x00000242E04BEF10>]}
[0m18:05:49.620931 [info ] [MainThread]: Registered adapter: snowflake=1.12.0
[0m18:05:49.845225 [debug] [MainThread]: checksum: 34d064bbf3d7c01e29a022f69428015a75a45641a9d372ee507764c8a4f69675, vars: {}, profile: my_dbt_project, target: dev, version: 1.12.0
[0m18:05:49.942443 [info ] [MainThread]: Unable to do partial parsing because a project config has changed
[0m18:05:49.942992 [debug] [MainThread]: Sending event: {'category': 'dbt', 'action': 'partial_parser', 'label': '1e9659f4-c2ac-4c48-99b8-c040eaa74f57', 'context': [<snowplow_tracker.self_describing_json.SelfDescribingJson object at 0x00000242E75D1C50>]}
[0m18:05:51.170433 [warn ] [MainThread]: [[33mWARNING[0m]: Configuration paths exist in your dbt_project.yml file which do not apply to any resources.
There are 3 unused configuration paths:
- models.my_new_project.mart
- models.my_new_project.mart.dimensions
- models.my_new_project.mart.facts
[0m18:05:51.173273 [debug] [MainThread]: Sending event: {'category': 'dbt', 'action': 'load_project', 'label': '1e9659f4-c2ac-4c48-99b8-c040eaa74f57', 'context': [<snowplow_tracker.self_describing_json.SelfDescribingJson object at 0x00000242E5EFE990>]}
[0m18:05:51.300606 [debug] [MainThread]: Wrote artifact WritableManifest to C:\Arjun_dbt_project\old_dbt_project\target\manifest.json
[0m18:05:51.308839 [debug] [MainThread]: Wrote artifact SemanticManifest to C:\Arjun_dbt_project\old_dbt_project\target\semantic_manifest.json
[0m18:05:51.328363 [debug] [MainThread]: Wrote artifact OsiDocument to C:\Arjun_dbt_project\old_dbt_project\target\osi_document.json
[0m18:05:51.359098 [debug] [MainThread]: Sending event: {'category': 'dbt', 'action': 'resource_counts', 'label': '1e9659f4-c2ac-4c48-99b8-c040eaa74f57', 'context': [<snowplow_tracker.self_describing_json.SelfDescribingJson object at 0x00000242E76E7770>]}
[0m18:05:51.359587 [info ] [MainThread]: Found 15 models, 2 snapshots, 2 data tests, 7 sources, 547 macros
[0m18:05:51.359943 [debug] [MainThread]: Sending event: {'category': 'dbt', 'action': 'runnable_timing', 'label': '1e9659f4-c2ac-4c48-99b8-c040eaa74f57', 'context': [<snowplow_tracker.self_describing_json.SelfDescribingJson object at 0x00000242E753EC30>]}
[0m18:05:51.360564 [warn ] [MainThread]: [[33mWARNING[0m]: The selection criterion 'tag:mart' does not match any enabled nodes
[0m18:05:51.361598 [warn ] [MainThread]: [[33mWARNING[0m]: Nothing to do. Try checking your model configs and model specification args
[0m18:05:51.362070 [debug] [MainThread]: Command end result
[0m18:05:51.412866 [debug] [MainThread]: Wrote artifact WritableManifest to C:\Arjun_dbt_project\old_dbt_project\target\manifest.json
[0m18:05:51.417768 [debug] [MainThread]: Wrote artifact SemanticManifest to C:\Arjun_dbt_project\old_dbt_project\target\semantic_manifest.json
[0m18:05:51.422306 [debug] [MainThread]: Wrote artifact OsiDocument to C:\Arjun_dbt_project\old_dbt_project\target\osi_document.json
[0m18:05:51.432608 [debug] [MainThread]: Wrote artifact RunExecutionResult to C:\Arjun_dbt_project\old_dbt_project\target\run_results.json
[0m18:05:51.433414 [debug] [MainThread]: Command `dbt run` succeeded at 18:05:51.433311 after 2.51 seconds
[0m18:05:51.433690 [debug] [MainThread]: Sending event: {'category': 'dbt', 'action': 'invocation', 'label': 'end', 'context': [<snowplow_tracker.self_describing_json.SelfDescribingJson object at 0x00000242E439FD10>, <snowplow_tracker.self_describing_json.SelfDescribingJson object at 0x00000242E7C42990>, <snowplow_tracker.self_describing_json.SelfDescribingJson object at 0x00000242E7C42AF0>]}
[0m18:05:51.433935 [debug] [MainThread]: Flushing usage events
[0m18:05:53.751606 [debug] [MainThread]: An error was encountered while trying to flush usage events
[0m18:07:08.098642 [debug] [MainThread]: Sending event: {'category': 'dbt', 'action': 'invocation', 'label': 'start', 'context': [<snowplow_tracker.self_describing_json.SelfDescribingJson object at 0x0000018C58BE5160>, <snowplow_tracker.self_describing_json.SelfDescribingJson object at 0x0000018C55A11450>, <snowplow_tracker.self_describing_json.SelfDescribingJson object at 0x0000018C5B353C50>]}


============================== 18:07:08.102422 | 3f9f9869-310b-4367-8230-3964c4e75e41 ==============================
[0m18:07:08.102422 [info ] [MainThread]: Running with dbt=1.12.0
[0m18:07:08.103123 [debug] [MainThread]: running dbt with arguments {'maximum_seed_size_mib': '1', 'no_print': 'None', 'version_check': 'True', 'target_path': 'None', 'static_parser': 'True', 'warn_error_options': 'WarnErrorOptionsV2(error=[], warn=[], silence=[])', 'printer_width': '80', 'write_json': 'True', 'introspect': 'True', 'log_cache_events': 'False', 'empty': 'False', 'cache_selected_only': 'False', 'log_format': 'default', 'debug': 'False', 'fail_fast': 'False', 'partial_parse': 'True', 'send_anonymous_usage_stats': 'True', 'quiet': 'False', 'warn_error': 'None', 'profiles_dir': 'C:\\Users\\HP\\.dbt', 'indirect_selection': 'eager', 'hints_enabled': 'True', 'use_colors': 'True', 'use_experimental_parser': 'False', 'invocation_command': 'dbt run --select tag:mart', 'log_path': 'C:\\Arjun_dbt_project\\old_dbt_project\\logs'}
[0m18:07:08.449582 [debug] [MainThread]: Snowflake adapter: Setting snowflake.connector to ERROR (file logging only)
[0m18:07:08.449966 [debug] [MainThread]: Snowflake adapter: Setting botocore to ERROR (file logging only)
[0m18:07:08.450196 [debug] [MainThread]: Snowflake adapter: Setting boto3 to ERROR (file logging only)
[0m18:07:08.654378 [debug] [MainThread]: Sending event: {'category': 'dbt', 'action': 'project_id', 'label': '3f9f9869-310b-4367-8230-3964c4e75e41', 'context': [<snowplow_tracker.self_describing_json.SelfDescribingJson object at 0x0000018C592BDE00>]}
[0m18:07:08.701676 [debug] [MainThread]: Sending event: {'category': 'dbt', 'action': 'adapter_info', 'label': '3f9f9869-310b-4367-8230-3964c4e75e41', 'context': [<snowplow_tracker.self_describing_json.SelfDescribingJson object at 0x0000018C5710EF10>]}
[0m18:07:08.703055 [info ] [MainThread]: Registered adapter: snowflake=1.12.0
[0m18:07:08.913892 [debug] [MainThread]: checksum: 34d064bbf3d7c01e29a022f69428015a75a45641a9d372ee507764c8a4f69675, vars: {}, profile: my_dbt_project, target: dev, version: 1.12.0
[0m18:07:09.007258 [info ] [MainThread]: Unable to do partial parsing because a project config has changed
[0m18:07:09.007910 [debug] [MainThread]: Sending event: {'category': 'dbt', 'action': 'partial_parser', 'label': '3f9f9869-310b-4367-8230-3964c4e75e41', 'context': [<snowplow_tracker.self_describing_json.SelfDescribingJson object at 0x0000018C5D281C50>]}
[0m18:07:10.239662 [debug] [MainThread]: Sending event: {'category': 'dbt', 'action': 'load_project', 'label': '3f9f9869-310b-4367-8230-3964c4e75e41', 'context': [<snowplow_tracker.self_describing_json.SelfDescribingJson object at 0x0000018C5CB6A990>]}
[0m18:07:10.356770 [debug] [MainThread]: Wrote artifact WritableManifest to C:\Arjun_dbt_project\old_dbt_project\target\manifest.json
[0m18:07:10.361460 [debug] [MainThread]: Wrote artifact SemanticManifest to C:\Arjun_dbt_project\old_dbt_project\target\semantic_manifest.json
[0m18:07:10.382858 [debug] [MainThread]: Wrote artifact OsiDocument to C:\Arjun_dbt_project\old_dbt_project\target\osi_document.json
[0m18:07:10.419185 [debug] [MainThread]: Sending event: {'category': 'dbt', 'action': 'resource_counts', 'label': '3f9f9869-310b-4367-8230-3964c4e75e41', 'context': [<snowplow_tracker.self_describing_json.SelfDescribingJson object at 0x0000018C5E357770>]}
[0m18:07:10.420348 [info ] [MainThread]: Found 15 models, 2 snapshots, 2 data tests, 7 sources, 547 macros
[0m18:07:10.420919 [debug] [MainThread]: Sending event: {'category': 'dbt', 'action': 'runnable_timing', 'label': '3f9f9869-310b-4367-8230-3964c4e75e41', 'context': [<snowplow_tracker.self_describing_json.SelfDescribingJson object at 0x0000018C5D1D6C30>]}
[0m18:07:10.422307 [info ] [MainThread]: 
[0m18:07:10.422690 [info ] [MainThread]: Concurrency: 4 threads (target='dev')
[0m18:07:10.423005 [info ] [MainThread]: 
[0m18:07:10.423489 [debug] [MainThread]: Acquiring new snowflake connection 'master'
[0m18:07:10.427297 [debug] [ThreadPool]: Acquiring new snowflake connection 'list_DSP_PROJ'
[0m18:07:10.436486 [debug] [ThreadPool]: Acquiring new snowflake connection 'list_DSP_PROJ'
[0m18:07:10.439573 [debug] [ThreadPool]: Using snowflake connection "list_DSP_PROJ"
[0m18:07:10.439958 [debug] [ThreadPool]: Using snowflake connection "list_DSP_PROJ"
[0m18:07:10.440273 [debug] [ThreadPool]: On list_DSP_PROJ: show terse schemas in database DSP_PROJ
    limit 10000
/* {"app": "dbt", "dbt_version": "1.12.0", "profile_name": "my_dbt_project", "target_name": "dev", "connection_name": "list_DSP_PROJ"} */
[0m18:07:10.440522 [debug] [ThreadPool]: On list_DSP_PROJ: show terse schemas in database DSP_PROJ
    limit 10000
/* {"app": "dbt", "dbt_version": "1.12.0", "profile_name": "my_dbt_project", "target_name": "dev", "connection_name": "list_DSP_PROJ"} */
[0m18:07:10.440791 [debug] [ThreadPool]: Opening a new connection, currently in state init
[0m18:07:10.441003 [debug] [ThreadPool]: Opening a new connection, currently in state init
[0m18:07:12.108764 [debug] [ThreadPool]: SQL status: SUCCESS 7 in 1.668 seconds
[0m18:07:12.110373 [debug] [ThreadPool]: SQL status: SUCCESS 7 in 1.669 seconds
[0m18:07:12.117842 [debug] [ThreadPool]: Re-using an available connection from the pool (formerly list_DSP_PROJ, now create_DSP_PROJ_MARTS)
[0m18:07:12.123551 [debug] [ThreadPool]: Creating schema "database: "DSP_PROJ"
schema: "MARTS"
"
[0m18:07:12.130226 [debug] [ThreadPool]: Using snowflake connection "create_DSP_PROJ_MARTS"
[0m18:07:12.131535 [debug] [ThreadPool]: On create_DSP_PROJ_MARTS: create schema if not exists DSP_PROJ.MARTS
/* {"app": "dbt", "dbt_version": "1.12.0", "profile_name": "my_dbt_project", "target_name": "dev", "connection_name": "create_DSP_PROJ_MARTS"} */
[0m18:07:12.607325 [debug] [ThreadPool]: SQL status: SUCCESS 1 in 0.475 seconds
[0m18:07:12.612618 [debug] [ThreadPool]: Acquiring new snowflake connection 'list_DSP_PROJ_STAGING'
[0m18:07:12.621512 [debug] [ThreadPool]: Using snowflake connection "list_DSP_PROJ_STAGING"
[0m18:07:12.621814 [debug] [ThreadPool]: On list_DSP_PROJ_STAGING: show objects in DSP_PROJ.STAGING
    limit 10000
    

/* {"app": "dbt", "dbt_version": "1.12.0", "profile_name": "my_dbt_project", "target_name": "dev", "connection_name": "list_DSP_PROJ_STAGING"} */;
[0m18:07:12.622018 [debug] [ThreadPool]: Opening a new connection, currently in state init
[0m18:07:12.622401 [debug] [ThreadPool]: Acquiring new snowflake connection 'list_DBT_PRACTICE_SNAPSHOTS'
[0m18:07:12.624415 [debug] [ThreadPool]: Using snowflake connection "list_DBT_PRACTICE_SNAPSHOTS"
[0m18:07:12.624795 [debug] [ThreadPool]: On list_DBT_PRACTICE_SNAPSHOTS: show objects in DBT_PRACTICE.SNAPSHOTS
    limit 10000
    

/* {"app": "dbt", "dbt_version": "1.12.0", "profile_name": "my_dbt_project", "target_name": "dev", "connection_name": "list_DBT_PRACTICE_SNAPSHOTS"} */;
[0m18:07:12.625043 [debug] [ThreadPool]: Opening a new connection, currently in state init
[0m18:07:12.625382 [debug] [ThreadPool]: Acquiring new snowflake connection 'list_DSP_PROJ_MART'
[0m18:07:12.627120 [debug] [ThreadPool]: Using snowflake connection "list_DSP_PROJ_MART"
[0m18:07:12.627573 [debug] [ThreadPool]: Acquiring new snowflake connection 'list_DSP_PROJ_INTERMEDIATE'
[0m18:07:12.627875 [debug] [ThreadPool]: On list_DSP_PROJ_MART: show objects in DSP_PROJ.MART
    limit 10000
    

/* {"app": "dbt", "dbt_version": "1.12.0", "profile_name": "my_dbt_project", "target_name": "dev", "connection_name": "list_DSP_PROJ_MART"} */;
[0m18:07:12.629460 [debug] [ThreadPool]: Using snowflake connection "list_DSP_PROJ_INTERMEDIATE"
[0m18:07:12.629975 [debug] [ThreadPool]: Opening a new connection, currently in state init
[0m18:07:12.630857 [debug] [ThreadPool]: On list_DSP_PROJ_INTERMEDIATE: show objects in DSP_PROJ.INTERMEDIATE
    limit 10000
    

/* {"app": "dbt", "dbt_version": "1.12.0", "profile_name": "my_dbt_project", "target_name": "dev", "connection_name": "list_DSP_PROJ_INTERMEDIATE"} */;
[0m18:07:12.631584 [debug] [ThreadPool]: Opening a new connection, currently in state init
[0m18:07:14.829038 [debug] [ThreadPool]: SQL status: SUCCESS 2 in 2.204 seconds
[0m18:07:14.835910 [debug] [ThreadPool]: Using snowflake connection "list_DBT_PRACTICE_SNAPSHOTS"
[0m18:07:14.836140 [debug] [ThreadPool]: On list_DBT_PRACTICE_SNAPSHOTS: show user functions in DBT_PRACTICE.SNAPSHOTS
/* {"app": "dbt", "dbt_version": "1.12.0", "profile_name": "my_dbt_project", "target_name": "dev", "connection_name": "list_DBT_PRACTICE_SNAPSHOTS"} */
[0m18:07:14.889091 [debug] [ThreadPool]: SQL status: SUCCESS 5 in 2.267 seconds
[0m18:07:14.891283 [debug] [ThreadPool]: Using snowflake connection "list_DSP_PROJ_STAGING"
[0m18:07:14.891943 [debug] [ThreadPool]: SQL status: SUCCESS 5 in 2.262 seconds
[0m18:07:14.892259 [debug] [ThreadPool]: On list_DSP_PROJ_STAGING: show user functions in DSP_PROJ.STAGING
/* {"app": "dbt", "dbt_version": "1.12.0", "profile_name": "my_dbt_project", "target_name": "dev", "connection_name": "list_DSP_PROJ_STAGING"} */
[0m18:07:14.894745 [debug] [ThreadPool]: Using snowflake connection "list_DSP_PROJ_MART"
[0m18:07:14.895912 [debug] [ThreadPool]: On list_DSP_PROJ_MART: show user functions in DSP_PROJ.MART
/* {"app": "dbt", "dbt_version": "1.12.0", "profile_name": "my_dbt_project", "target_name": "dev", "connection_name": "list_DSP_PROJ_MART"} */
[0m18:07:14.958370 [debug] [ThreadPool]: SQL status: SUCCESS 3 in 2.327 seconds
[0m18:07:14.968715 [debug] [ThreadPool]: Using snowflake connection "list_DSP_PROJ_INTERMEDIATE"
[0m18:07:14.970814 [debug] [ThreadPool]: On list_DSP_PROJ_INTERMEDIATE: show user functions in DSP_PROJ.INTERMEDIATE
/* {"app": "dbt", "dbt_version": "1.12.0", "profile_name": "my_dbt_project", "target_name": "dev", "connection_name": "list_DSP_PROJ_INTERMEDIATE"} */
[0m18:07:15.068900 [debug] [ThreadPool]: SQL status: SUCCESS 0 in 0.232 seconds
[0m18:07:15.074114 [debug] [ThreadPool]: Re-using an available connection from the pool (formerly list_DBT_PRACTICE_SNAPSHOTS, now list_DSP_PROJ_MARTS)
[0m18:07:15.076308 [debug] [ThreadPool]: Using snowflake connection "list_DSP_PROJ_MARTS"
[0m18:07:15.077680 [debug] [ThreadPool]: On list_DSP_PROJ_MARTS: show objects in DSP_PROJ.MARTS
    limit 10000
    

/* {"app": "dbt", "dbt_version": "1.12.0", "profile_name": "my_dbt_project", "target_name": "dev", "connection_name": "list_DSP_PROJ_MARTS"} */;
[0m18:07:15.119319 [debug] [ThreadPool]: SQL status: SUCCESS 0 in 0.223 seconds
[0m18:07:15.121900 [debug] [ThreadPool]: Re-using an available connection from the pool (formerly list_DSP_PROJ_MART, now list_DBT_PRACTICE_STAGING)
[0m18:07:15.123615 [debug] [ThreadPool]: Using snowflake connection "list_DBT_PRACTICE_STAGING"
[0m18:07:15.123928 [debug] [ThreadPool]: On list_DBT_PRACTICE_STAGING: show objects in DBT_PRACTICE.STAGING
    limit 10000
    

/* {"app": "dbt", "dbt_version": "1.12.0", "profile_name": "my_dbt_project", "target_name": "dev", "connection_name": "list_DBT_PRACTICE_STAGING"} */;
[0m18:07:15.185088 [debug] [ThreadPool]: SQL status: SUCCESS 0 in 0.213 seconds
[0m18:07:15.223068 [debug] [ThreadPool]: SQL status: SUCCESS 0 in 0.328 seconds
[0m18:07:15.431429 [debug] [ThreadPool]: SQL status: SUCCESS 0 in 0.352 seconds
[0m18:07:15.438897 [debug] [ThreadPool]: Using snowflake connection "list_DSP_PROJ_MARTS"
[0m18:07:15.440112 [debug] [ThreadPool]: On list_DSP_PROJ_MARTS: show user functions in DSP_PROJ.MARTS
/* {"app": "dbt", "dbt_version": "1.12.0", "profile_name": "my_dbt_project", "target_name": "dev", "connection_name": "list_DSP_PROJ_MARTS"} */
[0m18:07:15.457521 [debug] [ThreadPool]: SQL status: SUCCESS 2 in 0.333 seconds
[0m18:07:15.459877 [debug] [ThreadPool]: Using snowflake connection "list_DBT_PRACTICE_STAGING"
[0m18:07:15.460176 [debug] [ThreadPool]: On list_DBT_PRACTICE_STAGING: show user functions in DBT_PRACTICE.STAGING
/* {"app": "dbt", "dbt_version": "1.12.0", "profile_name": "my_dbt_project", "target_name": "dev", "connection_name": "list_DBT_PRACTICE_STAGING"} */
[0m18:07:15.724315 [debug] [ThreadPool]: SQL status: SUCCESS 0 in 0.264 seconds
[0m18:07:15.788793 [debug] [ThreadPool]: SQL status: SUCCESS 0 in 0.348 seconds
[0m18:07:15.792638 [debug] [MainThread]: Sending event: {'category': 'dbt', 'action': 'runnable_timing', 'label': '3f9f9869-310b-4367-8230-3964c4e75e41', 'context': [<snowplow_tracker.self_describing_json.SelfDescribingJson object at 0x0000018C5E831310>]}
[0m18:07:15.807149 [debug] [Thread-3 (]: Began running node model.my_new_project.fact_budget
[0m18:07:15.807503 [debug] [Thread-2 (]: Began running node model.my_new_project.dim_consumer
[0m18:07:15.807776 [debug] [Thread-4 (]: Began running node model.my_new_project.fact_erp_rev
[0m18:07:15.807990 [debug] [Thread-5 (]: Began running node model.my_new_project.fact_payments
[0m18:07:15.808289 [info ] [Thread-3 (]: 2 of 5 START sql view model DSP_PROJ.MARTS.fact_budget ......................... [RUN]
[0m18:07:15.808617 [info ] [Thread-2 (]: 1 of 5 START sql table model DSP_PROJ.MART.dim_consumer ........................ [RUN]
[0m18:07:15.809042 [info ] [Thread-4 (]: 3 of 5 START sql view model DSP_PROJ.MARTS.fact_erp_rev ........................ [RUN]
[0m18:07:15.809934 [debug] [Thread-3 (]: Acquiring new snowflake connection 'model.my_new_project.fact_budget'
[0m18:07:15.809440 [info ] [Thread-5 (]: 4 of 5 START sql view model DSP_PROJ.MARTS.fact_payments ....................... [RUN]
[0m18:07:15.810488 [debug] [Thread-2 (]: Acquiring new snowflake connection 'model.my_new_project.dim_consumer'
[0m18:07:15.810838 [debug] [Thread-4 (]: Acquiring new snowflake connection 'model.my_new_project.fact_erp_rev'
[0m18:07:15.811088 [debug] [Thread-3 (]: Began compiling node model.my_new_project.fact_budget
[0m18:07:15.811407 [debug] [Thread-5 (]: Acquiring new snowflake connection 'model.my_new_project.fact_payments'
[0m18:07:15.811664 [debug] [Thread-2 (]: Began compiling node model.my_new_project.dim_consumer
[0m18:07:15.811901 [debug] [Thread-4 (]: Began compiling node model.my_new_project.fact_erp_rev
[0m18:07:15.816045 [debug] [Thread-3 (]: Writing injected SQL for node "model.my_new_project.fact_budget"
[0m18:07:15.816320 [debug] [Thread-5 (]: Began compiling node model.my_new_project.fact_payments
[0m18:07:15.817485 [debug] [Thread-2 (]: Writing injected SQL for node "model.my_new_project.dim_consumer"
[0m18:07:15.819843 [debug] [Thread-4 (]: Writing injected SQL for node "model.my_new_project.fact_erp_rev"
[0m18:07:15.821615 [debug] [Thread-5 (]: Writing injected SQL for node "model.my_new_project.fact_payments"
[0m18:07:15.832385 [debug] [Thread-2 (]: Began executing node model.my_new_project.dim_consumer
[0m18:07:15.851350 [debug] [Thread-4 (]: Began executing node model.my_new_project.fact_erp_rev
[0m18:07:15.864830 [debug] [Thread-4 (]: Writing runtime sql for node "model.my_new_project.fact_erp_rev"
[0m18:07:15.868579 [debug] [Thread-3 (]: Began executing node model.my_new_project.fact_budget
[0m18:07:15.869126 [debug] [Thread-5 (]: Began executing node model.my_new_project.fact_payments
[0m18:07:15.878431 [debug] [Thread-2 (]: Writing runtime sql for node "model.my_new_project.dim_consumer"
[0m18:07:15.880154 [debug] [Thread-3 (]: Writing runtime sql for node "model.my_new_project.fact_budget"
[0m18:07:15.882096 [debug] [Thread-5 (]: Writing runtime sql for node "model.my_new_project.fact_payments"
[0m18:07:15.890176 [debug] [Thread-4 (]: Using snowflake connection "model.my_new_project.fact_erp_rev"
[0m18:07:15.891037 [debug] [Thread-4 (]: On model.my_new_project.fact_erp_rev: create or replace   view DSP_PROJ.MARTS.fact_erp_rev
  
  
  
  
  as (
    
SELECT
  CONS_APP_NO AS CONSUMER_APPLICATION_NUMBER,
    SUPERVISION_AMNT,
    ESTIMATE_AMOUNT,
    CGST,
    SGST,
    AMOUNT_TO_PAY,
    LOCATION,
    DEPOSIT_AMT,
    APPROVED_BY,
    CREATE_DATE
FROM DSP_PROJ.STAGING.stg_erp_rev
  )
/* {"app": "dbt", "dbt_version": "1.12.0", "profile_name": "my_dbt_project", "target_name": "dev", "node_id": "model.my_new_project.fact_erp_rev"} */;
[0m18:07:15.891627 [debug] [Thread-4 (]: Opening a new connection, currently in state init
[0m18:07:15.894545 [debug] [Thread-2 (]: Using snowflake connection "model.my_new_project.dim_consumer"
[0m18:07:15.895301 [debug] [Thread-2 (]: On model.my_new_project.dim_consumer: create or replace transient table DSP_PROJ.MART.dim_consumer
    
    
    
    
    

    as (SELECT DISTINCT
    CONSUMER_APPLICATION_NUMBER,
    CONSUMER_NAME,
    ADDRESS,
    CREATED_DATE,
    APPLICATION_STATUS,
    SHORT_DESCRIPTION_OF_WORK,
    NATURE_OF_WORK_ID,
    PREMISE_AREA_TYPE
FROM DSP_PROJ.STAGING.stg_consumer_application_detail
    )

/* {"app": "dbt", "dbt_version": "1.12.0", "profile_name": "my_dbt_project", "target_name": "dev", "node_id": "model.my_new_project.dim_consumer"} */;
[0m18:07:15.896224 [debug] [Thread-5 (]: Using snowflake connection "model.my_new_project.fact_payments"
[0m18:07:15.896634 [debug] [Thread-2 (]: Opening a new connection, currently in state init
[0m18:07:15.897247 [debug] [Thread-3 (]: Using snowflake connection "model.my_new_project.fact_budget"
[0m18:07:15.897817 [debug] [Thread-5 (]: On model.my_new_project.fact_payments: create or replace   view DSP_PROJ.MARTS.fact_payments
  
  
  
  
  as (
    SELECT
    CONSUMER_APPLICATION_NO AS CONSUMER_APPLICATION_NUMBER,
    TRANSACTION_DATE,
    MOBILE_NO,
    REG_AMOUNT,
    PAYMENT_METHOD_TYPE,
    ADDITIONAL_INFO1,
    CHARGE_AMOUNT
FROM DSP_PROJ.STAGING.stg_billdesk_payment_res
  )
/* {"app": "dbt", "dbt_version": "1.12.0", "profile_name": "my_dbt_project", "target_name": "dev", "node_id": "model.my_new_project.fact_payments"} */;
[0m18:07:15.898702 [debug] [Thread-3 (]: On model.my_new_project.fact_budget: create or replace   view DSP_PROJ.MARTS.fact_budget
  
  
  
  
  as (
    

SELECT
    distinct CONSUMER_APPLICATION_NO AS CONSUMER_APPLICATION_NUMBER,
    LOCATION,
    SUPERVISION_AMOUNT,
    ESTIMATE_AMOUNT,
    CGST,
    SGST,
    CREATED_AT,
    TOTAL_SUPV_AMOUNT,
    JE_RETURN_AMOUNT,
    MINUS_COST,
    VERSION_NUMBER
FROM DSP_PROJ.STAGING.stg_erp_budget_workflow_amount
  )
/* {"app": "dbt", "dbt_version": "1.12.0", "profile_name": "my_dbt_project", "target_name": "dev", "node_id": "model.my_new_project.fact_budget"} */;
[0m18:07:15.899498 [debug] [Thread-5 (]: Opening a new connection, currently in state init
[0m18:07:15.900301 [debug] [Thread-3 (]: Opening a new connection, currently in state init
[0m18:07:17.330118 [debug] [Thread-3 (]: SQL status: SUCCESS 1 in 1.430 seconds
[0m18:07:17.350292 [debug] [Thread-3 (]: Sending event: {'category': 'dbt', 'action': 'run_model', 'label': '3f9f9869-310b-4367-8230-3964c4e75e41', 'context': [<snowplow_tracker.self_describing_json.SelfDescribingJson object at 0x0000018C5EAE17B0>]}
[0m18:07:17.350741 [info ] [Thread-3 (]: 2 of 5 OK created sql view model DSP_PROJ.MARTS.fact_budget .................... [[32mSUCCESS 1[0m in 1.54s]
[0m18:07:17.351322 [debug] [Thread-3 (]: Finished running node model.my_new_project.fact_budget
[0m18:07:17.351678 [debug] [Thread-3 (]: Began running node model.my_new_project.fact_pose_machine_d
[0m18:07:17.352199 [info ] [Thread-3 (]: 5 of 5 START sql view model DSP_PROJ.MARTS.fact_pose_machine_d ................. [RUN]
[0m18:07:17.352777 [debug] [Thread-3 (]: Re-using an available connection from the pool (formerly model.my_new_project.fact_budget, now model.my_new_project.fact_pose_machine_d)
[0m18:07:17.353029 [debug] [Thread-3 (]: Began compiling node model.my_new_project.fact_pose_machine_d
[0m18:07:17.354612 [debug] [Thread-3 (]: Writing injected SQL for node "model.my_new_project.fact_pose_machine_d"
[0m18:07:17.360259 [debug] [Thread-5 (]: SQL status: SUCCESS 1 in 1.461 seconds
[0m18:07:17.361972 [debug] [Thread-5 (]: Sending event: {'category': 'dbt', 'action': 'run_model', 'label': '3f9f9869-310b-4367-8230-3964c4e75e41', 'context': [<snowplow_tracker.self_describing_json.SelfDescribingJson object at 0x0000018C5FAE1EF0>]}
[0m18:07:17.362537 [debug] [Thread-3 (]: Began executing node model.my_new_project.fact_pose_machine_d
[0m18:07:17.362954 [info ] [Thread-5 (]: 4 of 5 OK created sql view model DSP_PROJ.MARTS.fact_payments .................. [[32mSUCCESS 1[0m in 1.55s]
[0m18:07:17.364717 [debug] [Thread-3 (]: Writing runtime sql for node "model.my_new_project.fact_pose_machine_d"
[0m18:07:17.365158 [debug] [Thread-5 (]: Finished running node model.my_new_project.fact_payments
[0m18:07:17.372022 [debug] [Thread-3 (]: Using snowflake connection "model.my_new_project.fact_pose_machine_d"
[0m18:07:17.372410 [debug] [Thread-3 (]: On model.my_new_project.fact_pose_machine_d: create or replace   view DSP_PROJ.MARTS.fact_pose_machine_d
  
  
  
  
  as (
    SELECT
    APPLICATION_NUMBWER AS CONSUMER_APPLICATION_NUMBER,
    TNSC_AMOUNT,
    PAYMENT_DATE,
    PAYMENT_MODE,
    BANK_NAME,
    PAYMENT_TYPE
FROM DSP_PROJ.STAGING.stg_pose_machine_d
  )
/* {"app": "dbt", "dbt_version": "1.12.0", "profile_name": "my_dbt_project", "target_name": "dev", "node_id": "model.my_new_project.fact_pose_machine_d"} */;
[0m18:07:17.408007 [debug] [Thread-4 (]: SQL status: SUCCESS 1 in 1.516 seconds
[0m18:07:17.409952 [debug] [Thread-4 (]: Sending event: {'category': 'dbt', 'action': 'run_model', 'label': '3f9f9869-310b-4367-8230-3964c4e75e41', 'context': [<snowplow_tracker.self_describing_json.SelfDescribingJson object at 0x0000018C5EA2F550>]}
[0m18:07:17.410371 [info ] [Thread-4 (]: 3 of 5 OK created sql view model DSP_PROJ.MARTS.fact_erp_rev ................... [[32mSUCCESS 1[0m in 1.60s]
[0m18:07:17.410908 [debug] [Thread-4 (]: Finished running node model.my_new_project.fact_erp_rev
[0m18:07:17.896254 [debug] [Thread-3 (]: SQL status: SUCCESS 1 in 0.523 seconds
[0m18:07:17.897974 [debug] [Thread-3 (]: Sending event: {'category': 'dbt', 'action': 'run_model', 'label': '3f9f9869-310b-4367-8230-3964c4e75e41', 'context': [<snowplow_tracker.self_describing_json.SelfDescribingJson object at 0x0000018C5E9F6F90>]}
[0m18:07:17.898387 [info ] [Thread-3 (]: 5 of 5 OK created sql view model DSP_PROJ.MARTS.fact_pose_machine_d ............ [[32mSUCCESS 1[0m in 0.55s]
[0m18:07:17.898877 [debug] [Thread-3 (]: Finished running node model.my_new_project.fact_pose_machine_d
[0m18:07:18.624304 [debug] [Thread-2 (]: SQL status: SUCCESS 6781 in 2.728 seconds
[0m18:07:18.627440 [debug] [Thread-2 (]: Sending event: {'category': 'dbt', 'action': 'run_model', 'label': '3f9f9869-310b-4367-8230-3964c4e75e41', 'context': [<snowplow_tracker.self_describing_json.SelfDescribingJson object at 0x0000018C5EAF20F0>]}
[0m18:07:18.627809 [info ] [Thread-2 (]: 1 of 5 OK created sql table model DSP_PROJ.MART.dim_consumer ................... [[32mSUCCESS 6781[0m in 2.82s]
[0m18:07:18.628514 [debug] [Thread-2 (]: Finished running node model.my_new_project.dim_consumer
[0m18:07:18.629878 [debug] [MainThread]: Connection 'master' was properly closed.
[0m18:07:18.630181 [debug] [MainThread]: Connection 'list_DSP_PROJ' was left open.
[0m18:07:18.630352 [debug] [MainThread]: On list_DSP_PROJ: Close
[0m18:07:19.283915 [debug] [MainThread]: Connection 'create_DSP_PROJ_MARTS' was left open.
[0m18:07:19.284360 [debug] [MainThread]: On create_DSP_PROJ_MARTS: Close
[0m18:07:19.872428 [debug] [MainThread]: Connection 'list_DSP_PROJ_STAGING' was left open.
[0m18:07:19.873319 [debug] [MainThread]: On list_DSP_PROJ_STAGING: Close
[0m18:07:20.588891 [debug] [MainThread]: Connection 'list_DSP_PROJ_MARTS' was left open.
[0m18:07:20.590555 [debug] [MainThread]: On list_DSP_PROJ_MARTS: Close
[0m18:07:21.205717 [debug] [MainThread]: Connection 'list_DBT_PRACTICE_STAGING' was left open.
[0m18:07:21.207275 [debug] [MainThread]: On list_DBT_PRACTICE_STAGING: Close
[0m18:07:21.773902 [debug] [MainThread]: Connection 'list_DSP_PROJ_INTERMEDIATE' was left open.
[0m18:07:21.774271 [debug] [MainThread]: On list_DSP_PROJ_INTERMEDIATE: Close
[0m18:07:22.284658 [debug] [MainThread]: Connection 'model.my_new_project.fact_pose_machine_d' was left open.
[0m18:07:22.285562 [debug] [MainThread]: On model.my_new_project.fact_pose_machine_d: Close
[0m18:07:22.755240 [debug] [MainThread]: Connection 'model.my_new_project.dim_consumer' was left open.
[0m18:07:22.756698 [debug] [MainThread]: On model.my_new_project.dim_consumer: Close
[0m18:07:23.457024 [debug] [MainThread]: Connection 'model.my_new_project.fact_erp_rev' was left open.
[0m18:07:23.457473 [debug] [MainThread]: On model.my_new_project.fact_erp_rev: Close
[0m18:07:23.973902 [debug] [MainThread]: Connection 'model.my_new_project.fact_payments' was left open.
[0m18:07:23.974401 [debug] [MainThread]: On model.my_new_project.fact_payments: Close
[0m18:07:24.557412 [info ] [MainThread]: 
[0m18:07:24.558615 [info ] [MainThread]: Finished running 1 table model, 4 view models in 0 hours 0 minutes and 14.13 seconds (14.13s).
[0m18:07:24.560875 [debug] [MainThread]: Command end result
[0m18:07:24.613039 [debug] [MainThread]: Wrote artifact WritableManifest to C:\Arjun_dbt_project\old_dbt_project\target\manifest.json
[0m18:07:24.617484 [debug] [MainThread]: Wrote artifact SemanticManifest to C:\Arjun_dbt_project\old_dbt_project\target\semantic_manifest.json
[0m18:07:24.624703 [debug] [MainThread]: Wrote artifact OsiDocument to C:\Arjun_dbt_project\old_dbt_project\target\osi_document.json
[0m18:07:24.640688 [debug] [MainThread]: Wrote artifact RunExecutionResult to C:\Arjun_dbt_project\old_dbt_project\target\run_results.json
[0m18:07:24.641012 [info ] [MainThread]: 
[0m18:07:24.641412 [info ] [MainThread]: [32mCompleted successfully[0m
[0m18:07:24.641695 [info ] [MainThread]: 
[0m18:07:24.641958 [info ] [MainThread]: Done. PASS=5 WARN=0 ERROR=0 SKIP=0 NO-OP=0 REUSED=0 TOTAL=5
[0m18:07:24.642574 [debug] [MainThread]: Command `dbt run` succeeded at 18:07:24.642485 after 16.68 seconds
[0m18:07:24.642840 [debug] [MainThread]: Sending event: {'category': 'dbt', 'action': 'invocation', 'label': 'end', 'context': [<snowplow_tracker.self_describing_json.SelfDescribingJson object at 0x0000018C5926FDD0>, <snowplow_tracker.self_describing_json.SelfDescribingJson object at 0x0000018C5E8F53D0>, <snowplow_tracker.self_describing_json.SelfDescribingJson object at 0x0000018C5E97CFB0>]}
[0m18:07:24.643100 [debug] [MainThread]: Flushing usage events
[0m18:07:26.714308 [debug] [MainThread]: An error was encountered while trying to flush usage events
[0m13:10:28.175449 [debug] [MainThread]: Sending event: {'category': 'dbt', 'action': 'invocation', 'label': 'start', 'context': [<snowplow_tracker.self_describing_json.SelfDescribingJson object at 0x00000170C3E65160>, <snowplow_tracker.self_describing_json.SelfDescribingJson object at 0x00000170C0C91450>, <snowplow_tracker.self_describing_json.SelfDescribingJson object at 0x00000170C65C3C50>]}


============================== 13:10:28.182961 | d5d138cd-4713-4535-bf6a-23a6148d1305 ==============================
[0m13:10:28.182961 [info ] [MainThread]: Running with dbt=1.12.0
[0m13:10:28.183496 [debug] [MainThread]: running dbt with arguments {'static_parser': 'True', 'no_print': 'None', 'maximum_seed_size_mib': '1', 'target_path': 'None', 'version_check': 'True', 'warn_error_options': 'WarnErrorOptionsV2(error=[], warn=[], silence=[])', 'printer_width': '80', 'write_json': 'True', 'introspect': 'True', 'log_cache_events': 'False', 'empty': 'False', 'cache_selected_only': 'False', 'log_format': 'default', 'debug': 'False', 'fail_fast': 'False', 'profiles_dir': 'C:\\Users\\HP\\.dbt', 'send_anonymous_usage_stats': 'True', 'quiet': 'False', 'warn_error': 'None', 'partial_parse': 'True', 'invocation_command': 'dbt run --select tag:mart, --exclude tag:daily', 'hints_enabled': 'True', 'use_colors': 'True', 'use_experimental_parser': 'False', 'indirect_selection': 'eager', 'log_path': 'C:\\Arjun_dbt_project\\old_dbt_project\\logs'}
[0m13:10:29.027974 [debug] [MainThread]: Snowflake adapter: Setting snowflake.connector to ERROR (file logging only)
[0m13:10:29.028513 [debug] [MainThread]: Snowflake adapter: Setting botocore to ERROR (file logging only)
[0m13:10:29.028794 [debug] [MainThread]: Snowflake adapter: Setting boto3 to ERROR (file logging only)
[0m13:10:29.492787 [debug] [MainThread]: Sending event: {'category': 'dbt', 'action': 'project_id', 'label': 'd5d138cd-4713-4535-bf6a-23a6148d1305', 'context': [<snowplow_tracker.self_describing_json.SelfDescribingJson object at 0x00000170C451DE00>]}
[0m13:10:29.552795 [debug] [MainThread]: Sending event: {'category': 'dbt', 'action': 'adapter_info', 'label': 'd5d138cd-4713-4535-bf6a-23a6148d1305', 'context': [<snowplow_tracker.self_describing_json.SelfDescribingJson object at 0x00000170C238EF10>]}
[0m13:10:29.554326 [info ] [MainThread]: Registered adapter: snowflake=1.12.0
[0m13:10:30.174908 [debug] [MainThread]: checksum: 34d064bbf3d7c01e29a022f69428015a75a45641a9d372ee507764c8a4f69675, vars: {}, profile: my_dbt_project, target: dev, version: 1.12.0
[0m13:10:30.293299 [info ] [MainThread]: Unable to do partial parsing because a project config has changed
[0m13:10:30.293864 [debug] [MainThread]: Sending event: {'category': 'dbt', 'action': 'partial_parser', 'label': 'd5d138cd-4713-4535-bf6a-23a6148d1305', 'context': [<snowplow_tracker.self_describing_json.SelfDescribingJson object at 0x00000170C94C1C50>]}
[0m13:10:32.746004 [debug] [MainThread]: Sending event: {'category': 'dbt', 'action': 'load_project', 'label': 'd5d138cd-4713-4535-bf6a-23a6148d1305', 'context': [<snowplow_tracker.self_describing_json.SelfDescribingJson object at 0x00000170C7DDE990>]}
[0m13:10:32.853213 [debug] [MainThread]: Wrote artifact WritableManifest to C:\Arjun_dbt_project\old_dbt_project\target\manifest.json
[0m13:10:32.869112 [debug] [MainThread]: Wrote artifact SemanticManifest to C:\Arjun_dbt_project\old_dbt_project\target\semantic_manifest.json
[0m13:10:33.032589 [debug] [MainThread]: Wrote artifact OsiDocument to C:\Arjun_dbt_project\old_dbt_project\target\osi_document.json
[0m13:10:33.083180 [debug] [MainThread]: Sending event: {'category': 'dbt', 'action': 'resource_counts', 'label': 'd5d138cd-4713-4535-bf6a-23a6148d1305', 'context': [<snowplow_tracker.self_describing_json.SelfDescribingJson object at 0x00000170C95C7770>]}
[0m13:10:33.083687 [info ] [MainThread]: Found 15 models, 2 snapshots, 2 data tests, 7 sources, 547 macros
[0m13:10:33.084111 [debug] [MainThread]: Sending event: {'category': 'dbt', 'action': 'runnable_timing', 'label': 'd5d138cd-4713-4535-bf6a-23a6148d1305', 'context': [<snowplow_tracker.self_describing_json.SelfDescribingJson object at 0x00000170C940EEA0>]}
[0m13:10:33.084842 [warn ] [MainThread]: [[33mWARNING[0m]: The selection criterion 'tag:mart,' does not match any enabled nodes
[0m13:10:33.086057 [warn ] [MainThread]: [[33mWARNING[0m]: Nothing to do. Try checking your model configs and model specification args
[0m13:10:33.086572 [debug] [MainThread]: Command end result
[0m13:10:33.129716 [debug] [MainThread]: Wrote artifact WritableManifest to C:\Arjun_dbt_project\old_dbt_project\target\manifest.json
[0m13:10:33.133771 [debug] [MainThread]: Wrote artifact SemanticManifest to C:\Arjun_dbt_project\old_dbt_project\target\semantic_manifest.json
[0m13:10:33.138134 [debug] [MainThread]: Wrote artifact OsiDocument to C:\Arjun_dbt_project\old_dbt_project\target\osi_document.json
[0m13:10:33.146518 [debug] [MainThread]: Wrote artifact RunExecutionResult to C:\Arjun_dbt_project\old_dbt_project\target\run_results.json
[0m13:10:33.147266 [debug] [MainThread]: Command `dbt run` succeeded at 13:10:33.147158 after 5.18 seconds
[0m13:10:33.147560 [debug] [MainThread]: Sending event: {'category': 'dbt', 'action': 'invocation', 'label': 'end', 'context': [<snowplow_tracker.self_describing_json.SelfDescribingJson object at 0x00000170C626FD10>, <snowplow_tracker.self_describing_json.SelfDescribingJson object at 0x00000170C9B1E990>, <snowplow_tracker.self_describing_json.SelfDescribingJson object at 0x00000170C9B1EAF0>]}
[0m13:10:33.147814 [debug] [MainThread]: Flushing usage events
[0m13:10:34.837865 [debug] [MainThread]: An error was encountered while trying to flush usage events
[0m13:12:03.775180 [debug] [MainThread]: Sending event: {'category': 'dbt', 'action': 'invocation', 'label': 'start', 'context': [<snowplow_tracker.self_describing_json.SelfDescribingJson object at 0x000001F29D465160>, <snowplow_tracker.self_describing_json.SelfDescribingJson object at 0x000001F29A291450>, <snowplow_tracker.self_describing_json.SelfDescribingJson object at 0x000001F29FBC3C50>]}


============================== 13:12:03.778442 | ce43e086-6d42-410a-9683-df8a4c893140 ==============================
[0m13:12:03.778442 [info ] [MainThread]: Running with dbt=1.12.0
[0m13:12:03.778932 [debug] [MainThread]: running dbt with arguments {'static_parser': 'True', 'no_print': 'None', 'version_check': 'True', 'target_path': 'None', 'maximum_seed_size_mib': '1', 'warn_error_options': 'WarnErrorOptionsV2(error=[], warn=[], silence=[])', 'printer_width': '80', 'write_json': 'True', 'empty': 'False', 'log_cache_events': 'False', 'introspect': 'True', 'cache_selected_only': 'False', 'fail_fast': 'False', 'debug': 'False', 'log_format': 'default', 'partial_parse': 'True', 'send_anonymous_usage_stats': 'True', 'quiet': 'False', 'warn_error': 'None', 'profiles_dir': 'C:\\Users\\HP\\.dbt', 'invocation_command': 'dbt run --select tag:mart --exclude tag:daily', 'hints_enabled': 'True', 'use_colors': 'True', 'use_experimental_parser': 'False', 'indirect_selection': 'eager', 'log_path': 'C:\\Arjun_dbt_project\\old_dbt_project\\logs'}
[0m13:12:04.134337 [debug] [MainThread]: Snowflake adapter: Setting snowflake.connector to ERROR (file logging only)
[0m13:12:04.134756 [debug] [MainThread]: Snowflake adapter: Setting botocore to ERROR (file logging only)
[0m13:12:04.135025 [debug] [MainThread]: Snowflake adapter: Setting boto3 to ERROR (file logging only)
[0m13:12:04.347939 [debug] [MainThread]: Sending event: {'category': 'dbt', 'action': 'project_id', 'label': 'ce43e086-6d42-410a-9683-df8a4c893140', 'context': [<snowplow_tracker.self_describing_json.SelfDescribingJson object at 0x000001F29DB2DE00>]}
[0m13:12:04.399811 [debug] [MainThread]: Sending event: {'category': 'dbt', 'action': 'adapter_info', 'label': 'ce43e086-6d42-410a-9683-df8a4c893140', 'context': [<snowplow_tracker.self_describing_json.SelfDescribingJson object at 0x000001F29B98EF10>]}
[0m13:12:04.400891 [info ] [MainThread]: Registered adapter: snowflake=1.12.0
[0m13:12:04.625033 [debug] [MainThread]: checksum: 34d064bbf3d7c01e29a022f69428015a75a45641a9d372ee507764c8a4f69675, vars: {}, profile: my_dbt_project, target: dev, version: 1.12.0
[0m13:12:04.758692 [debug] [MainThread]: Partial parsing enabled: 0 files deleted, 0 files added, 0 files changed.
[0m13:12:04.759000 [debug] [MainThread]: Nothing changed, skipping partial parsing.
[0m13:12:04.759197 [debug] [MainThread]: Partial parsing enabled, no changes found, skipping parsing
[0m13:12:04.765589 [debug] [MainThread]: Sending event: {'category': 'dbt', 'action': 'load_project', 'label': 'ce43e086-6d42-410a-9683-df8a4c893140', 'context': [<snowplow_tracker.self_describing_json.SelfDescribingJson object at 0x000001F2A1AE6550>]}
[0m13:12:04.891245 [debug] [MainThread]: Wrote artifact WritableManifest to C:\Arjun_dbt_project\old_dbt_project\target\manifest.json
[0m13:12:04.895560 [debug] [MainThread]: Wrote artifact SemanticManifest to C:\Arjun_dbt_project\old_dbt_project\target\semantic_manifest.json
[0m13:12:04.914298 [debug] [MainThread]: Wrote artifact OsiDocument to C:\Arjun_dbt_project\old_dbt_project\target\osi_document.json
[0m13:12:04.932480 [debug] [MainThread]: Sending event: {'category': 'dbt', 'action': 'resource_counts', 'label': 'ce43e086-6d42-410a-9683-df8a4c893140', 'context': [<snowplow_tracker.self_describing_json.SelfDescribingJson object at 0x000001F2A1B9DC70>]}
[0m13:12:04.932904 [info ] [MainThread]: Found 15 models, 2 snapshots, 2 data tests, 7 sources, 547 macros
[0m13:12:04.933334 [debug] [MainThread]: Sending event: {'category': 'dbt', 'action': 'runnable_timing', 'label': 'ce43e086-6d42-410a-9683-df8a4c893140', 'context': [<snowplow_tracker.self_describing_json.SelfDescribingJson object at 0x000001F2A2C55630>]}
[0m13:12:04.934798 [info ] [MainThread]: 
[0m13:12:04.935263 [info ] [MainThread]: Concurrency: 4 threads (target='dev')
[0m13:12:04.935610 [info ] [MainThread]: 
[0m13:12:04.936116 [debug] [MainThread]: Acquiring new snowflake connection 'master'
[0m13:12:04.939757 [debug] [ThreadPool]: Acquiring new snowflake connection 'list_DSP_PROJ'
[0m13:12:04.947581 [debug] [ThreadPool]: Acquiring new snowflake connection 'list_DSP_PROJ'
[0m13:12:04.959198 [debug] [ThreadPool]: Using snowflake connection "list_DSP_PROJ"
[0m13:12:04.959802 [debug] [ThreadPool]: Using snowflake connection "list_DSP_PROJ"
[0m13:12:04.960066 [debug] [ThreadPool]: On list_DSP_PROJ: show terse schemas in database DSP_PROJ
    limit 10000
/* {"app": "dbt", "dbt_version": "1.12.0", "profile_name": "my_dbt_project", "target_name": "dev", "connection_name": "list_DSP_PROJ"} */
[0m13:12:04.960327 [debug] [ThreadPool]: On list_DSP_PROJ: show terse schemas in database DSP_PROJ
    limit 10000
/* {"app": "dbt", "dbt_version": "1.12.0", "profile_name": "my_dbt_project", "target_name": "dev", "connection_name": "list_DSP_PROJ"} */
[0m13:12:04.960551 [debug] [ThreadPool]: Opening a new connection, currently in state init
[0m13:12:04.960746 [debug] [ThreadPool]: Opening a new connection, currently in state init
[0m13:12:06.751136 [debug] [ThreadPool]: SQL status: SUCCESS 8 in 1.790 seconds
[0m13:12:06.797849 [debug] [ThreadPool]: SQL status: SUCCESS 8 in 1.837 seconds
[0m13:12:06.820895 [debug] [ThreadPool]: Acquiring new snowflake connection 'list_DSP_PROJ_STAGING'
[0m13:12:06.821530 [debug] [ThreadPool]: Acquiring new snowflake connection 'list_DSP_PROJ_MARTS'
[0m13:12:06.830252 [debug] [ThreadPool]: Using snowflake connection "list_DSP_PROJ_STAGING"
[0m13:12:06.830634 [debug] [ThreadPool]: Acquiring new snowflake connection 'list_DBT_PRACTICE_SNAPSHOTS'
[0m13:12:06.831890 [debug] [ThreadPool]: Using snowflake connection "list_DSP_PROJ_MARTS"
[0m13:12:06.832557 [debug] [ThreadPool]: On list_DSP_PROJ_STAGING: show objects in DSP_PROJ.STAGING
    limit 10000
    

/* {"app": "dbt", "dbt_version": "1.12.0", "profile_name": "my_dbt_project", "target_name": "dev", "connection_name": "list_DSP_PROJ_STAGING"} */;
[0m13:12:06.832894 [debug] [ThreadPool]: Acquiring new snowflake connection 'list_DSP_PROJ_INTERMEDIATE'
[0m13:12:06.833767 [debug] [ThreadPool]: Using snowflake connection "list_DBT_PRACTICE_SNAPSHOTS"
[0m13:12:06.834065 [debug] [ThreadPool]: On list_DSP_PROJ_MARTS: show objects in DSP_PROJ.MARTS
    limit 10000
    

/* {"app": "dbt", "dbt_version": "1.12.0", "profile_name": "my_dbt_project", "target_name": "dev", "connection_name": "list_DSP_PROJ_MARTS"} */;
[0m13:12:06.834287 [debug] [ThreadPool]: Opening a new connection, currently in state init
[0m13:12:06.835114 [debug] [ThreadPool]: Using snowflake connection "list_DSP_PROJ_INTERMEDIATE"
[0m13:12:06.835353 [debug] [ThreadPool]: On list_DBT_PRACTICE_SNAPSHOTS: show objects in DBT_PRACTICE.SNAPSHOTS
    limit 10000
    

/* {"app": "dbt", "dbt_version": "1.12.0", "profile_name": "my_dbt_project", "target_name": "dev", "connection_name": "list_DBT_PRACTICE_SNAPSHOTS"} */;
[0m13:12:06.835778 [debug] [ThreadPool]: Opening a new connection, currently in state init
[0m13:12:06.836264 [debug] [ThreadPool]: On list_DSP_PROJ_INTERMEDIATE: show objects in DSP_PROJ.INTERMEDIATE
    limit 10000
    

/* {"app": "dbt", "dbt_version": "1.12.0", "profile_name": "my_dbt_project", "target_name": "dev", "connection_name": "list_DSP_PROJ_INTERMEDIATE"} */;
[0m13:12:06.836521 [debug] [ThreadPool]: Opening a new connection, currently in state init
[0m13:12:06.836847 [debug] [ThreadPool]: Opening a new connection, currently in state init
[0m13:12:08.011894 [debug] [ThreadPool]: SQL status: SUCCESS 5 in 1.177 seconds
[0m13:12:08.017419 [debug] [ThreadPool]: Using snowflake connection "list_DSP_PROJ_STAGING"
[0m13:12:08.017670 [debug] [ThreadPool]: On list_DSP_PROJ_STAGING: show user functions in DSP_PROJ.STAGING
/* {"app": "dbt", "dbt_version": "1.12.0", "profile_name": "my_dbt_project", "target_name": "dev", "connection_name": "list_DSP_PROJ_STAGING"} */
[0m13:12:08.438770 [debug] [ThreadPool]: SQL status: SUCCESS 3 in 1.602 seconds
[0m13:12:08.442612 [debug] [ThreadPool]: Using snowflake connection "list_DSP_PROJ_INTERMEDIATE"
[0m13:12:08.442971 [debug] [ThreadPool]: On list_DSP_PROJ_INTERMEDIATE: show user functions in DSP_PROJ.INTERMEDIATE
/* {"app": "dbt", "dbt_version": "1.12.0", "profile_name": "my_dbt_project", "target_name": "dev", "connection_name": "list_DSP_PROJ_INTERMEDIATE"} */
[0m13:12:08.562145 [debug] [ThreadPool]: SQL status: SUCCESS 2 in 1.726 seconds
[0m13:12:08.564386 [debug] [ThreadPool]: Using snowflake connection "list_DBT_PRACTICE_SNAPSHOTS"
[0m13:12:08.564602 [debug] [ThreadPool]: On list_DBT_PRACTICE_SNAPSHOTS: show user functions in DBT_PRACTICE.SNAPSHOTS
/* {"app": "dbt", "dbt_version": "1.12.0", "profile_name": "my_dbt_project", "target_name": "dev", "connection_name": "list_DBT_PRACTICE_SNAPSHOTS"} */
[0m13:12:08.577611 [debug] [ThreadPool]: SQL status: SUCCESS 0 in 0.560 seconds
[0m13:12:08.578911 [debug] [ThreadPool]: Re-using an available connection from the pool (formerly list_DSP_PROJ_STAGING, now list_DSP_PROJ_MART)
[0m13:12:08.580863 [debug] [ThreadPool]: Using snowflake connection "list_DSP_PROJ_MART"
[0m13:12:08.581092 [debug] [ThreadPool]: On list_DSP_PROJ_MART: show objects in DSP_PROJ.MART
    limit 10000
    

/* {"app": "dbt", "dbt_version": "1.12.0", "profile_name": "my_dbt_project", "target_name": "dev", "connection_name": "list_DSP_PROJ_MART"} */;
[0m13:12:08.794413 [debug] [ThreadPool]: SQL status: SUCCESS 0 in 0.351 seconds
[0m13:12:08.918364 [debug] [ThreadPool]: SQL status: SUCCESS 0 in 0.353 seconds
[0m13:12:08.940668 [debug] [ThreadPool]: SQL status: SUCCESS 5 in 0.359 seconds
[0m13:12:08.942577 [debug] [ThreadPool]: Using snowflake connection "list_DSP_PROJ_MART"
[0m13:12:08.942837 [debug] [ThreadPool]: On list_DSP_PROJ_MART: show user functions in DSP_PROJ.MART
/* {"app": "dbt", "dbt_version": "1.12.0", "profile_name": "my_dbt_project", "target_name": "dev", "connection_name": "list_DSP_PROJ_MART"} */
[0m13:12:09.287762 [debug] [ThreadPool]: SQL status: SUCCESS 0 in 0.345 seconds
[0m13:12:39.937300 [debug] [ThreadPool]: SQL status: SUCCESS 4 in 33.101 seconds
[0m13:12:39.939521 [debug] [ThreadPool]: Using snowflake connection "list_DSP_PROJ_MARTS"
[0m13:12:39.940022 [debug] [ThreadPool]: On list_DSP_PROJ_MARTS: show user functions in DSP_PROJ.MARTS
/* {"app": "dbt", "dbt_version": "1.12.0", "profile_name": "my_dbt_project", "target_name": "dev", "connection_name": "list_DSP_PROJ_MARTS"} */
[0m13:12:40.268969 [debug] [ThreadPool]: SQL status: SUCCESS 0 in 0.328 seconds
[0m13:12:40.273406 [debug] [MainThread]: Sending event: {'category': 'dbt', 'action': 'runnable_timing', 'label': 'ce43e086-6d42-410a-9683-df8a4c893140', 'context': [<snowplow_tracker.self_describing_json.SelfDescribingJson object at 0x000001F2A2C42EA0>]}
[0m13:12:40.298878 [debug] [Thread-2 (]: Began running node model.my_new_project.dim_consumer
[0m13:12:40.299251 [debug] [Thread-3 (]: Began running node model.my_new_project.fact_payments
[0m13:12:40.299618 [info ] [Thread-2 (]: 1 of 2 START sql view model DSP_PROJ.MART.dim_consumer ......................... [RUN]
[0m13:12:40.300458 [debug] [Thread-2 (]: Acquiring new snowflake connection 'model.my_new_project.dim_consumer'
[0m13:12:40.300705 [debug] [Thread-2 (]: Began compiling node model.my_new_project.dim_consumer
[0m13:12:40.299945 [info ] [Thread-3 (]: 2 of 2 START sql view model DSP_PROJ.MARTS.fact_payments ....................... [RUN]
[0m13:12:40.305057 [debug] [Thread-3 (]: Acquiring new snowflake connection 'model.my_new_project.fact_payments'
[0m13:12:40.305585 [debug] [Thread-3 (]: Began compiling node model.my_new_project.fact_payments
[0m13:12:40.306940 [debug] [Thread-3 (]: Writing injected SQL for node "model.my_new_project.fact_payments"
[0m13:12:40.308815 [debug] [Thread-2 (]: Writing injected SQL for node "model.my_new_project.dim_consumer"
[0m13:12:40.311305 [debug] [Thread-3 (]: Began executing node model.my_new_project.fact_payments
[0m13:12:40.311661 [debug] [Thread-2 (]: Began executing node model.my_new_project.dim_consumer
[0m13:12:40.331644 [debug] [Thread-3 (]: Writing runtime sql for node "model.my_new_project.fact_payments"
[0m13:12:40.335633 [debug] [Thread-2 (]: Dropping relation "DSP_PROJ"."MART"."DIM_CONSUMER" because it is of type table
[0m13:12:40.339443 [debug] [Thread-2 (]: Applying DROP to: "DSP_PROJ"."MART"."DIM_CONSUMER"
[0m13:12:40.346875 [debug] [Thread-2 (]: Using snowflake connection "model.my_new_project.dim_consumer"
[0m13:12:40.347217 [debug] [Thread-2 (]: On model.my_new_project.dim_consumer: drop table if exists "DSP_PROJ"."MART"."DIM_CONSUMER" cascade
/* {"app": "dbt", "dbt_version": "1.12.0", "profile_name": "my_dbt_project", "target_name": "dev", "node_id": "model.my_new_project.dim_consumer"} */
[0m13:12:40.347454 [debug] [Thread-2 (]: Opening a new connection, currently in state init
[0m13:12:40.350907 [debug] [Thread-3 (]: Using snowflake connection "model.my_new_project.fact_payments"
[0m13:12:40.351209 [debug] [Thread-3 (]: On model.my_new_project.fact_payments: create or replace   view DSP_PROJ.MARTS.fact_payments
  
  
  
  
  as (
    SELECT
    CONSUMER_APPLICATION_NO AS CONSUMER_APPLICATION_NUMBER,
    TRANSACTION_DATE,
    MOBILE_NO,
    REG_AMOUNT,
    PAYMENT_METHOD_TYPE,
    ADDITIONAL_INFO1,
    CHARGE_AMOUNT
FROM DSP_PROJ.STAGING.stg_billdesk_payment_res
  )
/* {"app": "dbt", "dbt_version": "1.12.0", "profile_name": "my_dbt_project", "target_name": "dev", "node_id": "model.my_new_project.fact_payments"} */;
[0m13:12:40.351432 [debug] [Thread-3 (]: Opening a new connection, currently in state init
[0m13:12:41.846768 [debug] [Thread-2 (]: SQL status: SUCCESS 1 in 1.499 seconds
[0m13:12:41.849285 [debug] [Thread-2 (]: Writing runtime sql for node "model.my_new_project.dim_consumer"
[0m13:12:41.856592 [debug] [Thread-2 (]: Using snowflake connection "model.my_new_project.dim_consumer"
[0m13:12:41.857293 [debug] [Thread-2 (]: On model.my_new_project.dim_consumer: create or replace   view DSP_PROJ.MART.dim_consumer
  
  
  
  
  as (
    SELECT DISTINCT
    CONSUMER_APPLICATION_NUMBER,
    CONSUMER_NAME,
    ADDRESS,
    CREATED_DATE,
    APPLICATION_STATUS,
    SHORT_DESCRIPTION_OF_WORK,
    NATURE_OF_WORK_ID,
    PREMISE_AREA_TYPE
FROM DSP_PROJ.STAGING.stg_consumer_application_detail
  )
/* {"app": "dbt", "dbt_version": "1.12.0", "profile_name": "my_dbt_project", "target_name": "dev", "node_id": "model.my_new_project.dim_consumer"} */;
[0m13:12:41.890986 [debug] [Thread-3 (]: SQL status: SUCCESS 1 in 1.539 seconds
[0m13:12:41.910663 [debug] [Thread-3 (]: Sending event: {'category': 'dbt', 'action': 'run_model', 'label': 'ce43e086-6d42-410a-9683-df8a4c893140', 'context': [<snowplow_tracker.self_describing_json.SelfDescribingJson object at 0x000001F2A2EB3C50>]}
[0m13:12:41.911169 [info ] [Thread-3 (]: 2 of 2 OK created sql view model DSP_PROJ.MARTS.fact_payments .................. [[32mSUCCESS 1[0m in 1.60s]
[0m13:12:41.911749 [debug] [Thread-3 (]: Finished running node model.my_new_project.fact_payments
[0m13:12:42.400761 [debug] [Thread-2 (]: SQL status: SUCCESS 1 in 0.543 seconds
[0m13:12:42.403856 [debug] [Thread-2 (]: Sending event: {'category': 'dbt', 'action': 'run_model', 'label': 'ce43e086-6d42-410a-9683-df8a4c893140', 'context': [<snowplow_tracker.self_describing_json.SelfDescribingJson object at 0x000001F2A2F22200>]}
[0m13:12:42.404398 [info ] [Thread-2 (]: 1 of 2 OK created sql view model DSP_PROJ.MART.dim_consumer .................... [[32mSUCCESS 1[0m in 2.10s]
[0m13:12:42.405171 [debug] [Thread-2 (]: Finished running node model.my_new_project.dim_consumer
[0m13:12:42.407990 [debug] [MainThread]: Connection 'master' was properly closed.
[0m13:12:42.408223 [debug] [MainThread]: Connection 'list_DSP_PROJ' was left open.
[0m13:12:42.408408 [debug] [MainThread]: On list_DSP_PROJ: Close
[0m13:12:43.021189 [debug] [MainThread]: Connection 'list_DSP_PROJ' was left open.
[0m13:12:43.021588 [debug] [MainThread]: On list_DSP_PROJ: Close
[0m13:12:43.717279 [debug] [MainThread]: Connection 'list_DSP_PROJ_MART' was left open.
[0m13:12:43.717920 [debug] [MainThread]: On list_DSP_PROJ_MART: Close
[0m13:12:44.979486 [debug] [MainThread]: Connection 'list_DSP_PROJ_MARTS' was left open.
[0m13:12:44.980185 [debug] [MainThread]: On list_DSP_PROJ_MARTS: Close
[0m13:12:45.449266 [debug] [MainThread]: Connection 'list_DBT_PRACTICE_SNAPSHOTS' was left open.
[0m13:12:45.449915 [debug] [MainThread]: On list_DBT_PRACTICE_SNAPSHOTS: Close
[0m13:12:46.056415 [debug] [MainThread]: Connection 'list_DSP_PROJ_INTERMEDIATE' was left open.
[0m13:12:46.057064 [debug] [MainThread]: On list_DSP_PROJ_INTERMEDIATE: Close
[0m13:12:47.057135 [debug] [MainThread]: Connection 'model.my_new_project.dim_consumer' was left open.
[0m13:12:47.057792 [debug] [MainThread]: On model.my_new_project.dim_consumer: Close
[0m13:12:47.692648 [debug] [MainThread]: Connection 'model.my_new_project.fact_payments' was left open.
[0m13:12:47.693463 [debug] [MainThread]: On model.my_new_project.fact_payments: Close
[0m13:12:48.326529 [info ] [MainThread]: 
[0m13:12:48.328096 [info ] [MainThread]: Finished running 2 view models in 0 hours 0 minutes and 43.39 seconds (43.39s).
[0m13:12:48.331334 [debug] [MainThread]: Command end result
[0m13:12:48.385954 [debug] [MainThread]: Wrote artifact WritableManifest to C:\Arjun_dbt_project\old_dbt_project\target\manifest.json
[0m13:12:48.391330 [debug] [MainThread]: Wrote artifact SemanticManifest to C:\Arjun_dbt_project\old_dbt_project\target\semantic_manifest.json
[0m13:12:48.396118 [debug] [MainThread]: Wrote artifact OsiDocument to C:\Arjun_dbt_project\old_dbt_project\target\osi_document.json
[0m13:12:48.403194 [debug] [MainThread]: Wrote artifact RunExecutionResult to C:\Arjun_dbt_project\old_dbt_project\target\run_results.json
[0m13:12:48.403494 [info ] [MainThread]: 
[0m13:12:48.403824 [info ] [MainThread]: [32mCompleted successfully[0m
[0m13:12:48.404173 [info ] [MainThread]: 
[0m13:12:48.404609 [info ] [MainThread]: Done. PASS=2 WARN=0 ERROR=0 SKIP=0 NO-OP=0 REUSED=0 TOTAL=2
[0m13:12:48.405562 [debug] [MainThread]: Command `dbt run` succeeded at 13:12:48.405476 after 44.83 seconds
[0m13:12:48.405822 [debug] [MainThread]: Sending event: {'category': 'dbt', 'action': 'invocation', 'label': 'end', 'context': [<snowplow_tracker.self_describing_json.SelfDescribingJson object at 0x000001F2A2F42C10>, <snowplow_tracker.self_describing_json.SelfDescribingJson object at 0x000001F2A2FCFB60>, <snowplow_tracker.self_describing_json.SelfDescribingJson object at 0x000001F29B147950>]}
[0m13:12:48.406058 [debug] [MainThread]: Flushing usage events
[0m13:12:50.059560 [debug] [MainThread]: An error was encountered while trying to flush usage events
[0m13:15:44.008107 [debug] [MainThread]: Sending event: {'category': 'dbt', 'action': 'invocation', 'label': 'start', 'context': [<snowplow_tracker.self_describing_json.SelfDescribingJson object at 0x00000275466C5160>, <snowplow_tracker.self_describing_json.SelfDescribingJson object at 0x00000275434E1450>, <snowplow_tracker.self_describing_json.SelfDescribingJson object at 0x0000027548E27C50>]}


============================== 13:15:44.011565 | c4ccd101-d90f-4e8d-bc82-ed51d528bf65 ==============================
[0m13:15:44.011565 [info ] [MainThread]: Running with dbt=1.12.0
[0m13:15:44.012030 [debug] [MainThread]: running dbt with arguments {'maximum_seed_size_mib': '1', 'no_print': 'None', 'version_check': 'True', 'target_path': 'None', 'warn_error_options': 'WarnErrorOptionsV2(error=[], warn=[], silence=[])', 'static_parser': 'True', 'printer_width': '80', 'write_json': 'True', 'empty': 'False', 'log_cache_events': 'False', 'introspect': 'True', 'cache_selected_only': 'False', 'fail_fast': 'False', 'debug': 'False', 'log_format': 'default', 'partial_parse': 'True', 'send_anonymous_usage_stats': 'True', 'quiet': 'False', 'warn_error': 'None', 'profiles_dir': 'C:\\Users\\HP\\.dbt', 'use_colors': 'True', 'hints_enabled': 'True', 'invocation_command': 'dbt build --select tag:scd2', 'use_experimental_parser': 'False', 'indirect_selection': 'eager', 'log_path': 'C:\\Arjun_dbt_project\\old_dbt_project\\logs'}
[0m13:15:44.337626 [debug] [MainThread]: Snowflake adapter: Setting snowflake.connector to ERROR (file logging only)
[0m13:15:44.337965 [debug] [MainThread]: Snowflake adapter: Setting botocore to ERROR (file logging only)
[0m13:15:44.338190 [debug] [MainThread]: Snowflake adapter: Setting boto3 to ERROR (file logging only)
[0m13:15:44.533842 [debug] [MainThread]: Sending event: {'category': 'dbt', 'action': 'project_id', 'label': 'c4ccd101-d90f-4e8d-bc82-ed51d528bf65', 'context': [<snowplow_tracker.self_describing_json.SelfDescribingJson object at 0x0000027546D8DE00>]}
[0m13:15:44.578650 [debug] [MainThread]: Sending event: {'category': 'dbt', 'action': 'adapter_info', 'label': 'c4ccd101-d90f-4e8d-bc82-ed51d528bf65', 'context': [<snowplow_tracker.self_describing_json.SelfDescribingJson object at 0x0000027544BEEF10>]}
[0m13:15:44.579718 [info ] [MainThread]: Registered adapter: snowflake=1.12.0
[0m13:15:44.804487 [debug] [MainThread]: checksum: 34d064bbf3d7c01e29a022f69428015a75a45641a9d372ee507764c8a4f69675, vars: {}, profile: my_dbt_project, target: dev, version: 1.12.0
[0m13:15:44.938821 [debug] [MainThread]: Partial parsing enabled: 0 files deleted, 0 files added, 0 files changed.
[0m13:15:44.939181 [debug] [MainThread]: Nothing changed, skipping partial parsing.
[0m13:15:44.939398 [debug] [MainThread]: Partial parsing enabled, no changes found, skipping parsing
[0m13:15:44.945783 [debug] [MainThread]: Sending event: {'category': 'dbt', 'action': 'load_project', 'label': 'c4ccd101-d90f-4e8d-bc82-ed51d528bf65', 'context': [<snowplow_tracker.self_describing_json.SelfDescribingJson object at 0x000002754ADB2550>]}
[0m13:15:45.067635 [debug] [MainThread]: Wrote artifact WritableManifest to C:\Arjun_dbt_project\old_dbt_project\target\manifest.json
[0m13:15:45.072072 [debug] [MainThread]: Wrote artifact SemanticManifest to C:\Arjun_dbt_project\old_dbt_project\target\semantic_manifest.json
[0m13:15:45.090330 [debug] [MainThread]: Wrote artifact OsiDocument to C:\Arjun_dbt_project\old_dbt_project\target\osi_document.json
[0m13:15:45.177511 [debug] [MainThread]: Sending event: {'category': 'dbt', 'action': 'resource_counts', 'label': 'c4ccd101-d90f-4e8d-bc82-ed51d528bf65', 'context': [<snowplow_tracker.self_describing_json.SelfDescribingJson object at 0x000002754BEE1F40>]}
[0m13:15:45.177933 [info ] [MainThread]: Found 15 models, 2 snapshots, 2 data tests, 7 sources, 547 macros
[0m13:15:45.179515 [info ] [MainThread]: 
[0m13:15:45.179854 [info ] [MainThread]: Concurrency: 4 threads (target='dev')
[0m13:15:45.180115 [info ] [MainThread]: 
[0m13:15:45.180559 [debug] [MainThread]: Acquiring new snowflake connection 'master'
[0m13:15:45.184199 [debug] [ThreadPool]: Acquiring new snowflake connection 'list_DBT_PRACTICE'
[0m13:15:45.195884 [debug] [ThreadPool]: Using snowflake connection "list_DBT_PRACTICE"
[0m13:15:45.196288 [debug] [ThreadPool]: On list_DBT_PRACTICE: show terse schemas in database DBT_PRACTICE
    limit 10000
/* {"app": "dbt", "dbt_version": "1.12.0", "profile_name": "my_dbt_project", "target_name": "dev", "connection_name": "list_DBT_PRACTICE"} */
[0m13:15:45.196493 [debug] [ThreadPool]: Opening a new connection, currently in state init
[0m13:15:46.764464 [debug] [ThreadPool]: SQL status: SUCCESS 7 in 1.568 seconds
[0m13:15:46.772896 [debug] [ThreadPool]: Acquiring new snowflake connection 'list_DSP_PROJ_INTERMEDIATE'
[0m13:15:46.783629 [debug] [ThreadPool]: Acquiring new snowflake connection 'list_DSP_PROJ_STAGING'
[0m13:15:46.802993 [debug] [ThreadPool]: Using snowflake connection "list_DSP_PROJ_STAGING"
[0m13:15:46.803476 [debug] [ThreadPool]: Acquiring new snowflake connection 'list_DBT_PRACTICE_SNAPSHOTS'
[0m13:15:46.806265 [debug] [ThreadPool]: Using snowflake connection "list_DSP_PROJ_INTERMEDIATE"
[0m13:15:46.806642 [debug] [ThreadPool]: On list_DSP_PROJ_STAGING: show objects in DSP_PROJ.STAGING
    limit 10000
    

/* {"app": "dbt", "dbt_version": "1.12.0", "profile_name": "my_dbt_project", "target_name": "dev", "connection_name": "list_DSP_PROJ_STAGING"} */;
[0m13:15:46.809723 [debug] [ThreadPool]: Using snowflake connection "list_DBT_PRACTICE_SNAPSHOTS"
[0m13:15:46.810216 [debug] [ThreadPool]: Acquiring new snowflake connection 'list_DSP_PROJ_MART'
[0m13:15:46.810585 [debug] [ThreadPool]: On list_DSP_PROJ_INTERMEDIATE: show objects in DSP_PROJ.INTERMEDIATE
    limit 10000
    

/* {"app": "dbt", "dbt_version": "1.12.0", "profile_name": "my_dbt_project", "target_name": "dev", "connection_name": "list_DSP_PROJ_INTERMEDIATE"} */;
[0m13:15:46.810944 [debug] [ThreadPool]: Opening a new connection, currently in state init
[0m13:15:46.811245 [debug] [ThreadPool]: On list_DBT_PRACTICE_SNAPSHOTS: show objects in DBT_PRACTICE.SNAPSHOTS
    limit 10000
    

/* {"app": "dbt", "dbt_version": "1.12.0", "profile_name": "my_dbt_project", "target_name": "dev", "connection_name": "list_DBT_PRACTICE_SNAPSHOTS"} */;
[0m13:15:46.812387 [debug] [ThreadPool]: Using snowflake connection "list_DSP_PROJ_MART"
[0m13:15:46.812646 [debug] [ThreadPool]: Opening a new connection, currently in state init
[0m13:15:46.812983 [debug] [ThreadPool]: Opening a new connection, currently in state init
[0m13:15:46.813227 [debug] [ThreadPool]: On list_DSP_PROJ_MART: show objects in DSP_PROJ.MART
    limit 10000
    

/* {"app": "dbt", "dbt_version": "1.12.0", "profile_name": "my_dbt_project", "target_name": "dev", "connection_name": "list_DSP_PROJ_MART"} */;
[0m13:15:46.814107 [debug] [ThreadPool]: Opening a new connection, currently in state init
[0m13:15:48.327762 [debug] [ThreadPool]: SQL status: SUCCESS 2 in 1.515 seconds
[0m13:15:48.328431 [debug] [ThreadPool]: SQL status: SUCCESS 5 in 1.517 seconds
[0m13:15:48.332185 [debug] [ThreadPool]: Using snowflake connection "list_DBT_PRACTICE_SNAPSHOTS"
[0m13:15:48.334020 [debug] [ThreadPool]: Using snowflake connection "list_DSP_PROJ_STAGING"
[0m13:15:48.334279 [debug] [ThreadPool]: On list_DBT_PRACTICE_SNAPSHOTS: show user functions in DBT_PRACTICE.SNAPSHOTS
/* {"app": "dbt", "dbt_version": "1.12.0", "profile_name": "my_dbt_project", "target_name": "dev", "connection_name": "list_DBT_PRACTICE_SNAPSHOTS"} */
[0m13:15:48.334516 [debug] [ThreadPool]: On list_DSP_PROJ_STAGING: show user functions in DSP_PROJ.STAGING
/* {"app": "dbt", "dbt_version": "1.12.0", "profile_name": "my_dbt_project", "target_name": "dev", "connection_name": "list_DSP_PROJ_STAGING"} */
[0m13:15:49.582291 [debug] [ThreadPool]: SQL status: SUCCESS 0 in 1.247 seconds
[0m13:15:49.584116 [debug] [ThreadPool]: Re-using an available connection from the pool (formerly list_DBT_PRACTICE_SNAPSHOTS, now list_DSP_PROJ_MARTS)
[0m13:15:49.585583 [debug] [ThreadPool]: Using snowflake connection "list_DSP_PROJ_MARTS"
[0m13:15:49.585812 [debug] [ThreadPool]: On list_DSP_PROJ_MARTS: show objects in DSP_PROJ.MARTS
    limit 10000
    

/* {"app": "dbt", "dbt_version": "1.12.0", "profile_name": "my_dbt_project", "target_name": "dev", "connection_name": "list_DSP_PROJ_MARTS"} */;
[0m13:15:49.774836 [debug] [ThreadPool]: SQL status: SUCCESS 0 in 1.440 seconds
[0m13:15:49.865874 [debug] [ThreadPool]: SQL status: SUCCESS 5 in 3.052 seconds
[0m13:15:49.871035 [debug] [ThreadPool]: Using snowflake connection "list_DSP_PROJ_MART"
[0m13:15:49.871439 [debug] [ThreadPool]: On list_DSP_PROJ_MART: show user functions in DSP_PROJ.MART
/* {"app": "dbt", "dbt_version": "1.12.0", "profile_name": "my_dbt_project", "target_name": "dev", "connection_name": "list_DSP_PROJ_MART"} */
[0m13:15:50.008585 [debug] [ThreadPool]: SQL status: SUCCESS 3 in 3.196 seconds
[0m13:15:50.010296 [debug] [ThreadPool]: Using snowflake connection "list_DSP_PROJ_INTERMEDIATE"
[0m13:15:50.010510 [debug] [ThreadPool]: On list_DSP_PROJ_INTERMEDIATE: show user functions in DSP_PROJ.INTERMEDIATE
/* {"app": "dbt", "dbt_version": "1.12.0", "profile_name": "my_dbt_project", "target_name": "dev", "connection_name": "list_DSP_PROJ_INTERMEDIATE"} */
[0m13:15:50.036474 [debug] [ThreadPool]: SQL status: SUCCESS 4 in 0.450 seconds
[0m13:15:50.038139 [debug] [ThreadPool]: Using snowflake connection "list_DSP_PROJ_MARTS"
[0m13:15:50.038347 [debug] [ThreadPool]: On list_DSP_PROJ_MARTS: show user functions in DSP_PROJ.MARTS
/* {"app": "dbt", "dbt_version": "1.12.0", "profile_name": "my_dbt_project", "target_name": "dev", "connection_name": "list_DSP_PROJ_MARTS"} */
[0m13:15:50.228595 [debug] [ThreadPool]: SQL status: SUCCESS 0 in 0.357 seconds
[0m13:15:50.353919 [debug] [ThreadPool]: SQL status: SUCCESS 0 in 0.343 seconds
[0m13:15:50.389127 [debug] [ThreadPool]: SQL status: SUCCESS 0 in 0.350 seconds
[0m13:15:50.393808 [debug] [MainThread]: Sending event: {'category': 'dbt', 'action': 'runnable_timing', 'label': 'c4ccd101-d90f-4e8d-bc82-ed51d528bf65', 'context': [<snowplow_tracker.self_describing_json.SelfDescribingJson object at 0x000002754BFD8F30>]}
[0m13:15:50.404547 [debug] [Thread-3 (]: Began running node model.my_new_project.stg_customers_check
[0m13:15:50.405090 [debug] [Thread-2 (]: Began running node model.my_new_project.stg_customers
[0m13:15:50.405909 [info ] [Thread-3 (]: 2 of 2 START sql view model SNAPSHOTS.stg_customers_check ...................... [RUN]
[0m13:15:50.407201 [debug] [Thread-3 (]: Acquiring new snowflake connection 'model.my_new_project.stg_customers_check'
[0m13:15:50.407466 [debug] [Thread-3 (]: Began compiling node model.my_new_project.stg_customers_check
[0m13:15:50.411386 [debug] [Thread-3 (]: Writing injected SQL for node "model.my_new_project.stg_customers_check"
[0m13:15:50.406616 [info ] [Thread-2 (]: 1 of 2 START sql view model SNAPSHOTS.stg_customers ............................ [RUN]
[0m13:15:50.412052 [debug] [Thread-2 (]: Acquiring new snowflake connection 'model.my_new_project.stg_customers'
[0m13:15:50.412436 [debug] [Thread-2 (]: Began compiling node model.my_new_project.stg_customers
[0m13:15:50.414773 [debug] [Thread-2 (]: Writing injected SQL for node "model.my_new_project.stg_customers"
[0m13:15:50.419621 [debug] [Thread-3 (]: Began executing node model.my_new_project.stg_customers_check
[0m13:15:50.438235 [debug] [Thread-3 (]: Writing runtime sql for node "model.my_new_project.stg_customers_check"
[0m13:15:50.441202 [debug] [Thread-2 (]: Began executing node model.my_new_project.stg_customers
[0m13:15:50.443009 [debug] [Thread-2 (]: Writing runtime sql for node "model.my_new_project.stg_customers"
[0m13:15:50.445763 [debug] [Thread-3 (]: Using snowflake connection "model.my_new_project.stg_customers_check"
[0m13:15:50.446233 [debug] [Thread-3 (]: On model.my_new_project.stg_customers_check: create or replace   view DBT_PRACTICE.SNAPSHOTS.stg_customers_check
  
  
  
  
  as (
    select * from 
DBT_PRACTICE.RAW.CUSTOMERS_CHECK
  )
/* {"app": "dbt", "dbt_version": "1.12.0", "profile_name": "my_dbt_project", "target_name": "dev", "node_id": "model.my_new_project.stg_customers_check"} */;
[0m13:15:50.446514 [debug] [Thread-3 (]: Opening a new connection, currently in state init
[0m13:15:50.448442 [debug] [Thread-2 (]: Using snowflake connection "model.my_new_project.stg_customers"
[0m13:15:50.448788 [debug] [Thread-2 (]: On model.my_new_project.stg_customers: create or replace   view DBT_PRACTICE.SNAPSHOTS.stg_customers
  
  
  
  
  as (
    select

customer_id,

customer_name,

city,

updated_at

from DBT_PRACTICE.RAW.CUSTOMERS
  )
/* {"app": "dbt", "dbt_version": "1.12.0", "profile_name": "my_dbt_project", "target_name": "dev", "node_id": "model.my_new_project.stg_customers"} */;
[0m13:15:50.449048 [debug] [Thread-2 (]: Opening a new connection, currently in state init
[0m13:15:52.544833 [debug] [Thread-2 (]: SQL status: SUCCESS 1 in 2.096 seconds
[0m13:15:52.562472 [debug] [Thread-2 (]: Sending event: {'category': 'dbt', 'action': 'run_model', 'label': 'c4ccd101-d90f-4e8d-bc82-ed51d528bf65', 'context': [<snowplow_tracker.self_describing_json.SelfDescribingJson object at 0x000002754C346270>]}
[0m13:15:52.563011 [info ] [Thread-2 (]: 1 of 2 OK created sql view model SNAPSHOTS.stg_customers ....................... [[32mSUCCESS 1[0m in 2.15s]
[0m13:15:52.563586 [debug] [Thread-2 (]: Finished running node model.my_new_project.stg_customers
[0m13:15:52.787199 [debug] [Thread-3 (]: SQL status: SUCCESS 1 in 2.340 seconds
[0m13:15:52.791972 [debug] [Thread-3 (]: Sending event: {'category': 'dbt', 'action': 'run_model', 'label': 'c4ccd101-d90f-4e8d-bc82-ed51d528bf65', 'context': [<snowplow_tracker.self_describing_json.SelfDescribingJson object at 0x000002754BF75610>]}
[0m13:15:52.793916 [info ] [Thread-3 (]: 2 of 2 OK created sql view model SNAPSHOTS.stg_customers_check ................. [[32mSUCCESS 1[0m in 2.38s]
[0m13:15:52.794531 [debug] [Thread-3 (]: Finished running node model.my_new_project.stg_customers_check
[0m13:15:52.796338 [debug] [MainThread]: Connection 'master' was properly closed.
[0m13:15:52.796590 [debug] [MainThread]: Connection 'list_DBT_PRACTICE' was left open.
[0m13:15:52.796803 [debug] [MainThread]: On list_DBT_PRACTICE: Close
[0m13:15:53.395569 [debug] [MainThread]: Connection 'list_DSP_PROJ_INTERMEDIATE' was left open.
[0m13:15:53.396469 [debug] [MainThread]: On list_DSP_PROJ_INTERMEDIATE: Close
[0m13:15:53.930814 [debug] [MainThread]: Connection 'list_DSP_PROJ_STAGING' was left open.
[0m13:15:53.931455 [debug] [MainThread]: On list_DSP_PROJ_STAGING: Close
[0m13:15:54.730256 [debug] [MainThread]: Connection 'list_DSP_PROJ_MARTS' was left open.
[0m13:15:54.730561 [debug] [MainThread]: On list_DSP_PROJ_MARTS: Close
[0m13:15:55.322446 [debug] [MainThread]: Connection 'list_DSP_PROJ_MART' was left open.
[0m13:15:55.323055 [debug] [MainThread]: On list_DSP_PROJ_MART: Close
[0m13:15:55.831325 [debug] [MainThread]: Connection 'model.my_new_project.stg_customers_check' was left open.
[0m13:15:55.831825 [debug] [MainThread]: On model.my_new_project.stg_customers_check: Close
[0m13:15:56.493420 [debug] [MainThread]: Connection 'model.my_new_project.stg_customers' was left open.
[0m13:15:56.494822 [debug] [MainThread]: On model.my_new_project.stg_customers: Close
[0m13:15:57.170779 [info ] [MainThread]: 
[0m13:15:57.171352 [info ] [MainThread]: Finished running 2 view models in 0 hours 0 minutes and 11.99 seconds (11.99s).
[0m13:15:57.172674 [debug] [MainThread]: Command end result
[0m13:15:57.217145 [debug] [MainThread]: Wrote artifact WritableManifest to C:\Arjun_dbt_project\old_dbt_project\target\manifest.json
[0m13:15:57.221592 [debug] [MainThread]: Wrote artifact SemanticManifest to C:\Arjun_dbt_project\old_dbt_project\target\semantic_manifest.json
[0m13:15:57.226846 [debug] [MainThread]: Wrote artifact OsiDocument to C:\Arjun_dbt_project\old_dbt_project\target\osi_document.json
[0m13:15:57.234058 [debug] [MainThread]: Wrote artifact RunExecutionResult to C:\Arjun_dbt_project\old_dbt_project\target\run_results.json
[0m13:15:57.234346 [info ] [MainThread]: 
[0m13:15:57.234670 [info ] [MainThread]: [32mCompleted successfully[0m
[0m13:15:57.235039 [info ] [MainThread]: 
[0m13:15:57.235432 [info ] [MainThread]: Done. PASS=2 WARN=0 ERROR=0 SKIP=0 NO-OP=0 REUSED=0 TOTAL=2
[0m13:15:57.236205 [debug] [MainThread]: Command `dbt build` succeeded at 13:15:57.236116 after 13.36 seconds
[0m13:15:57.236460 [debug] [MainThread]: Sending event: {'category': 'dbt', 'action': 'invocation', 'label': 'end', 'context': [<snowplow_tracker.self_describing_json.SelfDescribingJson object at 0x000002754C2709F0>, <snowplow_tracker.self_describing_json.SelfDescribingJson object at 0x000002754C1FE530>, <snowplow_tracker.self_describing_json.SelfDescribingJson object at 0x000002754C1FE850>]}
[0m13:15:57.236695 [debug] [MainThread]: Flushing usage events
[0m13:15:58.848207 [debug] [MainThread]: An error was encountered while trying to flush usage events
[0m13:18:16.136434 [debug] [MainThread]: Sending event: {'category': 'dbt', 'action': 'invocation', 'label': 'start', 'context': [<snowplow_tracker.self_describing_json.SelfDescribingJson object at 0x000001DAB7905160>, <snowplow_tracker.self_describing_json.SelfDescribingJson object at 0x000001DAB4711450>, <snowplow_tracker.self_describing_json.SelfDescribingJson object at 0x000001DABA067C50>]}


============================== 13:18:16.145195 | 19fb0f41-79bb-4e46-9dc8-7efb3123b88d ==============================
[0m13:18:16.145195 [info ] [MainThread]: Running with dbt=1.12.0
[0m13:18:16.145785 [debug] [MainThread]: running dbt with arguments {'static_parser': 'True', 'no_print': 'None', 'maximum_seed_size_mib': '1', 'warn_error_options': 'WarnErrorOptionsV2(error=[], warn=[], silence=[])', 'target_path': 'None', 'version_check': 'True', 'printer_width': '80', 'write_json': 'True', 'introspect': 'True', 'log_cache_events': 'False', 'empty': 'False', 'cache_selected_only': 'False', 'log_format': 'default', 'debug': 'False', 'fail_fast': 'False', 'profiles_dir': 'C:\\Users\\HP\\.dbt', 'send_anonymous_usage_stats': 'True', 'quiet': 'False', 'warn_error': 'None', 'partial_parse': 'True', 'invocation_command': 'dbt build --select tag:scd2', 'hints_enabled': 'True', 'indirect_selection': 'eager', 'use_experimental_parser': 'False', 'use_colors': 'True', 'log_path': 'C:\\Arjun_dbt_project\\old_dbt_project\\logs'}
[0m13:18:16.882067 [debug] [MainThread]: Snowflake adapter: Setting snowflake.connector to ERROR (file logging only)
[0m13:18:16.882484 [debug] [MainThread]: Snowflake adapter: Setting botocore to ERROR (file logging only)
[0m13:18:16.882745 [debug] [MainThread]: Snowflake adapter: Setting boto3 to ERROR (file logging only)
[0m13:18:17.111389 [debug] [MainThread]: Sending event: {'category': 'dbt', 'action': 'project_id', 'label': '19fb0f41-79bb-4e46-9dc8-7efb3123b88d', 'context': [<snowplow_tracker.self_describing_json.SelfDescribingJson object at 0x000001DAB7FCDE00>]}
[0m13:18:17.160666 [debug] [MainThread]: Sending event: {'category': 'dbt', 'action': 'adapter_info', 'label': '19fb0f41-79bb-4e46-9dc8-7efb3123b88d', 'context': [<snowplow_tracker.self_describing_json.SelfDescribingJson object at 0x000001DAB5E2EF10>]}
[0m13:18:17.161866 [info ] [MainThread]: Registered adapter: snowflake=1.12.0
[0m13:18:17.458047 [debug] [MainThread]: checksum: 34d064bbf3d7c01e29a022f69428015a75a45641a9d372ee507764c8a4f69675, vars: {}, profile: my_dbt_project, target: dev, version: 1.12.0
[0m13:18:17.570681 [warn ] [MainThread]: [[33mWARNING[0m][CustomKeyInConfigDeprecation]: Deprecated functionality
Custom key `tests` found in `config` at path `models[3].config` in file
`models\schema.yml`. Custom config keys should move into the `config.meta`.
[0m13:18:17.571340 [debug] [MainThread]: Sending event: {'category': 'dbt', 'action': 'deprecation', 'label': '19fb0f41-79bb-4e46-9dc8-7efb3123b88d', 'property_': 'warn', 'context': [<snowplow_tracker.self_describing_json.SelfDescribingJson object at 0x000001DABBFA1E50>]}
[0m13:18:17.642553 [debug] [MainThread]: Partial parsing enabled: 0 files deleted, 0 files added, 1 files changed.
[0m13:18:17.643160 [debug] [MainThread]: Partial parsing: updated file: my_new_project://models\schema.yml
[0m13:18:17.913964 [debug] [MainThread]: Sending event: {'category': 'dbt', 'action': 'load_project', 'label': '19fb0f41-79bb-4e46-9dc8-7efb3123b88d', 'context': [<snowplow_tracker.self_describing_json.SelfDescribingJson object at 0x000001DABC054AA0>]}
[0m13:18:18.019092 [debug] [MainThread]: Wrote artifact WritableManifest to C:\Arjun_dbt_project\old_dbt_project\target\manifest.json
[0m13:18:18.028181 [debug] [MainThread]: Wrote artifact SemanticManifest to C:\Arjun_dbt_project\old_dbt_project\target\semantic_manifest.json
[0m13:18:18.063717 [debug] [MainThread]: Wrote artifact OsiDocument to C:\Arjun_dbt_project\old_dbt_project\target\osi_document.json
[0m13:18:18.105392 [debug] [MainThread]: Sending event: {'category': 'dbt', 'action': 'resource_counts', 'label': '19fb0f41-79bb-4e46-9dc8-7efb3123b88d', 'context': [<snowplow_tracker.self_describing_json.SelfDescribingJson object at 0x000001DABD29F770>]}
[0m13:18:18.105829 [info ] [MainThread]: Found 15 models, 2 snapshots, 2 data tests, 7 sources, 547 macros
[0m13:18:18.107570 [info ] [MainThread]: 
[0m13:18:18.107997 [info ] [MainThread]: Concurrency: 4 threads (target='dev')
[0m13:18:18.108335 [info ] [MainThread]: 
[0m13:18:18.108807 [debug] [MainThread]: Acquiring new snowflake connection 'master'
[0m13:18:18.113166 [debug] [ThreadPool]: Acquiring new snowflake connection 'list_DBT_PRACTICE'
[0m13:18:18.125827 [debug] [ThreadPool]: Using snowflake connection "list_DBT_PRACTICE"
[0m13:18:18.126158 [debug] [ThreadPool]: On list_DBT_PRACTICE: show terse schemas in database DBT_PRACTICE
    limit 10000
/* {"app": "dbt", "dbt_version": "1.12.0", "profile_name": "my_dbt_project", "target_name": "dev", "connection_name": "list_DBT_PRACTICE"} */
[0m13:18:18.126361 [debug] [ThreadPool]: Opening a new connection, currently in state init
[0m13:18:19.583828 [debug] [ThreadPool]: SQL status: SUCCESS 7 in 1.457 seconds
[0m13:18:19.587669 [debug] [ThreadPool]: Acquiring new snowflake connection 'list_DSP_PROJ_MARTS'
[0m13:18:19.597923 [debug] [ThreadPool]: Using snowflake connection "list_DSP_PROJ_MARTS"
[0m13:18:19.598265 [debug] [ThreadPool]: On list_DSP_PROJ_MARTS: show objects in DSP_PROJ.MARTS
    limit 10000
    

/* {"app": "dbt", "dbt_version": "1.12.0", "profile_name": "my_dbt_project", "target_name": "dev", "connection_name": "list_DSP_PROJ_MARTS"} */;
[0m13:18:19.598675 [debug] [ThreadPool]: Acquiring new snowflake connection 'list_DSP_PROJ_STAGING'
[0m13:18:19.599474 [debug] [ThreadPool]: Opening a new connection, currently in state init
[0m13:18:19.599914 [debug] [ThreadPool]: Acquiring new snowflake connection 'list_DSP_PROJ_MART'
[0m13:18:19.600830 [debug] [ThreadPool]: Using snowflake connection "list_DSP_PROJ_STAGING"
[0m13:18:19.601855 [debug] [ThreadPool]: Acquiring new snowflake connection 'list_DSP_PROJ_INTERMEDIATE'
[0m13:18:19.603260 [debug] [ThreadPool]: Using snowflake connection "list_DSP_PROJ_MART"
[0m13:18:19.604532 [debug] [ThreadPool]: On list_DSP_PROJ_STAGING: show objects in DSP_PROJ.STAGING
    limit 10000
    

/* {"app": "dbt", "dbt_version": "1.12.0", "profile_name": "my_dbt_project", "target_name": "dev", "connection_name": "list_DSP_PROJ_STAGING"} */;
[0m13:18:19.605645 [debug] [ThreadPool]: Using snowflake connection "list_DSP_PROJ_INTERMEDIATE"
[0m13:18:19.605892 [debug] [ThreadPool]: On list_DSP_PROJ_MART: show objects in DSP_PROJ.MART
    limit 10000
    

/* {"app": "dbt", "dbt_version": "1.12.0", "profile_name": "my_dbt_project", "target_name": "dev", "connection_name": "list_DSP_PROJ_MART"} */;
[0m13:18:19.606099 [debug] [ThreadPool]: Opening a new connection, currently in state init
[0m13:18:19.606457 [debug] [ThreadPool]: On list_DSP_PROJ_INTERMEDIATE: show objects in DSP_PROJ.INTERMEDIATE
    limit 10000
    

/* {"app": "dbt", "dbt_version": "1.12.0", "profile_name": "my_dbt_project", "target_name": "dev", "connection_name": "list_DSP_PROJ_INTERMEDIATE"} */;
[0m13:18:19.606725 [debug] [ThreadPool]: Opening a new connection, currently in state init
[0m13:18:19.607259 [debug] [ThreadPool]: Opening a new connection, currently in state init
[0m13:18:20.962779 [debug] [ThreadPool]: SQL status: SUCCESS 3 in 1.355 seconds
[0m13:18:20.968897 [debug] [ThreadPool]: Using snowflake connection "list_DSP_PROJ_INTERMEDIATE"
[0m13:18:20.969239 [debug] [ThreadPool]: On list_DSP_PROJ_INTERMEDIATE: show user functions in DSP_PROJ.INTERMEDIATE
/* {"app": "dbt", "dbt_version": "1.12.0", "profile_name": "my_dbt_project", "target_name": "dev", "connection_name": "list_DSP_PROJ_INTERMEDIATE"} */
[0m13:18:20.994040 [debug] [ThreadPool]: SQL status: SUCCESS 5 in 1.387 seconds
[0m13:18:20.996363 [debug] [ThreadPool]: Using snowflake connection "list_DSP_PROJ_MART"
[0m13:18:20.996806 [debug] [ThreadPool]: On list_DSP_PROJ_MART: show user functions in DSP_PROJ.MART
/* {"app": "dbt", "dbt_version": "1.12.0", "profile_name": "my_dbt_project", "target_name": "dev", "connection_name": "list_DSP_PROJ_MART"} */
[0m13:18:21.054653 [debug] [ThreadPool]: SQL status: SUCCESS 5 in 1.448 seconds
[0m13:18:21.057660 [debug] [ThreadPool]: Using snowflake connection "list_DSP_PROJ_STAGING"
[0m13:18:21.057955 [debug] [ThreadPool]: On list_DSP_PROJ_STAGING: show user functions in DSP_PROJ.STAGING
/* {"app": "dbt", "dbt_version": "1.12.0", "profile_name": "my_dbt_project", "target_name": "dev", "connection_name": "list_DSP_PROJ_STAGING"} */
[0m13:18:21.125676 [debug] [ThreadPool]: SQL status: SUCCESS 4 in 1.526 seconds
[0m13:18:21.129551 [debug] [ThreadPool]: Using snowflake connection "list_DSP_PROJ_MARTS"
[0m13:18:21.129908 [debug] [ThreadPool]: On list_DSP_PROJ_MARTS: show user functions in DSP_PROJ.MARTS
/* {"app": "dbt", "dbt_version": "1.12.0", "profile_name": "my_dbt_project", "target_name": "dev", "connection_name": "list_DSP_PROJ_MARTS"} */
[0m13:18:21.339996 [debug] [ThreadPool]: SQL status: SUCCESS 0 in 0.370 seconds
[0m13:18:21.342534 [debug] [ThreadPool]: Re-using an available connection from the pool (formerly list_DSP_PROJ_INTERMEDIATE, now list_DBT_PRACTICE_SNAPSHOTS)
[0m13:18:21.344998 [debug] [ThreadPool]: Using snowflake connection "list_DBT_PRACTICE_SNAPSHOTS"
[0m13:18:21.345348 [debug] [ThreadPool]: On list_DBT_PRACTICE_SNAPSHOTS: show objects in DBT_PRACTICE.SNAPSHOTS
    limit 10000
    

/* {"app": "dbt", "dbt_version": "1.12.0", "profile_name": "my_dbt_project", "target_name": "dev", "connection_name": "list_DBT_PRACTICE_SNAPSHOTS"} */;
[0m13:18:21.409296 [debug] [ThreadPool]: SQL status: SUCCESS 0 in 0.351 seconds
[0m13:18:21.503683 [debug] [ThreadPool]: SQL status: SUCCESS 0 in 0.373 seconds
[0m13:18:21.713296 [debug] [ThreadPool]: SQL status: SUCCESS 0 in 0.716 seconds
[0m13:18:21.797177 [debug] [ThreadPool]: SQL status: SUCCESS 4 in 0.452 seconds
[0m13:18:21.798950 [debug] [ThreadPool]: Using snowflake connection "list_DBT_PRACTICE_SNAPSHOTS"
[0m13:18:21.799162 [debug] [ThreadPool]: On list_DBT_PRACTICE_SNAPSHOTS: show user functions in DBT_PRACTICE.SNAPSHOTS
/* {"app": "dbt", "dbt_version": "1.12.0", "profile_name": "my_dbt_project", "target_name": "dev", "connection_name": "list_DBT_PRACTICE_SNAPSHOTS"} */
[0m13:18:22.155092 [debug] [ThreadPool]: SQL status: SUCCESS 0 in 0.356 seconds
[0m13:18:22.158322 [debug] [MainThread]: Sending event: {'category': 'dbt', 'action': 'runnable_timing', 'label': '19fb0f41-79bb-4e46-9dc8-7efb3123b88d', 'context': [<snowplow_tracker.self_describing_json.SelfDescribingJson object at 0x000001DABD46E8F0>]}
[0m13:18:22.166478 [debug] [Thread-2 (]: Began running node model.my_new_project.stg_customers
[0m13:18:22.166830 [debug] [Thread-3 (]: Began running node model.my_new_project.stg_customers_check
[0m13:18:22.167218 [info ] [Thread-2 (]: 1 of 2 START sql view model SNAPSHOTS.stg_customers ............................ [RUN]
[0m13:18:22.168019 [debug] [Thread-2 (]: Acquiring new snowflake connection 'model.my_new_project.stg_customers'
[0m13:18:22.167558 [info ] [Thread-3 (]: 2 of 2 START sql view model SNAPSHOTS.stg_customers_check ...................... [RUN]
[0m13:18:22.168322 [debug] [Thread-2 (]: Began compiling node model.my_new_project.stg_customers
[0m13:18:22.168661 [debug] [Thread-3 (]: Acquiring new snowflake connection 'model.my_new_project.stg_customers_check'
[0m13:18:22.172504 [debug] [Thread-2 (]: Writing injected SQL for node "model.my_new_project.stg_customers"
[0m13:18:22.172777 [debug] [Thread-3 (]: Began compiling node model.my_new_project.stg_customers_check
[0m13:18:22.173936 [debug] [Thread-3 (]: Writing injected SQL for node "model.my_new_project.stg_customers_check"
[0m13:18:22.178772 [debug] [Thread-2 (]: Began executing node model.my_new_project.stg_customers
[0m13:18:22.179439 [debug] [Thread-3 (]: Began executing node model.my_new_project.stg_customers_check
[0m13:18:22.200195 [debug] [Thread-2 (]: Writing runtime sql for node "model.my_new_project.stg_customers"
[0m13:18:22.201619 [debug] [Thread-3 (]: Writing runtime sql for node "model.my_new_project.stg_customers_check"
[0m13:18:22.207050 [debug] [Thread-2 (]: Using snowflake connection "model.my_new_project.stg_customers"
[0m13:18:22.208148 [debug] [Thread-3 (]: Using snowflake connection "model.my_new_project.stg_customers_check"
[0m13:18:22.208727 [debug] [Thread-2 (]: On model.my_new_project.stg_customers: create or replace   view DBT_PRACTICE.SNAPSHOTS.stg_customers
  
  
  
  
  as (
    select

customer_id,

customer_name,

city,

updated_at

from DBT_PRACTICE.RAW.CUSTOMERS
  )
/* {"app": "dbt", "dbt_version": "1.12.0", "profile_name": "my_dbt_project", "target_name": "dev", "node_id": "model.my_new_project.stg_customers"} */;
[0m13:18:22.209203 [debug] [Thread-3 (]: On model.my_new_project.stg_customers_check: create or replace   view DBT_PRACTICE.SNAPSHOTS.stg_customers_check
  
  
  
  
  as (
    select * from 
DBT_PRACTICE.RAW.CUSTOMERS_CHECK
  )
/* {"app": "dbt", "dbt_version": "1.12.0", "profile_name": "my_dbt_project", "target_name": "dev", "node_id": "model.my_new_project.stg_customers_check"} */;
[0m13:18:22.209449 [debug] [Thread-2 (]: Opening a new connection, currently in state init
[0m13:18:22.209703 [debug] [Thread-3 (]: Opening a new connection, currently in state init
[0m13:18:23.605651 [debug] [Thread-3 (]: SQL status: SUCCESS 1 in 1.396 seconds
[0m13:18:23.606722 [debug] [Thread-2 (]: SQL status: SUCCESS 1 in 1.397 seconds
[0m13:18:23.627989 [debug] [Thread-3 (]: Sending event: {'category': 'dbt', 'action': 'run_model', 'label': '19fb0f41-79bb-4e46-9dc8-7efb3123b88d', 'context': [<snowplow_tracker.self_describing_json.SelfDescribingJson object at 0x000001DABD2D2990>]}
[0m13:18:23.628694 [debug] [Thread-2 (]: Sending event: {'category': 'dbt', 'action': 'run_model', 'label': '19fb0f41-79bb-4e46-9dc8-7efb3123b88d', 'context': [<snowplow_tracker.self_describing_json.SelfDescribingJson object at 0x000001DABD61B8B0>]}
[0m13:18:23.628487 [info ] [Thread-3 (]: 2 of 2 OK created sql view model SNAPSHOTS.stg_customers_check ................. [[32mSUCCESS 1[0m in 1.46s]
[0m13:18:23.629667 [debug] [Thread-3 (]: Finished running node model.my_new_project.stg_customers_check
[0m13:18:23.629103 [info ] [Thread-2 (]: 1 of 2 OK created sql view model SNAPSHOTS.stg_customers ....................... [[32mSUCCESS 1[0m in 1.46s]
[0m13:18:23.630190 [debug] [Thread-2 (]: Finished running node model.my_new_project.stg_customers
[0m13:18:23.631499 [debug] [MainThread]: Connection 'master' was properly closed.
[0m13:18:23.631708 [debug] [MainThread]: Connection 'list_DBT_PRACTICE' was left open.
[0m13:18:23.631884 [debug] [MainThread]: On list_DBT_PRACTICE: Close
[0m13:18:24.348596 [debug] [MainThread]: Connection 'list_DSP_PROJ_MARTS' was left open.
[0m13:18:24.349749 [debug] [MainThread]: On list_DSP_PROJ_MARTS: Close
[0m13:18:24.980009 [debug] [MainThread]: Connection 'list_DSP_PROJ_STAGING' was left open.
[0m13:18:24.980811 [debug] [MainThread]: On list_DSP_PROJ_STAGING: Close
[0m13:18:25.615062 [debug] [MainThread]: Connection 'list_DSP_PROJ_MART' was left open.
[0m13:18:25.615856 [debug] [MainThread]: On list_DSP_PROJ_MART: Close
[0m13:18:26.219615 [debug] [MainThread]: Connection 'list_DBT_PRACTICE_SNAPSHOTS' was left open.
[0m13:18:26.220164 [debug] [MainThread]: On list_DBT_PRACTICE_SNAPSHOTS: Close
[0m13:18:27.187732 [debug] [MainThread]: Connection 'model.my_new_project.stg_customers' was left open.
[0m13:18:27.188238 [debug] [MainThread]: On model.my_new_project.stg_customers: Close
[0m13:18:27.668582 [debug] [MainThread]: Connection 'model.my_new_project.stg_customers_check' was left open.
[0m13:18:27.669693 [debug] [MainThread]: On model.my_new_project.stg_customers_check: Close
[0m13:18:28.340169 [info ] [MainThread]: 
[0m13:18:28.341166 [info ] [MainThread]: Finished running 2 view models in 0 hours 0 minutes and 10.23 seconds (10.23s).
[0m13:18:28.342492 [debug] [MainThread]: Command end result
[0m13:18:28.387022 [debug] [MainThread]: Wrote artifact WritableManifest to C:\Arjun_dbt_project\old_dbt_project\target\manifest.json
[0m13:18:28.393107 [debug] [MainThread]: Wrote artifact SemanticManifest to C:\Arjun_dbt_project\old_dbt_project\target\semantic_manifest.json
[0m13:18:28.397239 [debug] [MainThread]: Wrote artifact OsiDocument to C:\Arjun_dbt_project\old_dbt_project\target\osi_document.json
[0m13:18:28.405493 [debug] [MainThread]: Wrote artifact RunExecutionResult to C:\Arjun_dbt_project\old_dbt_project\target\run_results.json
[0m13:18:28.405807 [info ] [MainThread]: 
[0m13:18:28.406299 [info ] [MainThread]: [32mCompleted successfully[0m
[0m13:18:28.406742 [info ] [MainThread]: 
[0m13:18:28.407151 [info ] [MainThread]: Done. PASS=2 WARN=0 ERROR=0 SKIP=0 NO-OP=0 REUSED=0 TOTAL=2
[0m13:18:28.407644 [warn ] [MainThread]: [[33mWARNING[0m][DeprecationsSummary]: Deprecated functionality
Summary of encountered deprecations:
- CustomKeyInConfigDeprecation: 1 occurrence
To see all deprecation instances instead of just the first occurrence of each,
run command again with the `--show-all-deprecations` flag. You may also need to
run with `--no-partial-parse` as some deprecations are only encountered during
parsing.
[0m13:18:28.408377 [debug] [MainThread]: Command `dbt build` succeeded at 13:18:28.408295 after 12.42 seconds
[0m13:18:28.408631 [debug] [MainThread]: Sending event: {'category': 'dbt', 'action': 'invocation', 'label': 'end', 'context': [<snowplow_tracker.self_describing_json.SelfDescribingJson object at 0x000001DABD655630>, <snowplow_tracker.self_describing_json.SelfDescribingJson object at 0x000001DABD42E8D0>, <snowplow_tracker.self_describing_json.SelfDescribingJson object at 0x000001DABB667150>]}
[0m13:18:28.408876 [debug] [MainThread]: Flushing usage events
[0m13:18:30.024713 [debug] [MainThread]: An error was encountered while trying to flush usage events
[0m13:21:55.437428 [debug] [MainThread]: Sending event: {'category': 'dbt', 'action': 'invocation', 'label': 'start', 'context': [<snowplow_tracker.self_describing_json.SelfDescribingJson object at 0x0000026AD5225160>, <snowplow_tracker.self_describing_json.SelfDescribingJson object at 0x0000026AD2061450>, <snowplow_tracker.self_describing_json.SelfDescribingJson object at 0x0000026AD7997C50>]}


============================== 13:21:55.444205 | 98ee6509-3be3-4b29-85f6-4fc09b90848b ==============================
[0m13:21:55.444205 [info ] [MainThread]: Running with dbt=1.12.0
[0m13:21:55.444737 [debug] [MainThread]: running dbt with arguments {'version_check': 'True', 'no_print': 'None', 'static_parser': 'True', 'target_path': 'None', 'maximum_seed_size_mib': '1', 'warn_error_options': 'WarnErrorOptionsV2(error=[], warn=[], silence=[])', 'printer_width': '80', 'write_json': 'True', 'empty': 'False', 'log_cache_events': 'False', 'introspect': 'True', 'cache_selected_only': 'False', 'log_format': 'default', 'debug': 'False', 'fail_fast': 'False', 'profiles_dir': 'C:\\Users\\HP\\.dbt', 'send_anonymous_usage_stats': 'True', 'quiet': 'False', 'warn_error': 'None', 'partial_parse': 'True', 'use_colors': 'True', 'hints_enabled': 'True', 'invocation_command': 'dbt build --select tag:scd2', 'use_experimental_parser': 'False', 'indirect_selection': 'eager', 'log_path': 'C:\\Arjun_dbt_project\\old_dbt_project\\logs'}
[0m13:21:56.162012 [debug] [MainThread]: Snowflake adapter: Setting snowflake.connector to ERROR (file logging only)
[0m13:21:56.162402 [debug] [MainThread]: Snowflake adapter: Setting botocore to ERROR (file logging only)
[0m13:21:56.162683 [debug] [MainThread]: Snowflake adapter: Setting boto3 to ERROR (file logging only)
[0m13:21:56.396353 [debug] [MainThread]: Sending event: {'category': 'dbt', 'action': 'project_id', 'label': '98ee6509-3be3-4b29-85f6-4fc09b90848b', 'context': [<snowplow_tracker.self_describing_json.SelfDescribingJson object at 0x0000026AD5905E00>]}
[0m13:21:56.441123 [debug] [MainThread]: Sending event: {'category': 'dbt', 'action': 'adapter_info', 'label': '98ee6509-3be3-4b29-85f6-4fc09b90848b', 'context': [<snowplow_tracker.self_describing_json.SelfDescribingJson object at 0x0000026AD374EF10>]}
[0m13:21:56.442456 [info ] [MainThread]: Registered adapter: snowflake=1.12.0
[0m13:21:56.699517 [debug] [MainThread]: checksum: 34d064bbf3d7c01e29a022f69428015a75a45641a9d372ee507764c8a4f69675, vars: {}, profile: my_dbt_project, target: dev, version: 1.12.0
[0m13:21:56.827868 [warn ] [MainThread]: [[33mWARNING[0m][CustomKeyInConfigDeprecation]: Deprecated functionality
Custom key `tests` found in `config` at path `models[3].config` in file
`models\schema.yml`. Custom config keys should move into the `config.meta`.
[0m13:21:56.828335 [debug] [MainThread]: Sending event: {'category': 'dbt', 'action': 'deprecation', 'label': '98ee6509-3be3-4b29-85f6-4fc09b90848b', 'property_': 'warn', 'context': [<snowplow_tracker.self_describing_json.SelfDescribingJson object at 0x0000026ADA8F9E50>]}
[0m13:21:56.894257 [debug] [MainThread]: Partial parsing enabled: 0 files deleted, 0 files added, 0 files changed.
[0m13:21:56.894607 [debug] [MainThread]: Nothing changed, skipping partial parsing.
[0m13:21:56.894808 [debug] [MainThread]: Partial parsing enabled, no changes found, skipping parsing
[0m13:21:56.901547 [debug] [MainThread]: Sending event: {'category': 'dbt', 'action': 'load_project', 'label': '98ee6509-3be3-4b29-85f6-4fc09b90848b', 'context': [<snowplow_tracker.self_describing_json.SelfDescribingJson object at 0x0000026ADA9ACF50>]}
[0m13:21:57.040871 [debug] [MainThread]: Wrote artifact WritableManifest to C:\Arjun_dbt_project\old_dbt_project\target\manifest.json
[0m13:21:57.047233 [debug] [MainThread]: Wrote artifact SemanticManifest to C:\Arjun_dbt_project\old_dbt_project\target\semantic_manifest.json
[0m13:21:57.076527 [debug] [MainThread]: Wrote artifact OsiDocument to C:\Arjun_dbt_project\old_dbt_project\target\osi_document.json
[0m13:21:57.122763 [debug] [MainThread]: Sending event: {'category': 'dbt', 'action': 'resource_counts', 'label': '98ee6509-3be3-4b29-85f6-4fc09b90848b', 'context': [<snowplow_tracker.self_describing_json.SelfDescribingJson object at 0x0000026ADAA96DD0>]}
[0m13:21:57.123198 [info ] [MainThread]: Found 15 models, 2 snapshots, 2 data tests, 7 sources, 547 macros
[0m13:21:57.124997 [info ] [MainThread]: 
[0m13:21:57.125411 [info ] [MainThread]: Concurrency: 4 threads (target='dev')
[0m13:21:57.125739 [info ] [MainThread]: 
[0m13:21:57.126210 [debug] [MainThread]: Acquiring new snowflake connection 'master'
[0m13:21:57.130420 [debug] [ThreadPool]: Acquiring new snowflake connection 'list_DBT_PRACTICE'
[0m13:21:57.146516 [debug] [ThreadPool]: Using snowflake connection "list_DBT_PRACTICE"
[0m13:21:57.146828 [debug] [ThreadPool]: On list_DBT_PRACTICE: show terse schemas in database DBT_PRACTICE
    limit 10000
/* {"app": "dbt", "dbt_version": "1.12.0", "profile_name": "my_dbt_project", "target_name": "dev", "connection_name": "list_DBT_PRACTICE"} */
[0m13:21:57.147116 [debug] [ThreadPool]: Opening a new connection, currently in state init
[0m13:21:58.834258 [debug] [ThreadPool]: SQL status: SUCCESS 7 in 1.687 seconds
[0m13:21:58.839635 [debug] [ThreadPool]: Acquiring new snowflake connection 'list_DBT_PRACTICE_SNAPSHOTS'
[0m13:21:58.849328 [debug] [ThreadPool]: Using snowflake connection "list_DBT_PRACTICE_SNAPSHOTS"
[0m13:21:58.849657 [debug] [ThreadPool]: On list_DBT_PRACTICE_SNAPSHOTS: show objects in DBT_PRACTICE.SNAPSHOTS
    limit 10000
    

/* {"app": "dbt", "dbt_version": "1.12.0", "profile_name": "my_dbt_project", "target_name": "dev", "connection_name": "list_DBT_PRACTICE_SNAPSHOTS"} */;
[0m13:21:58.849858 [debug] [ThreadPool]: Opening a new connection, currently in state init
[0m13:21:58.851571 [debug] [ThreadPool]: Acquiring new snowflake connection 'list_DSP_PROJ_STAGING'
[0m13:21:58.852564 [debug] [ThreadPool]: Using snowflake connection "list_DSP_PROJ_STAGING"
[0m13:21:58.852795 [debug] [ThreadPool]: On list_DSP_PROJ_STAGING: show objects in DSP_PROJ.STAGING
    limit 10000
    

/* {"app": "dbt", "dbt_version": "1.12.0", "profile_name": "my_dbt_project", "target_name": "dev", "connection_name": "list_DSP_PROJ_STAGING"} */;
[0m13:21:58.852970 [debug] [ThreadPool]: Opening a new connection, currently in state init
[0m13:21:58.853873 [debug] [ThreadPool]: Acquiring new snowflake connection 'list_DSP_PROJ_INTERMEDIATE'
[0m13:21:58.854761 [debug] [ThreadPool]: Using snowflake connection "list_DSP_PROJ_INTERMEDIATE"
[0m13:21:58.854988 [debug] [ThreadPool]: On list_DSP_PROJ_INTERMEDIATE: show objects in DSP_PROJ.INTERMEDIATE
    limit 10000
    

/* {"app": "dbt", "dbt_version": "1.12.0", "profile_name": "my_dbt_project", "target_name": "dev", "connection_name": "list_DSP_PROJ_INTERMEDIATE"} */;
[0m13:21:58.855180 [debug] [ThreadPool]: Opening a new connection, currently in state init
[0m13:21:58.855917 [debug] [ThreadPool]: Acquiring new snowflake connection 'list_DSP_PROJ_MART'
[0m13:21:58.858097 [debug] [ThreadPool]: Using snowflake connection "list_DSP_PROJ_MART"
[0m13:21:58.858489 [debug] [ThreadPool]: On list_DSP_PROJ_MART: show objects in DSP_PROJ.MART
    limit 10000
    

/* {"app": "dbt", "dbt_version": "1.12.0", "profile_name": "my_dbt_project", "target_name": "dev", "connection_name": "list_DSP_PROJ_MART"} */;
[0m13:21:58.858825 [debug] [ThreadPool]: Opening a new connection, currently in state init
[0m13:22:00.106813 [debug] [ThreadPool]: SQL status: SUCCESS 5 in 1.248 seconds
[0m13:22:00.111569 [debug] [ThreadPool]: Using snowflake connection "list_DSP_PROJ_MART"
[0m13:22:00.111913 [debug] [ThreadPool]: On list_DSP_PROJ_MART: show user functions in DSP_PROJ.MART
/* {"app": "dbt", "dbt_version": "1.12.0", "profile_name": "my_dbt_project", "target_name": "dev", "connection_name": "list_DSP_PROJ_MART"} */
[0m13:22:00.123559 [debug] [ThreadPool]: SQL status: SUCCESS 4 in 1.274 seconds
[0m13:22:00.126502 [debug] [ThreadPool]: Using snowflake connection "list_DBT_PRACTICE_SNAPSHOTS"
[0m13:22:00.126938 [debug] [ThreadPool]: On list_DBT_PRACTICE_SNAPSHOTS: show user functions in DBT_PRACTICE.SNAPSHOTS
/* {"app": "dbt", "dbt_version": "1.12.0", "profile_name": "my_dbt_project", "target_name": "dev", "connection_name": "list_DBT_PRACTICE_SNAPSHOTS"} */
[0m13:22:00.372916 [debug] [ThreadPool]: SQL status: SUCCESS 3 in 1.518 seconds
[0m13:22:00.375998 [debug] [ThreadPool]: Using snowflake connection "list_DSP_PROJ_INTERMEDIATE"
[0m13:22:00.376273 [debug] [ThreadPool]: On list_DSP_PROJ_INTERMEDIATE: show user functions in DSP_PROJ.INTERMEDIATE
/* {"app": "dbt", "dbt_version": "1.12.0", "profile_name": "my_dbt_project", "target_name": "dev", "connection_name": "list_DSP_PROJ_INTERMEDIATE"} */
[0m13:22:00.473955 [debug] [ThreadPool]: SQL status: SUCCESS 5 in 1.621 seconds
[0m13:22:00.474829 [debug] [ThreadPool]: SQL status: SUCCESS 0 in 0.348 seconds
[0m13:22:00.476732 [debug] [ThreadPool]: Using snowflake connection "list_DSP_PROJ_STAGING"
[0m13:22:00.477228 [debug] [ThreadPool]: SQL status: SUCCESS 0 in 0.365 seconds
[0m13:22:00.478277 [debug] [ThreadPool]: Re-using an available connection from the pool (formerly list_DBT_PRACTICE_SNAPSHOTS, now list_DSP_PROJ_MARTS)
[0m13:22:00.478510 [debug] [ThreadPool]: On list_DSP_PROJ_STAGING: show user functions in DSP_PROJ.STAGING
/* {"app": "dbt", "dbt_version": "1.12.0", "profile_name": "my_dbt_project", "target_name": "dev", "connection_name": "list_DSP_PROJ_STAGING"} */
[0m13:22:00.480838 [debug] [ThreadPool]: Using snowflake connection "list_DSP_PROJ_MARTS"
[0m13:22:00.481284 [debug] [ThreadPool]: On list_DSP_PROJ_MARTS: show objects in DSP_PROJ.MARTS
    limit 10000
    

/* {"app": "dbt", "dbt_version": "1.12.0", "profile_name": "my_dbt_project", "target_name": "dev", "connection_name": "list_DSP_PROJ_MARTS"} */;
[0m13:22:00.683829 [debug] [ThreadPool]: SQL status: SUCCESS 0 in 0.307 seconds
[0m13:22:00.827622 [debug] [ThreadPool]: SQL status: SUCCESS 0 in 0.346 seconds
[0m13:22:00.951773 [debug] [ThreadPool]: SQL status: SUCCESS 4 in 0.470 seconds
[0m13:22:00.954420 [debug] [ThreadPool]: Using snowflake connection "list_DSP_PROJ_MARTS"
[0m13:22:00.954662 [debug] [ThreadPool]: On list_DSP_PROJ_MARTS: show user functions in DSP_PROJ.MARTS
/* {"app": "dbt", "dbt_version": "1.12.0", "profile_name": "my_dbt_project", "target_name": "dev", "connection_name": "list_DSP_PROJ_MARTS"} */
[0m13:22:01.298632 [debug] [ThreadPool]: SQL status: SUCCESS 0 in 0.344 seconds
[0m13:22:01.301054 [debug] [MainThread]: Sending event: {'category': 'dbt', 'action': 'runnable_timing', 'label': '98ee6509-3be3-4b29-85f6-4fc09b90848b', 'context': [<snowplow_tracker.self_describing_json.SelfDescribingJson object at 0x0000026ADAC7F6C0>]}
[0m13:22:01.307536 [debug] [Thread-2 (]: Began running node model.my_new_project.stg_customers
[0m13:22:01.307878 [debug] [Thread-3 (]: Began running node model.my_new_project.stg_customers_check
[0m13:22:01.308279 [info ] [Thread-2 (]: 1 of 2 START sql view model SNAPSHOTS.stg_customers ............................ [RUN]
[0m13:22:01.308737 [info ] [Thread-3 (]: 2 of 2 START sql view model SNAPSHOTS.stg_customers_check ...................... [RUN]
[0m13:22:01.309301 [debug] [Thread-2 (]: Acquiring new snowflake connection 'model.my_new_project.stg_customers'
[0m13:22:01.309769 [debug] [Thread-3 (]: Acquiring new snowflake connection 'model.my_new_project.stg_customers_check'
[0m13:22:01.310020 [debug] [Thread-2 (]: Began compiling node model.my_new_project.stg_customers
[0m13:22:01.310265 [debug] [Thread-3 (]: Began compiling node model.my_new_project.stg_customers_check
[0m13:22:01.314159 [debug] [Thread-2 (]: Writing injected SQL for node "model.my_new_project.stg_customers"
[0m13:22:01.315672 [debug] [Thread-3 (]: Writing injected SQL for node "model.my_new_project.stg_customers_check"
[0m13:22:01.321225 [debug] [Thread-3 (]: Began executing node model.my_new_project.stg_customers_check
[0m13:22:01.321923 [debug] [Thread-2 (]: Began executing node model.my_new_project.stg_customers
[0m13:22:01.341483 [debug] [Thread-3 (]: Writing runtime sql for node "model.my_new_project.stg_customers_check"
[0m13:22:01.342897 [debug] [Thread-2 (]: Writing runtime sql for node "model.my_new_project.stg_customers"
[0m13:22:01.346408 [debug] [Thread-3 (]: Using snowflake connection "model.my_new_project.stg_customers_check"
[0m13:22:01.346910 [debug] [Thread-2 (]: Using snowflake connection "model.my_new_project.stg_customers"
[0m13:22:01.347152 [debug] [Thread-3 (]: On model.my_new_project.stg_customers_check: create or replace   view DBT_PRACTICE.SNAPSHOTS.stg_customers_check
  
  
  
  
  as (
    select * from 
DBT_PRACTICE.RAW.CUSTOMERS_CHECK
  )
/* {"app": "dbt", "dbt_version": "1.12.0", "profile_name": "my_dbt_project", "target_name": "dev", "node_id": "model.my_new_project.stg_customers_check"} */;
[0m13:22:01.347382 [debug] [Thread-2 (]: On model.my_new_project.stg_customers: create or replace   view DBT_PRACTICE.SNAPSHOTS.stg_customers
  
  
  
  
  as (
    select

customer_id,

customer_name,

city,

updated_at

from DBT_PRACTICE.RAW.CUSTOMERS
  )
/* {"app": "dbt", "dbt_version": "1.12.0", "profile_name": "my_dbt_project", "target_name": "dev", "node_id": "model.my_new_project.stg_customers"} */;
[0m13:22:01.347592 [debug] [Thread-3 (]: Opening a new connection, currently in state init
[0m13:22:01.347780 [debug] [Thread-2 (]: Opening a new connection, currently in state init
[0m13:22:03.193613 [debug] [Thread-2 (]: SQL status: SUCCESS 1 in 1.846 seconds
[0m13:22:03.213249 [debug] [Thread-2 (]: Sending event: {'category': 'dbt', 'action': 'run_model', 'label': '98ee6509-3be3-4b29-85f6-4fc09b90848b', 'context': [<snowplow_tracker.self_describing_json.SelfDescribingJson object at 0x0000026ADAB016D0>]}
[0m13:22:03.213730 [info ] [Thread-2 (]: 1 of 2 OK created sql view model SNAPSHOTS.stg_customers ....................... [[32mSUCCESS 1[0m in 1.90s]
[0m13:22:03.214346 [debug] [Thread-2 (]: Finished running node model.my_new_project.stg_customers
[0m13:22:04.546037 [debug] [Thread-3 (]: SQL status: SUCCESS 1 in 3.198 seconds
[0m13:22:04.547960 [debug] [Thread-3 (]: Sending event: {'category': 'dbt', 'action': 'run_model', 'label': '98ee6509-3be3-4b29-85f6-4fc09b90848b', 'context': [<snowplow_tracker.self_describing_json.SelfDescribingJson object at 0x0000026ADAEC8730>]}
[0m13:22:04.548367 [info ] [Thread-3 (]: 2 of 2 OK created sql view model SNAPSHOTS.stg_customers_check ................. [[32mSUCCESS 1[0m in 3.24s]
[0m13:22:04.549045 [debug] [Thread-3 (]: Finished running node model.my_new_project.stg_customers_check
[0m13:22:04.550782 [debug] [MainThread]: Connection 'master' was properly closed.
[0m13:22:04.551287 [debug] [MainThread]: Connection 'list_DBT_PRACTICE' was left open.
[0m13:22:04.551483 [debug] [MainThread]: On list_DBT_PRACTICE: Close
[0m13:22:05.242805 [debug] [MainThread]: Connection 'list_DSP_PROJ_MARTS' was left open.
[0m13:22:05.243193 [debug] [MainThread]: On list_DSP_PROJ_MARTS: Close
[0m13:22:05.900199 [debug] [MainThread]: Connection 'list_DSP_PROJ_STAGING' was left open.
[0m13:22:05.900740 [debug] [MainThread]: On list_DSP_PROJ_STAGING: Close
[0m13:22:06.542193 [debug] [MainThread]: Connection 'list_DSP_PROJ_INTERMEDIATE' was left open.
[0m13:22:06.543692 [debug] [MainThread]: On list_DSP_PROJ_INTERMEDIATE: Close
[0m13:22:07.094377 [debug] [MainThread]: Connection 'list_DSP_PROJ_MART' was left open.
[0m13:22:07.094861 [debug] [MainThread]: On list_DSP_PROJ_MART: Close
[0m13:22:07.668577 [debug] [MainThread]: Connection 'model.my_new_project.stg_customers' was left open.
[0m13:22:07.669171 [debug] [MainThread]: On model.my_new_project.stg_customers: Close
[0m13:22:08.380890 [debug] [MainThread]: Connection 'model.my_new_project.stg_customers_check' was left open.
[0m13:22:08.381261 [debug] [MainThread]: On model.my_new_project.stg_customers_check: Close
[0m13:22:08.959158 [info ] [MainThread]: 
[0m13:22:08.960253 [info ] [MainThread]: Finished running 2 view models in 0 hours 0 minutes and 11.83 seconds (11.83s).
[0m13:22:08.961889 [debug] [MainThread]: Command end result
[0m13:22:09.012862 [debug] [MainThread]: Wrote artifact WritableManifest to C:\Arjun_dbt_project\old_dbt_project\target\manifest.json
[0m13:22:09.017650 [debug] [MainThread]: Wrote artifact SemanticManifest to C:\Arjun_dbt_project\old_dbt_project\target\semantic_manifest.json
[0m13:22:09.021568 [debug] [MainThread]: Wrote artifact OsiDocument to C:\Arjun_dbt_project\old_dbt_project\target\osi_document.json
[0m13:22:09.032766 [debug] [MainThread]: Wrote artifact RunExecutionResult to C:\Arjun_dbt_project\old_dbt_project\target\run_results.json
[0m13:22:09.033119 [info ] [MainThread]: 
[0m13:22:09.033547 [info ] [MainThread]: [32mCompleted successfully[0m
[0m13:22:09.033938 [info ] [MainThread]: 
[0m13:22:09.034383 [info ] [MainThread]: Done. PASS=2 WARN=0 ERROR=0 SKIP=0 NO-OP=0 REUSED=0 TOTAL=2
[0m13:22:09.035104 [warn ] [MainThread]: [[33mWARNING[0m][DeprecationsSummary]: Deprecated functionality
Summary of encountered deprecations:
- CustomKeyInConfigDeprecation: 1 occurrence
To see all deprecation instances instead of just the first occurrence of each,
run command again with the `--show-all-deprecations` flag. You may also need to
run with `--no-partial-parse` as some deprecations are only encountered during
parsing.
[0m13:22:09.036157 [debug] [MainThread]: Command `dbt build` succeeded at 13:22:09.036054 after 13.84 seconds
[0m13:22:09.036467 [debug] [MainThread]: Sending event: {'category': 'dbt', 'action': 'invocation', 'label': 'end', 'context': [<snowplow_tracker.self_describing_json.SelfDescribingJson object at 0x0000026ADAE5AB70>, <snowplow_tracker.self_describing_json.SelfDescribingJson object at 0x0000026ADAE52C30>, <snowplow_tracker.self_describing_json.SelfDescribingJson object at 0x0000026AD8FF71D0>]}
[0m13:22:09.036748 [debug] [MainThread]: Flushing usage events
[0m13:22:10.758591 [debug] [MainThread]: An error was encountered while trying to flush usage events
[0m13:27:56.313916 [debug] [MainThread]: Sending event: {'category': 'dbt', 'action': 'invocation', 'label': 'start', 'context': [<snowplow_tracker.self_describing_json.SelfDescribingJson object at 0x0000020E542D5160>, <snowplow_tracker.self_describing_json.SelfDescribingJson object at 0x0000020E51121450>, <snowplow_tracker.self_describing_json.SelfDescribingJson object at 0x0000020E56A47C50>]}


============================== 13:27:56.325367 | 68a28f36-97e2-4524-b847-f9657114336b ==============================
[0m13:27:56.325367 [info ] [MainThread]: Running with dbt=1.12.0
[0m13:27:56.325959 [debug] [MainThread]: running dbt with arguments {'static_parser': 'True', 'no_print': 'None', 'version_check': 'True', 'warn_error_options': 'WarnErrorOptionsV2(error=[], warn=[], silence=[])', 'target_path': 'None', 'maximum_seed_size_mib': '1', 'printer_width': '80', 'write_json': 'True', 'introspect': 'True', 'log_cache_events': 'False', 'empty': 'False', 'cache_selected_only': 'False', 'fail_fast': 'False', 'debug': 'False', 'log_format': 'default', 'partial_parse': 'True', 'send_anonymous_usage_stats': 'True', 'quiet': 'False', 'warn_error': 'None', 'profiles_dir': 'C:\\Users\\HP\\.dbt', 'use_colors': 'True', 'hints_enabled': 'True', 'invocation_command': 'dbt build --select tag:scd2', 'use_experimental_parser': 'False', 'indirect_selection': 'eager', 'log_path': 'C:\\Arjun_dbt_project\\old_dbt_project\\logs'}
[0m13:27:57.810036 [debug] [MainThread]: Snowflake adapter: Setting snowflake.connector to ERROR (file logging only)
[0m13:27:57.810525 [debug] [MainThread]: Snowflake adapter: Setting botocore to ERROR (file logging only)
[0m13:27:57.811055 [debug] [MainThread]: Snowflake adapter: Setting boto3 to ERROR (file logging only)
[0m13:27:59.395605 [debug] [MainThread]: Sending event: {'category': 'dbt', 'action': 'project_id', 'label': '68a28f36-97e2-4524-b847-f9657114336b', 'context': [<snowplow_tracker.self_describing_json.SelfDescribingJson object at 0x0000020E549ADE00>]}
[0m13:27:59.443060 [debug] [MainThread]: Sending event: {'category': 'dbt', 'action': 'adapter_info', 'label': '68a28f36-97e2-4524-b847-f9657114336b', 'context': [<snowplow_tracker.self_describing_json.SelfDescribingJson object at 0x0000020E527FEF10>]}
[0m13:27:59.444872 [info ] [MainThread]: Registered adapter: snowflake=1.12.0
[0m13:27:59.874162 [debug] [MainThread]: checksum: 34d064bbf3d7c01e29a022f69428015a75a45641a9d372ee507764c8a4f69675, vars: {}, profile: my_dbt_project, target: dev, version: 1.12.0
[0m13:28:00.374304 [debug] [MainThread]: Partial parsing enabled: 0 files deleted, 0 files added, 1 files changed.
[0m13:28:00.374906 [debug] [MainThread]: Partial parsing: updated file: my_new_project://models\schema.yml
[0m13:28:00.679803 [error] [MainThread]: [[31mERROR[0m]: Encountered an error:
Parsing Error
  Invalid test config given in models\schema.yml:
  	test arguments must be a dict, got <class 'NoneType'> (value None)
  	@: UnparsedModelUpdate(original_file_path='mode...ne)
[0m13:28:00.680864 [debug] [MainThread]: Command `dbt build` failed at 13:28:00.680754 after 4.59 seconds
[0m13:28:00.681146 [debug] [MainThread]: Sending event: {'category': 'dbt', 'action': 'invocation', 'label': 'end', 'context': [<snowplow_tracker.self_describing_json.SelfDescribingJson object at 0x0000020E58972D50>, <snowplow_tracker.self_describing_json.SelfDescribingJson object at 0x0000020E58972E50>, <snowplow_tracker.self_describing_json.SelfDescribingJson object at 0x0000020E58A1CD70>]}
[0m13:28:00.681384 [debug] [MainThread]: Flushing usage events
[0m13:28:02.244934 [debug] [MainThread]: An error was encountered while trying to flush usage events
[0m13:28:35.540908 [debug] [MainThread]: Sending event: {'category': 'dbt', 'action': 'invocation', 'label': 'start', 'context': [<snowplow_tracker.self_describing_json.SelfDescribingJson object at 0x0000013DBE025160>, <snowplow_tracker.self_describing_json.SelfDescribingJson object at 0x0000013DBAE51450>, <snowplow_tracker.self_describing_json.SelfDescribingJson object at 0x0000013DC0787C50>]}


============================== 13:28:35.545167 | 9b25356d-82d8-473a-b97c-26bf1416559f ==============================
[0m13:28:35.545167 [info ] [MainThread]: Running with dbt=1.12.0
[0m13:28:35.545651 [debug] [MainThread]: running dbt with arguments {'version_check': 'True', 'no_print': 'None', 'static_parser': 'True', 'warn_error_options': 'WarnErrorOptionsV2(error=[], warn=[], silence=[])', 'maximum_seed_size_mib': '1', 'target_path': 'None', 'printer_width': '80', 'write_json': 'True', 'empty': 'False', 'log_cache_events': 'False', 'introspect': 'True', 'cache_selected_only': 'False', 'fail_fast': 'False', 'debug': 'False', 'log_format': 'default', 'partial_parse': 'True', 'send_anonymous_usage_stats': 'True', 'quiet': 'False', 'warn_error': 'None', 'profiles_dir': 'C:\\Users\\HP\\.dbt', 'use_colors': 'True', 'hints_enabled': 'True', 'invocation_command': 'dbt build --select tag:scd2', 'use_experimental_parser': 'False', 'indirect_selection': 'eager', 'log_path': 'C:\\Arjun_dbt_project\\old_dbt_project\\logs'}
[0m13:28:35.883381 [debug] [MainThread]: Snowflake adapter: Setting snowflake.connector to ERROR (file logging only)
[0m13:28:35.883736 [debug] [MainThread]: Snowflake adapter: Setting botocore to ERROR (file logging only)
[0m13:28:35.883956 [debug] [MainThread]: Snowflake adapter: Setting boto3 to ERROR (file logging only)
[0m13:28:36.088559 [debug] [MainThread]: Sending event: {'category': 'dbt', 'action': 'project_id', 'label': '9b25356d-82d8-473a-b97c-26bf1416559f', 'context': [<snowplow_tracker.self_describing_json.SelfDescribingJson object at 0x0000013DBE6DDE00>]}
[0m13:28:36.141227 [debug] [MainThread]: Sending event: {'category': 'dbt', 'action': 'adapter_info', 'label': '9b25356d-82d8-473a-b97c-26bf1416559f', 'context': [<snowplow_tracker.self_describing_json.SelfDescribingJson object at 0x0000013DBC54EF10>]}
[0m13:28:36.142635 [info ] [MainThread]: Registered adapter: snowflake=1.12.0
[0m13:28:36.375560 [debug] [MainThread]: checksum: 34d064bbf3d7c01e29a022f69428015a75a45641a9d372ee507764c8a4f69675, vars: {}, profile: my_dbt_project, target: dev, version: 1.12.0
[0m13:28:36.513684 [debug] [MainThread]: Partial parsing enabled: 0 files deleted, 0 files added, 1 files changed.
[0m13:28:36.514526 [debug] [MainThread]: Partial parsing: updated file: my_new_project://models\schema.yml
[0m13:28:36.982959 [debug] [MainThread]: Sending event: {'category': 'dbt', 'action': 'load_project', 'label': '9b25356d-82d8-473a-b97c-26bf1416559f', 'context': [<snowplow_tracker.self_describing_json.SelfDescribingJson object at 0x0000013DC26A2B50>]}
[0m13:28:37.118309 [debug] [MainThread]: Wrote artifact WritableManifest to C:\Arjun_dbt_project\old_dbt_project\target\manifest.json
[0m13:28:37.131880 [debug] [MainThread]: Wrote artifact SemanticManifest to C:\Arjun_dbt_project\old_dbt_project\target\semantic_manifest.json
[0m13:28:37.226403 [debug] [MainThread]: Wrote artifact OsiDocument to C:\Arjun_dbt_project\old_dbt_project\target\osi_document.json
[0m13:28:37.301904 [debug] [MainThread]: Sending event: {'category': 'dbt', 'action': 'resource_counts', 'label': '9b25356d-82d8-473a-b97c-26bf1416559f', 'context': [<snowplow_tracker.self_describing_json.SelfDescribingJson object at 0x0000013DC3A9EB70>]}
[0m13:28:37.302435 [info ] [MainThread]: Found 15 models, 2 snapshots, 4 data tests, 7 sources, 547 macros
[0m13:28:37.304231 [info ] [MainThread]: 
[0m13:28:37.304622 [info ] [MainThread]: Concurrency: 4 threads (target='dev')
[0m13:28:37.304916 [info ] [MainThread]: 
[0m13:28:37.305418 [debug] [MainThread]: Acquiring new snowflake connection 'master'
[0m13:28:37.309793 [debug] [ThreadPool]: Acquiring new snowflake connection 'list_DBT_PRACTICE'
[0m13:28:37.321571 [debug] [ThreadPool]: Using snowflake connection "list_DBT_PRACTICE"
[0m13:28:37.321867 [debug] [ThreadPool]: On list_DBT_PRACTICE: show terse schemas in database DBT_PRACTICE
    limit 10000
/* {"app": "dbt", "dbt_version": "1.12.0", "profile_name": "my_dbt_project", "target_name": "dev", "connection_name": "list_DBT_PRACTICE"} */
[0m13:28:37.322071 [debug] [ThreadPool]: Opening a new connection, currently in state init
[0m13:28:38.995959 [debug] [ThreadPool]: SQL status: SUCCESS 7 in 1.674 seconds
[0m13:28:39.000263 [debug] [ThreadPool]: Acquiring new snowflake connection 'list_DBT_PRACTICE_SNAPSHOTS'
[0m13:28:39.008422 [debug] [ThreadPool]: Acquiring new snowflake connection 'list_DSP_PROJ_INTERMEDIATE'
[0m13:28:39.010107 [debug] [ThreadPool]: Using snowflake connection "list_DBT_PRACTICE_SNAPSHOTS"
[0m13:28:39.011122 [debug] [ThreadPool]: Using snowflake connection "list_DSP_PROJ_INTERMEDIATE"
[0m13:28:39.011451 [debug] [ThreadPool]: Acquiring new snowflake connection 'list_DSP_PROJ_STAGING'
[0m13:28:39.012086 [debug] [ThreadPool]: On list_DBT_PRACTICE_SNAPSHOTS: show objects in DBT_PRACTICE.SNAPSHOTS
    limit 10000
    

/* {"app": "dbt", "dbt_version": "1.12.0", "profile_name": "my_dbt_project", "target_name": "dev", "connection_name": "list_DBT_PRACTICE_SNAPSHOTS"} */;
[0m13:28:39.012470 [debug] [ThreadPool]: Acquiring new snowflake connection 'list_DSP_PROJ_MART'
[0m13:28:39.012739 [debug] [ThreadPool]: On list_DSP_PROJ_INTERMEDIATE: show objects in DSP_PROJ.INTERMEDIATE
    limit 10000
    

/* {"app": "dbt", "dbt_version": "1.12.0", "profile_name": "my_dbt_project", "target_name": "dev", "connection_name": "list_DSP_PROJ_INTERMEDIATE"} */;
[0m13:28:39.013977 [debug] [ThreadPool]: Using snowflake connection "list_DSP_PROJ_STAGING"
[0m13:28:39.014222 [debug] [ThreadPool]: Opening a new connection, currently in state init
[0m13:28:39.015035 [debug] [ThreadPool]: Using snowflake connection "list_DSP_PROJ_MART"
[0m13:28:39.015281 [debug] [ThreadPool]: Opening a new connection, currently in state init
[0m13:28:39.015490 [debug] [ThreadPool]: On list_DSP_PROJ_STAGING: show objects in DSP_PROJ.STAGING
    limit 10000
    

/* {"app": "dbt", "dbt_version": "1.12.0", "profile_name": "my_dbt_project", "target_name": "dev", "connection_name": "list_DSP_PROJ_STAGING"} */;
[0m13:28:39.015843 [debug] [ThreadPool]: On list_DSP_PROJ_MART: show objects in DSP_PROJ.MART
    limit 10000
    

/* {"app": "dbt", "dbt_version": "1.12.0", "profile_name": "my_dbt_project", "target_name": "dev", "connection_name": "list_DSP_PROJ_MART"} */;
[0m13:28:39.016142 [debug] [ThreadPool]: Opening a new connection, currently in state init
[0m13:28:39.016359 [debug] [ThreadPool]: Opening a new connection, currently in state init
[0m13:28:40.284387 [debug] [ThreadPool]: SQL status: SUCCESS 5 in 1.268 seconds
[0m13:28:40.290293 [debug] [ThreadPool]: Using snowflake connection "list_DSP_PROJ_STAGING"
[0m13:28:40.290902 [debug] [ThreadPool]: On list_DSP_PROJ_STAGING: show user functions in DSP_PROJ.STAGING
/* {"app": "dbt", "dbt_version": "1.12.0", "profile_name": "my_dbt_project", "target_name": "dev", "connection_name": "list_DSP_PROJ_STAGING"} */
[0m13:28:40.315117 [debug] [ThreadPool]: SQL status: SUCCESS 4 in 1.301 seconds
[0m13:28:40.316993 [debug] [ThreadPool]: Using snowflake connection "list_DBT_PRACTICE_SNAPSHOTS"
[0m13:28:40.317333 [debug] [ThreadPool]: On list_DBT_PRACTICE_SNAPSHOTS: show user functions in DBT_PRACTICE.SNAPSHOTS
/* {"app": "dbt", "dbt_version": "1.12.0", "profile_name": "my_dbt_project", "target_name": "dev", "connection_name": "list_DBT_PRACTICE_SNAPSHOTS"} */
[0m13:28:40.477266 [debug] [ThreadPool]: SQL status: SUCCESS 3 in 1.462 seconds
[0m13:28:40.480595 [debug] [ThreadPool]: Using snowflake connection "list_DSP_PROJ_INTERMEDIATE"
[0m13:28:40.480835 [debug] [ThreadPool]: On list_DSP_PROJ_INTERMEDIATE: show user functions in DSP_PROJ.INTERMEDIATE
/* {"app": "dbt", "dbt_version": "1.12.0", "profile_name": "my_dbt_project", "target_name": "dev", "connection_name": "list_DSP_PROJ_INTERMEDIATE"} */
[0m13:28:40.606923 [debug] [ThreadPool]: SQL status: SUCCESS 5 in 1.590 seconds
[0m13:28:40.613611 [debug] [ThreadPool]: Using snowflake connection "list_DSP_PROJ_MART"
[0m13:28:40.613929 [debug] [ThreadPool]: On list_DSP_PROJ_MART: show user functions in DSP_PROJ.MART
/* {"app": "dbt", "dbt_version": "1.12.0", "profile_name": "my_dbt_project", "target_name": "dev", "connection_name": "list_DSP_PROJ_MART"} */
[0m13:28:40.767085 [debug] [ThreadPool]: SQL status: SUCCESS 0 in 0.449 seconds
[0m13:28:40.771722 [debug] [ThreadPool]: Re-using an available connection from the pool (formerly list_DBT_PRACTICE_SNAPSHOTS, now list_DSP_PROJ_MARTS)
[0m13:28:40.776216 [debug] [ThreadPool]: SQL status: SUCCESS 0 in 0.484 seconds
[0m13:28:40.779177 [debug] [ThreadPool]: Using snowflake connection "list_DSP_PROJ_MARTS"
[0m13:28:40.780537 [debug] [ThreadPool]: On list_DSP_PROJ_MARTS: show objects in DSP_PROJ.MARTS
    limit 10000
    

/* {"app": "dbt", "dbt_version": "1.12.0", "profile_name": "my_dbt_project", "target_name": "dev", "connection_name": "list_DSP_PROJ_MARTS"} */;
[0m13:28:40.803294 [debug] [ThreadPool]: SQL status: SUCCESS 0 in 0.322 seconds
[0m13:28:40.964070 [debug] [ThreadPool]: SQL status: SUCCESS 0 in 0.350 seconds
[0m13:28:41.242334 [debug] [ThreadPool]: SQL status: SUCCESS 4 in 0.461 seconds
[0m13:28:41.247387 [debug] [ThreadPool]: Using snowflake connection "list_DSP_PROJ_MARTS"
[0m13:28:41.247700 [debug] [ThreadPool]: On list_DSP_PROJ_MARTS: show user functions in DSP_PROJ.MARTS
/* {"app": "dbt", "dbt_version": "1.12.0", "profile_name": "my_dbt_project", "target_name": "dev", "connection_name": "list_DSP_PROJ_MARTS"} */
[0m13:28:41.572193 [debug] [ThreadPool]: SQL status: SUCCESS 0 in 0.324 seconds
[0m13:28:41.576443 [debug] [MainThread]: Sending event: {'category': 'dbt', 'action': 'runnable_timing', 'label': '9b25356d-82d8-473a-b97c-26bf1416559f', 'context': [<snowplow_tracker.self_describing_json.SelfDescribingJson object at 0x0000013DC384C050>]}
[0m13:28:41.590578 [debug] [Thread-3 (]: Began running node model.my_new_project.stg_customers_check
[0m13:28:41.591269 [debug] [Thread-2 (]: Began running node model.my_new_project.stg_customers
[0m13:28:41.592132 [info ] [Thread-3 (]: 2 of 4 START sql view model SNAPSHOTS.stg_customers_check ...................... [RUN]
[0m13:28:41.593899 [debug] [Thread-3 (]: Acquiring new snowflake connection 'model.my_new_project.stg_customers_check'
[0m13:28:41.592893 [info ] [Thread-2 (]: 1 of 4 START sql view model SNAPSHOTS.stg_customers ............................ [RUN]
[0m13:28:41.594477 [debug] [Thread-3 (]: Began compiling node model.my_new_project.stg_customers_check
[0m13:28:41.594864 [debug] [Thread-2 (]: Acquiring new snowflake connection 'model.my_new_project.stg_customers'
[0m13:28:41.598976 [debug] [Thread-3 (]: Writing injected SQL for node "model.my_new_project.stg_customers_check"
[0m13:28:41.599268 [debug] [Thread-2 (]: Began compiling node model.my_new_project.stg_customers
[0m13:28:41.600507 [debug] [Thread-2 (]: Writing injected SQL for node "model.my_new_project.stg_customers"
[0m13:28:41.605226 [debug] [Thread-3 (]: Began executing node model.my_new_project.stg_customers_check
[0m13:28:41.626241 [debug] [Thread-2 (]: Began executing node model.my_new_project.stg_customers
[0m13:28:41.629539 [debug] [Thread-3 (]: Writing runtime sql for node "model.my_new_project.stg_customers_check"
[0m13:28:41.631076 [debug] [Thread-2 (]: Writing runtime sql for node "model.my_new_project.stg_customers"
[0m13:28:41.639022 [debug] [Thread-3 (]: Using snowflake connection "model.my_new_project.stg_customers_check"
[0m13:28:41.639366 [debug] [Thread-3 (]: On model.my_new_project.stg_customers_check: create or replace   view DBT_PRACTICE.SNAPSHOTS.stg_customers_check
  
  
  
  
  as (
    select * from 
DBT_PRACTICE.RAW.CUSTOMERS_CHECK
  )
/* {"app": "dbt", "dbt_version": "1.12.0", "profile_name": "my_dbt_project", "target_name": "dev", "node_id": "model.my_new_project.stg_customers_check"} */;
[0m13:28:41.639899 [debug] [Thread-2 (]: Using snowflake connection "model.my_new_project.stg_customers"
[0m13:28:41.640226 [debug] [Thread-3 (]: Opening a new connection, currently in state init
[0m13:28:41.640584 [debug] [Thread-2 (]: On model.my_new_project.stg_customers: create or replace   view DBT_PRACTICE.SNAPSHOTS.stg_customers
  
  
  
  
  as (
    select

customer_id,

customer_name,

city,

updated_at

from DBT_PRACTICE.RAW.CUSTOMERS
  )
/* {"app": "dbt", "dbt_version": "1.12.0", "profile_name": "my_dbt_project", "target_name": "dev", "node_id": "model.my_new_project.stg_customers"} */;
[0m13:28:41.641159 [debug] [Thread-2 (]: Opening a new connection, currently in state init
[0m13:28:43.029721 [debug] [Thread-3 (]: SQL status: SUCCESS 1 in 1.389 seconds
[0m13:28:43.055957 [debug] [Thread-3 (]: Sending event: {'category': 'dbt', 'action': 'run_model', 'label': '9b25356d-82d8-473a-b97c-26bf1416559f', 'context': [<snowplow_tracker.self_describing_json.SelfDescribingJson object at 0x0000013DC3F51980>]}
[0m13:28:43.056728 [info ] [Thread-3 (]: 2 of 4 OK created sql view model SNAPSHOTS.stg_customers_check ................. [[32mSUCCESS 1[0m in 1.46s]
[0m13:28:43.057686 [debug] [Thread-3 (]: Finished running node model.my_new_project.stg_customers_check
[0m13:28:43.504595 [debug] [Thread-2 (]: SQL status: SUCCESS 1 in 1.863 seconds
[0m13:28:43.507432 [debug] [Thread-2 (]: Sending event: {'category': 'dbt', 'action': 'run_model', 'label': '9b25356d-82d8-473a-b97c-26bf1416559f', 'context': [<snowplow_tracker.self_describing_json.SelfDescribingJson object at 0x0000013DC3B174D0>]}
[0m13:28:43.507987 [info ] [Thread-2 (]: 1 of 4 OK created sql view model SNAPSHOTS.stg_customers ....................... [[32mSUCCESS 1[0m in 1.91s]
[0m13:28:43.508605 [debug] [Thread-2 (]: Finished running node model.my_new_project.stg_customers
[0m13:28:43.509254 [debug] [Thread-5 (]: Began running node test.my_new_project.unique_stg_customers_customer_id.c7614daada
[0m13:28:43.509586 [debug] [Thread-4 (]: Began running node test.my_new_project.not_null_stg_customers_customer_id.e2cfb1f9aa
[0m13:28:43.509835 [info ] [Thread-5 (]: 4 of 4 START test unique_stg_customers_customer_id ............................. [RUN]
[0m13:28:43.510337 [info ] [Thread-4 (]: 3 of 4 START test not_null_stg_customers_customer_id ........................... [RUN]
[0m13:28:43.510930 [debug] [Thread-5 (]: Acquiring new snowflake connection 'test.my_new_project.unique_stg_customers_customer_id.c7614daada'
[0m13:28:43.511342 [debug] [Thread-4 (]: Acquiring new snowflake connection 'test.my_new_project.not_null_stg_customers_customer_id.e2cfb1f9aa'
[0m13:28:43.511649 [debug] [Thread-5 (]: Began compiling node test.my_new_project.unique_stg_customers_customer_id.c7614daada
[0m13:28:43.511935 [debug] [Thread-4 (]: Began compiling node test.my_new_project.not_null_stg_customers_customer_id.e2cfb1f9aa
[0m13:28:43.531656 [debug] [Thread-5 (]: Writing injected SQL for node "test.my_new_project.unique_stg_customers_customer_id.c7614daada"
[0m13:28:43.536977 [debug] [Thread-4 (]: Writing injected SQL for node "test.my_new_project.not_null_stg_customers_customer_id.e2cfb1f9aa"
[0m13:28:43.541275 [debug] [Thread-5 (]: Began executing node test.my_new_project.unique_stg_customers_customer_id.c7614daada
[0m13:28:43.554026 [debug] [Thread-5 (]: Writing runtime sql for node "test.my_new_project.unique_stg_customers_customer_id.c7614daada"
[0m13:28:43.554382 [debug] [Thread-4 (]: Began executing node test.my_new_project.not_null_stg_customers_customer_id.e2cfb1f9aa
[0m13:28:43.555626 [debug] [Thread-4 (]: Writing runtime sql for node "test.my_new_project.not_null_stg_customers_customer_id.e2cfb1f9aa"
[0m13:28:43.560966 [debug] [Thread-5 (]: Using snowflake connection "test.my_new_project.unique_stg_customers_customer_id.c7614daada"
[0m13:28:43.561598 [debug] [Thread-4 (]: Using snowflake connection "test.my_new_project.not_null_stg_customers_customer_id.e2cfb1f9aa"
[0m13:28:43.561897 [debug] [Thread-5 (]: On test.my_new_project.unique_stg_customers_customer_id.c7614daada: select
      count(*) as failures,
      count(*) != 0 as should_warn,
      count(*) != 0 as should_error
    from (
      
    
  
    
    

select
    customer_id as unique_field,
    count(*) as n_records

from DBT_PRACTICE.SNAPSHOTS.stg_customers
where customer_id is not null
group by customer_id
having count(*) > 1



  
  
      
    ) dbt_internal_test
/* {"app": "dbt", "dbt_version": "1.12.0", "profile_name": "my_dbt_project", "target_name": "dev", "node_id": "test.my_new_project.unique_stg_customers_customer_id.c7614daada"} */
[0m13:28:43.562192 [debug] [Thread-4 (]: On test.my_new_project.not_null_stg_customers_customer_id.e2cfb1f9aa: select
      count(*) as failures,
      count(*) != 0 as should_warn,
      count(*) != 0 as should_error
    from (
      
    
  
    
    



select customer_id
from DBT_PRACTICE.SNAPSHOTS.stg_customers
where customer_id is null



  
  
      
    ) dbt_internal_test
/* {"app": "dbt", "dbt_version": "1.12.0", "profile_name": "my_dbt_project", "target_name": "dev", "node_id": "test.my_new_project.not_null_stg_customers_customer_id.e2cfb1f9aa"} */
[0m13:28:43.562493 [debug] [Thread-5 (]: Opening a new connection, currently in state init
[0m13:28:43.562748 [debug] [Thread-4 (]: Opening a new connection, currently in state init
[0m13:28:45.653035 [debug] [Thread-4 (]: SQL status: SUCCESS 1 in 2.090 seconds
[0m13:28:45.656888 [info ] [Thread-4 (]: 3 of 4 PASS not_null_stg_customers_customer_id ................................. [[32mPASS[0m in 2.15s]
[0m13:28:45.658835 [debug] [Thread-4 (]: Finished running node test.my_new_project.not_null_stg_customers_customer_id.e2cfb1f9aa
[0m13:28:45.748461 [debug] [Thread-5 (]: SQL status: SUCCESS 1 in 2.186 seconds
[0m13:28:45.753529 [info ] [Thread-5 (]: 4 of 4 PASS unique_stg_customers_customer_id ................................... [[32mPASS[0m in 2.24s]
[0m13:28:45.754707 [debug] [Thread-5 (]: Finished running node test.my_new_project.unique_stg_customers_customer_id.c7614daada
[0m13:28:45.756656 [debug] [MainThread]: Connection 'master' was properly closed.
[0m13:28:45.756962 [debug] [MainThread]: Connection 'list_DBT_PRACTICE' was left open.
[0m13:28:45.757781 [debug] [MainThread]: On list_DBT_PRACTICE: Close
[0m13:28:46.433343 [debug] [MainThread]: Connection 'list_DSP_PROJ_MARTS' was left open.
[0m13:28:46.433677 [debug] [MainThread]: On list_DSP_PROJ_MARTS: Close
[0m13:28:46.955479 [debug] [MainThread]: Connection 'list_DSP_PROJ_INTERMEDIATE' was left open.
[0m13:28:46.956320 [debug] [MainThread]: On list_DSP_PROJ_INTERMEDIATE: Close
[0m13:28:47.551104 [debug] [MainThread]: Connection 'list_DSP_PROJ_STAGING' was left open.
[0m13:28:47.551991 [debug] [MainThread]: On list_DSP_PROJ_STAGING: Close
[0m13:28:48.047922 [debug] [MainThread]: Connection 'list_DSP_PROJ_MART' was left open.
[0m13:28:48.048364 [debug] [MainThread]: On list_DSP_PROJ_MART: Close
[0m13:28:48.700847 [debug] [MainThread]: Connection 'model.my_new_project.stg_customers_check' was left open.
[0m13:28:48.701565 [debug] [MainThread]: On model.my_new_project.stg_customers_check: Close
[0m13:28:49.227321 [debug] [MainThread]: Connection 'model.my_new_project.stg_customers' was left open.
[0m13:28:49.228499 [debug] [MainThread]: On model.my_new_project.stg_customers: Close
[0m13:28:49.783059 [debug] [MainThread]: Connection 'test.my_new_project.unique_stg_customers_customer_id.c7614daada' was left open.
[0m13:28:49.783787 [debug] [MainThread]: On test.my_new_project.unique_stg_customers_customer_id.c7614daada: Close
[0m13:28:50.464910 [debug] [MainThread]: Connection 'test.my_new_project.not_null_stg_customers_customer_id.e2cfb1f9aa' was left open.
[0m13:28:50.465938 [debug] [MainThread]: On test.my_new_project.not_null_stg_customers_customer_id.e2cfb1f9aa: Close
[0m13:28:51.160172 [info ] [MainThread]: 
[0m13:28:51.161535 [info ] [MainThread]: Finished running 2 data tests, 2 view models in 0 hours 0 minutes and 13.85 seconds (13.85s).
[0m13:28:51.165102 [debug] [MainThread]: Command end result
[0m13:28:51.249616 [debug] [MainThread]: Wrote artifact WritableManifest to C:\Arjun_dbt_project\old_dbt_project\target\manifest.json
[0m13:28:51.259177 [debug] [MainThread]: Wrote artifact SemanticManifest to C:\Arjun_dbt_project\old_dbt_project\target\semantic_manifest.json
[0m13:28:51.265536 [debug] [MainThread]: Wrote artifact OsiDocument to C:\Arjun_dbt_project\old_dbt_project\target\osi_document.json
[0m13:28:51.287613 [debug] [MainThread]: Wrote artifact RunExecutionResult to C:\Arjun_dbt_project\old_dbt_project\target\run_results.json
[0m13:28:51.288169 [info ] [MainThread]: 
[0m13:28:51.288911 [info ] [MainThread]: [32mCompleted successfully[0m
[0m13:28:51.289377 [info ] [MainThread]: 
[0m13:28:51.290275 [info ] [MainThread]: Done. PASS=4 WARN=0 ERROR=0 SKIP=0 NO-OP=0 REUSED=0 TOTAL=4
[0m13:28:51.291185 [debug] [MainThread]: Command `dbt build` succeeded at 13:28:51.291043 after 15.87 seconds
[0m13:28:51.291554 [debug] [MainThread]: Sending event: {'category': 'dbt', 'action': 'invocation', 'label': 'end', 'context': [<snowplow_tracker.self_describing_json.SelfDescribingJson object at 0x0000013DC3D2FEE0>, <snowplow_tracker.self_describing_json.SelfDescribingJson object at 0x0000013DC3EA4690>, <snowplow_tracker.self_describing_json.SelfDescribingJson object at 0x0000013DC3EA65D0>]}
[0m13:28:51.291879 [debug] [MainThread]: Flushing usage events
[0m13:28:52.924796 [debug] [MainThread]: An error was encountered while trying to flush usage events
[0m15:11:50.775679 [debug] [MainThread]: Sending event: {'category': 'dbt', 'action': 'invocation', 'label': 'start', 'context': [<snowplow_tracker.self_describing_json.SelfDescribingJson object at 0x000001F91F0E5160>, <snowplow_tracker.self_describing_json.SelfDescribingJson object at 0x000001F91BEF1450>, <snowplow_tracker.self_describing_json.SelfDescribingJson object at 0x000001F921853C50>]}


============================== 15:11:50.789163 | 576614d6-384f-4424-b5f5-744d68967bc8 ==============================
[0m15:11:50.789163 [info ] [MainThread]: Running with dbt=1.12.0
[0m15:11:50.790922 [debug] [MainThread]: running dbt with arguments {'version_check': 'True', 'no_print': 'None', 'maximum_seed_size_mib': '1', 'warn_error_options': 'WarnErrorOptionsV2(error=[], warn=[], silence=[])', 'target_path': 'None', 'static_parser': 'True', 'printer_width': '80', 'write_json': 'True', 'empty': 'None', 'log_cache_events': 'False', 'introspect': 'True', 'cache_selected_only': 'False', 'fail_fast': 'False', 'debug': 'False', 'log_format': 'default', 'profiles_dir': 'C:\\Users\\HP\\.dbt', 'send_anonymous_usage_stats': 'True', 'quiet': 'False', 'warn_error': 'None', 'partial_parse': 'True', 'use_colors': 'True', 'hints_enabled': 'True', 'invocation_command': 'dbt test', 'use_experimental_parser': 'False', 'indirect_selection': 'eager', 'log_path': 'C:\\Arjun_dbt_project\\old_dbt_project\\logs'}
[0m15:11:51.935444 [debug] [MainThread]: Snowflake adapter: Setting snowflake.connector to ERROR (file logging only)
[0m15:11:51.935812 [debug] [MainThread]: Snowflake adapter: Setting botocore to ERROR (file logging only)
[0m15:11:51.936047 [debug] [MainThread]: Snowflake adapter: Setting boto3 to ERROR (file logging only)
[0m15:11:52.428866 [debug] [MainThread]: Sending event: {'category': 'dbt', 'action': 'project_id', 'label': '576614d6-384f-4424-b5f5-744d68967bc8', 'context': [<snowplow_tracker.self_describing_json.SelfDescribingJson object at 0x000001F91F7BDE00>]}
[0m15:11:52.492074 [debug] [MainThread]: Sending event: {'category': 'dbt', 'action': 'adapter_info', 'label': '576614d6-384f-4424-b5f5-744d68967bc8', 'context': [<snowplow_tracker.self_describing_json.SelfDescribingJson object at 0x000001F91D60EF10>]}
[0m15:11:52.493551 [info ] [MainThread]: Registered adapter: snowflake=1.12.0
[0m15:11:52.780109 [debug] [MainThread]: checksum: 34d064bbf3d7c01e29a022f69428015a75a45641a9d372ee507764c8a4f69675, vars: {}, profile: my_dbt_project, target: dev, version: 1.12.0
[0m15:11:53.025357 [debug] [MainThread]: Partial parsing enabled: 0 files deleted, 1 files added, 0 files changed.
[0m15:11:53.025804 [debug] [MainThread]: Partial parsing: added file: my_new_project://models\tests\check_negative_amount.sql
[0m15:11:53.313325 [debug] [MainThread]: Sending event: {'category': 'dbt', 'action': 'load_project', 'label': '576614d6-384f-4424-b5f5-744d68967bc8', 'context': [<snowplow_tracker.self_describing_json.SelfDescribingJson object at 0x000001F9237F6350>]}
[0m15:11:53.446677 [debug] [MainThread]: Wrote artifact WritableManifest to C:\Arjun_dbt_project\old_dbt_project\target\manifest.json
[0m15:11:53.454420 [debug] [MainThread]: Wrote artifact SemanticManifest to C:\Arjun_dbt_project\old_dbt_project\target\semantic_manifest.json
[0m15:11:53.513613 [debug] [MainThread]: Wrote artifact OsiDocument to C:\Arjun_dbt_project\old_dbt_project\target\osi_document.json
[0m15:11:53.560072 [debug] [MainThread]: Sending event: {'category': 'dbt', 'action': 'resource_counts', 'label': '576614d6-384f-4424-b5f5-744d68967bc8', 'context': [<snowplow_tracker.self_describing_json.SelfDescribingJson object at 0x000001F924AA3020>]}
[0m15:11:53.560535 [info ] [MainThread]: Found 16 models, 2 snapshots, 4 data tests, 7 sources, 547 macros
[0m15:11:53.561006 [debug] [MainThread]: Sending event: {'category': 'dbt', 'action': 'runnable_timing', 'label': '576614d6-384f-4424-b5f5-744d68967bc8', 'context': [<snowplow_tracker.self_describing_json.SelfDescribingJson object at 0x000001F924AEE0B0>]}
[0m15:11:53.563396 [info ] [MainThread]: 
[0m15:11:53.566568 [info ] [MainThread]: Concurrency: 4 threads (target='dev')
[0m15:11:53.567342 [info ] [MainThread]: 
[0m15:11:53.568184 [debug] [MainThread]: Acquiring new snowflake connection 'master'
[0m15:11:53.575402 [debug] [ThreadPool]: Acquiring new snowflake connection 'list_DSP_PROJ_STAGING'
[0m15:11:53.587692 [debug] [ThreadPool]: Acquiring new snowflake connection 'list_DSP_PROJ_MARTS'
[0m15:11:53.589439 [debug] [ThreadPool]: Acquiring new snowflake connection 'list_DBT_PRACTICE_SNAPSHOTS'
[0m15:11:53.591122 [debug] [ThreadPool]: Acquiring new snowflake connection 'list_DSP_PROJ_MART'
[0m15:11:53.595141 [debug] [ThreadPool]: Using snowflake connection "list_DSP_PROJ_STAGING"
[0m15:11:53.595744 [debug] [ThreadPool]: Using snowflake connection "list_DBT_PRACTICE_SNAPSHOTS"
[0m15:11:53.596122 [debug] [ThreadPool]: Using snowflake connection "list_DSP_PROJ_MARTS"
[0m15:11:53.596433 [debug] [ThreadPool]: On list_DSP_PROJ_STAGING: show objects in DSP_PROJ.STAGING
    limit 10000
    

/* {"app": "dbt", "dbt_version": "1.12.0", "profile_name": "my_dbt_project", "target_name": "dev", "connection_name": "list_DSP_PROJ_STAGING"} */;
[0m15:11:53.596739 [debug] [ThreadPool]: Using snowflake connection "list_DSP_PROJ_MART"
[0m15:11:53.597027 [debug] [ThreadPool]: On list_DBT_PRACTICE_SNAPSHOTS: show objects in DBT_PRACTICE.SNAPSHOTS
    limit 10000
    

/* {"app": "dbt", "dbt_version": "1.12.0", "profile_name": "my_dbt_project", "target_name": "dev", "connection_name": "list_DBT_PRACTICE_SNAPSHOTS"} */;
[0m15:11:53.597287 [debug] [ThreadPool]: On list_DSP_PROJ_MARTS: show objects in DSP_PROJ.MARTS
    limit 10000
    

/* {"app": "dbt", "dbt_version": "1.12.0", "profile_name": "my_dbt_project", "target_name": "dev", "connection_name": "list_DSP_PROJ_MARTS"} */;
[0m15:11:53.597540 [debug] [ThreadPool]: Opening a new connection, currently in state init
[0m15:11:53.597760 [debug] [ThreadPool]: On list_DSP_PROJ_MART: show objects in DSP_PROJ.MART
    limit 10000
    

/* {"app": "dbt", "dbt_version": "1.12.0", "profile_name": "my_dbt_project", "target_name": "dev", "connection_name": "list_DSP_PROJ_MART"} */;
[0m15:11:53.597992 [debug] [ThreadPool]: Opening a new connection, currently in state init
[0m15:11:53.598223 [debug] [ThreadPool]: Opening a new connection, currently in state init
[0m15:11:53.598538 [debug] [ThreadPool]: Opening a new connection, currently in state init
[0m15:11:55.791875 [debug] [ThreadPool]: SQL status: SUCCESS 4 in 2.194 seconds
[0m15:11:55.792387 [debug] [ThreadPool]: SQL status: SUCCESS 4 in 2.194 seconds
[0m15:11:55.796544 [debug] [ThreadPool]: Using snowflake connection "list_DBT_PRACTICE_SNAPSHOTS"
[0m15:11:55.798599 [debug] [ThreadPool]: Using snowflake connection "list_DSP_PROJ_MARTS"
[0m15:11:55.798919 [debug] [ThreadPool]: On list_DBT_PRACTICE_SNAPSHOTS: show user functions in DBT_PRACTICE.SNAPSHOTS
/* {"app": "dbt", "dbt_version": "1.12.0", "profile_name": "my_dbt_project", "target_name": "dev", "connection_name": "list_DBT_PRACTICE_SNAPSHOTS"} */
[0m15:11:55.799193 [debug] [ThreadPool]: On list_DSP_PROJ_MARTS: show user functions in DSP_PROJ.MARTS
/* {"app": "dbt", "dbt_version": "1.12.0", "profile_name": "my_dbt_project", "target_name": "dev", "connection_name": "list_DSP_PROJ_MARTS"} */
[0m15:11:56.274377 [debug] [ThreadPool]: SQL status: SUCCESS 5 in 2.677 seconds
[0m15:11:56.276521 [debug] [ThreadPool]: Using snowflake connection "list_DSP_PROJ_STAGING"
[0m15:11:56.276856 [debug] [ThreadPool]: On list_DSP_PROJ_STAGING: show user functions in DSP_PROJ.STAGING
/* {"app": "dbt", "dbt_version": "1.12.0", "profile_name": "my_dbt_project", "target_name": "dev", "connection_name": "list_DSP_PROJ_STAGING"} */
[0m15:11:56.820650 [debug] [ThreadPool]: SQL status: SUCCESS 0 in 0.544 seconds
[0m15:11:56.821282 [debug] [ThreadPool]: SQL status: SUCCESS 0 in 1.022 seconds
[0m15:11:56.823045 [debug] [ThreadPool]: Re-using an available connection from the pool (formerly list_DSP_PROJ_STAGING, now list_DSP_PROJ_INTERMEDIATE)
[0m15:11:56.826189 [debug] [ThreadPool]: Re-using an available connection from the pool (formerly list_DBT_PRACTICE_SNAPSHOTS, now list_DBT_PRACTICE_RAW)
[0m15:11:56.828986 [debug] [ThreadPool]: Using snowflake connection "list_DSP_PROJ_INTERMEDIATE"
[0m15:11:56.830284 [debug] [ThreadPool]: Using snowflake connection "list_DBT_PRACTICE_RAW"
[0m15:11:56.830638 [debug] [ThreadPool]: On list_DSP_PROJ_INTERMEDIATE: show objects in DSP_PROJ.INTERMEDIATE
    limit 10000
    

/* {"app": "dbt", "dbt_version": "1.12.0", "profile_name": "my_dbt_project", "target_name": "dev", "connection_name": "list_DSP_PROJ_INTERMEDIATE"} */;
[0m15:11:56.830939 [debug] [ThreadPool]: On list_DBT_PRACTICE_RAW: show objects in DBT_PRACTICE.RAW
    limit 10000
    

/* {"app": "dbt", "dbt_version": "1.12.0", "profile_name": "my_dbt_project", "target_name": "dev", "connection_name": "list_DBT_PRACTICE_RAW"} */;
[0m15:11:56.831790 [debug] [ThreadPool]: SQL status: SUCCESS 0 in 1.032 seconds
[0m15:11:57.103509 [debug] [ThreadPool]: SQL status: SUCCESS 5 in 3.505 seconds
[0m15:11:57.106006 [debug] [ThreadPool]: Using snowflake connection "list_DSP_PROJ_MART"
[0m15:11:57.106467 [debug] [ThreadPool]: On list_DSP_PROJ_MART: show user functions in DSP_PROJ.MART
/* {"app": "dbt", "dbt_version": "1.12.0", "profile_name": "my_dbt_project", "target_name": "dev", "connection_name": "list_DSP_PROJ_MART"} */
[0m15:11:57.227714 [debug] [ThreadPool]: SQL status: SUCCESS 3 in 0.397 seconds
[0m15:11:57.229765 [debug] [ThreadPool]: Using snowflake connection "list_DSP_PROJ_INTERMEDIATE"
[0m15:11:57.230145 [debug] [ThreadPool]: On list_DSP_PROJ_INTERMEDIATE: show user functions in DSP_PROJ.INTERMEDIATE
/* {"app": "dbt", "dbt_version": "1.12.0", "profile_name": "my_dbt_project", "target_name": "dev", "connection_name": "list_DSP_PROJ_INTERMEDIATE"} */
[0m15:11:57.509540 [debug] [ThreadPool]: SQL status: SUCCESS 15 in 0.677 seconds
[0m15:11:57.512742 [debug] [ThreadPool]: Using snowflake connection "list_DBT_PRACTICE_RAW"
[0m15:11:57.513222 [debug] [ThreadPool]: On list_DBT_PRACTICE_RAW: show user functions in DBT_PRACTICE.RAW
/* {"app": "dbt", "dbt_version": "1.12.0", "profile_name": "my_dbt_project", "target_name": "dev", "connection_name": "list_DBT_PRACTICE_RAW"} */
[0m15:11:57.527846 [debug] [ThreadPool]: SQL status: SUCCESS 0 in 0.421 seconds
[0m15:11:57.553393 [debug] [ThreadPool]: SQL status: SUCCESS 0 in 0.323 seconds
[0m15:11:57.987418 [debug] [ThreadPool]: SQL status: SUCCESS 0 in 0.474 seconds
[0m15:11:57.990497 [debug] [MainThread]: Sending event: {'category': 'dbt', 'action': 'runnable_timing', 'label': '576614d6-384f-4424-b5f5-744d68967bc8', 'context': [<snowplow_tracker.self_describing_json.SelfDescribingJson object at 0x000001F924ABF450>]}
[0m15:11:58.001205 [debug] [Thread-5 (]: Began running node test.my_new_project.unique_stg_customers_customer_id.c7614daada
[0m15:11:58.001574 [debug] [Thread-3 (]: Began running node test.my_new_project.not_null_stg_consumer_application_detail_created_date.6177596507
[0m15:11:58.001912 [debug] [Thread-2 (]: Began running node test.my_new_project.not_null_stg_consumer_application_detail_consumer_application_number.bedd807512
[0m15:11:58.002244 [debug] [Thread-4 (]: Began running node test.my_new_project.not_null_stg_customers_customer_id.e2cfb1f9aa
[0m15:11:58.002512 [info ] [Thread-5 (]: 4 of 4 START test unique_stg_customers_customer_id ............................. [RUN]
[0m15:11:58.002750 [info ] [Thread-3 (]: 2 of 4 START test not_null_stg_consumer_application_detail_created_date ........ [RUN]
[0m15:11:58.003053 [info ] [Thread-2 (]: 1 of 4 START test not_null_stg_consumer_application_detail_consumer_application_number  [RUN]
[0m15:11:58.003832 [debug] [Thread-5 (]: Acquiring new snowflake connection 'test.my_new_project.unique_stg_customers_customer_id.c7614daada'
[0m15:11:58.003368 [info ] [Thread-4 (]: 3 of 4 START test not_null_stg_customers_customer_id ........................... [RUN]
[0m15:11:58.004298 [debug] [Thread-3 (]: Acquiring new snowflake connection 'test.my_new_project.not_null_stg_consumer_application_detail_created_date.6177596507'
[0m15:11:58.004655 [debug] [Thread-2 (]: Acquiring new snowflake connection 'test.my_new_project.not_null_stg_consumer_application_detail_consumer_application_number.bedd807512'
[0m15:11:58.004922 [debug] [Thread-5 (]: Began compiling node test.my_new_project.unique_stg_customers_customer_id.c7614daada
[0m15:11:58.005272 [debug] [Thread-4 (]: Acquiring new snowflake connection 'test.my_new_project.not_null_stg_customers_customer_id.e2cfb1f9aa'
[0m15:11:58.005802 [debug] [Thread-3 (]: Began compiling node test.my_new_project.not_null_stg_consumer_application_detail_created_date.6177596507
[0m15:11:58.006233 [debug] [Thread-2 (]: Began compiling node test.my_new_project.not_null_stg_consumer_application_detail_consumer_application_number.bedd807512
[0m15:11:58.017509 [debug] [Thread-5 (]: Writing injected SQL for node "test.my_new_project.unique_stg_customers_customer_id.c7614daada"
[0m15:11:58.017852 [debug] [Thread-4 (]: Began compiling node test.my_new_project.not_null_stg_customers_customer_id.e2cfb1f9aa
[0m15:11:58.028831 [debug] [Thread-3 (]: Writing injected SQL for node "test.my_new_project.not_null_stg_consumer_application_detail_created_date.6177596507"
[0m15:11:58.040963 [debug] [Thread-2 (]: Writing injected SQL for node "test.my_new_project.not_null_stg_consumer_application_detail_consumer_application_number.bedd807512"
[0m15:11:58.048818 [debug] [Thread-4 (]: Writing injected SQL for node "test.my_new_project.not_null_stg_customers_customer_id.e2cfb1f9aa"
[0m15:11:58.053357 [debug] [Thread-2 (]: Began executing node test.my_new_project.not_null_stg_consumer_application_detail_consumer_application_number.bedd807512
[0m15:11:58.053865 [debug] [Thread-5 (]: Began executing node test.my_new_project.unique_stg_customers_customer_id.c7614daada
[0m15:11:58.054153 [debug] [Thread-3 (]: Began executing node test.my_new_project.not_null_stg_consumer_application_detail_created_date.6177596507
[0m15:11:58.071661 [debug] [Thread-5 (]: Writing runtime sql for node "test.my_new_project.unique_stg_customers_customer_id.c7614daada"
[0m15:11:58.072037 [debug] [Thread-4 (]: Began executing node test.my_new_project.not_null_stg_customers_customer_id.e2cfb1f9aa
[0m15:11:58.072766 [debug] [Thread-2 (]: Writing runtime sql for node "test.my_new_project.not_null_stg_consumer_application_detail_consumer_application_number.bedd807512"
[0m15:11:58.074207 [debug] [Thread-3 (]: Writing runtime sql for node "test.my_new_project.not_null_stg_consumer_application_detail_created_date.6177596507"
[0m15:11:58.076213 [debug] [Thread-4 (]: Writing runtime sql for node "test.my_new_project.not_null_stg_customers_customer_id.e2cfb1f9aa"
[0m15:11:58.079954 [debug] [Thread-3 (]: Using snowflake connection "test.my_new_project.not_null_stg_consumer_application_detail_created_date.6177596507"
[0m15:11:58.080573 [debug] [Thread-5 (]: Using snowflake connection "test.my_new_project.unique_stg_customers_customer_id.c7614daada"
[0m15:11:58.081074 [debug] [Thread-2 (]: Using snowflake connection "test.my_new_project.not_null_stg_consumer_application_detail_consumer_application_number.bedd807512"
[0m15:11:58.081413 [debug] [Thread-3 (]: On test.my_new_project.not_null_stg_consumer_application_detail_created_date.6177596507: select
      count(*) as failures,
      count(*) != 0 as should_warn,
      count(*) != 0 as should_error
    from (
      
    
  
    
    



select created_date
from DSP_PROJ.STAGING.stg_consumer_application_detail
where created_date is null



  
  
      
    ) dbt_internal_test
/* {"app": "dbt", "dbt_version": "1.12.0", "profile_name": "my_dbt_project", "target_name": "dev", "node_id": "test.my_new_project.not_null_stg_consumer_application_detail_created_date.6177596507"} */
[0m15:11:58.081720 [debug] [Thread-5 (]: On test.my_new_project.unique_stg_customers_customer_id.c7614daada: select
      count(*) as failures,
      count(*) != 0 as should_warn,
      count(*) != 0 as should_error
    from (
      
    
  
    
    

select
    customer_id as unique_field,
    count(*) as n_records

from DBT_PRACTICE.SNAPSHOTS.stg_customers
where customer_id is not null
group by customer_id
having count(*) > 1



  
  
      
    ) dbt_internal_test
/* {"app": "dbt", "dbt_version": "1.12.0", "profile_name": "my_dbt_project", "target_name": "dev", "node_id": "test.my_new_project.unique_stg_customers_customer_id.c7614daada"} */
[0m15:11:58.082024 [debug] [Thread-2 (]: On test.my_new_project.not_null_stg_consumer_application_detail_consumer_application_number.bedd807512: select
      count(*) as failures,
      count(*) != 0 as should_warn,
      count(*) != 0 as should_error
    from (
      
    
  
    
    



select consumer_application_number
from DSP_PROJ.STAGING.stg_consumer_application_detail
where consumer_application_number is null



  
  
      
    ) dbt_internal_test
/* {"app": "dbt", "dbt_version": "1.12.0", "profile_name": "my_dbt_project", "target_name": "dev", "node_id": "test.my_new_project.not_null_stg_consumer_application_detail_consumer_application_number.bedd807512"} */
[0m15:11:58.082334 [debug] [Thread-3 (]: Opening a new connection, currently in state init
[0m15:11:58.082640 [debug] [Thread-5 (]: Opening a new connection, currently in state init
[0m15:11:58.082917 [debug] [Thread-2 (]: Opening a new connection, currently in state init
[0m15:11:58.086840 [debug] [Thread-4 (]: Using snowflake connection "test.my_new_project.not_null_stg_customers_customer_id.e2cfb1f9aa"
[0m15:11:58.087286 [debug] [Thread-4 (]: On test.my_new_project.not_null_stg_customers_customer_id.e2cfb1f9aa: select
      count(*) as failures,
      count(*) != 0 as should_warn,
      count(*) != 0 as should_error
    from (
      
    
  
    
    



select customer_id
from DBT_PRACTICE.SNAPSHOTS.stg_customers
where customer_id is null



  
  
      
    ) dbt_internal_test
/* {"app": "dbt", "dbt_version": "1.12.0", "profile_name": "my_dbt_project", "target_name": "dev", "node_id": "test.my_new_project.not_null_stg_customers_customer_id.e2cfb1f9aa"} */
[0m15:11:58.087709 [debug] [Thread-4 (]: Opening a new connection, currently in state init
[0m15:11:59.492594 [debug] [Thread-4 (]: SQL status: SUCCESS 1 in 1.405 seconds
[0m15:11:59.507655 [info ] [Thread-4 (]: 3 of 4 PASS not_null_stg_customers_customer_id ................................. [[32mPASS[0m in 1.50s]
[0m15:11:59.508540 [debug] [Thread-4 (]: Finished running node test.my_new_project.not_null_stg_customers_customer_id.e2cfb1f9aa
[0m15:11:59.658747 [debug] [Thread-5 (]: SQL status: SUCCESS 1 in 1.576 seconds
[0m15:11:59.660468 [info ] [Thread-5 (]: 4 of 4 PASS unique_stg_customers_customer_id ................................... [[32mPASS[0m in 1.66s]
[0m15:11:59.661379 [debug] [Thread-5 (]: Finished running node test.my_new_project.unique_stg_customers_customer_id.c7614daada
[0m15:12:00.031508 [debug] [Thread-2 (]: SQL status: SUCCESS 1 in 1.948 seconds
[0m15:12:00.033289 [info ] [Thread-2 (]: 1 of 4 PASS not_null_stg_consumer_application_detail_consumer_application_number  [[32mPASS[0m in 2.03s]
[0m15:12:00.034059 [debug] [Thread-2 (]: Finished running node test.my_new_project.not_null_stg_consumer_application_detail_consumer_application_number.bedd807512
[0m15:12:00.193674 [debug] [Thread-3 (]: SQL status: SUCCESS 1 in 2.111 seconds
[0m15:12:00.196076 [info ] [Thread-3 (]: 2 of 4 PASS not_null_stg_consumer_application_detail_created_date .............. [[32mPASS[0m in 2.19s]
[0m15:12:00.197131 [debug] [Thread-3 (]: Finished running node test.my_new_project.not_null_stg_consumer_application_detail_created_date.6177596507
[0m15:12:00.198941 [debug] [MainThread]: Connection 'master' was properly closed.
[0m15:12:00.199306 [debug] [MainThread]: Connection 'list_DSP_PROJ_INTERMEDIATE' was left open.
[0m15:12:00.199540 [debug] [MainThread]: On list_DSP_PROJ_INTERMEDIATE: Close
[0m15:12:00.855126 [debug] [MainThread]: Connection 'list_DSP_PROJ_MARTS' was left open.
[0m15:12:00.856417 [debug] [MainThread]: On list_DSP_PROJ_MARTS: Close
[0m15:12:01.506968 [debug] [MainThread]: Connection 'list_DBT_PRACTICE_RAW' was left open.
[0m15:12:01.507515 [debug] [MainThread]: On list_DBT_PRACTICE_RAW: Close
[0m15:12:02.069514 [debug] [MainThread]: Connection 'list_DSP_PROJ_MART' was left open.
[0m15:12:02.069846 [debug] [MainThread]: On list_DSP_PROJ_MART: Close
[0m15:12:02.741363 [debug] [MainThread]: Connection 'test.my_new_project.unique_stg_customers_customer_id.c7614daada' was left open.
[0m15:12:02.741834 [debug] [MainThread]: On test.my_new_project.unique_stg_customers_customer_id.c7614daada: Close
[0m15:12:03.378826 [debug] [MainThread]: Connection 'test.my_new_project.not_null_stg_consumer_application_detail_created_date.6177596507' was left open.
[0m15:12:03.379312 [debug] [MainThread]: On test.my_new_project.not_null_stg_consumer_application_detail_created_date.6177596507: Close
[0m15:12:03.902197 [debug] [MainThread]: Connection 'test.my_new_project.not_null_stg_consumer_application_detail_consumer_application_number.bedd807512' was left open.
[0m15:12:03.902531 [debug] [MainThread]: On test.my_new_project.not_null_stg_consumer_application_detail_consumer_application_number.bedd807512: Close
[0m15:12:05.314730 [debug] [MainThread]: Connection 'test.my_new_project.not_null_stg_customers_customer_id.e2cfb1f9aa' was left open.
[0m15:12:05.315214 [debug] [MainThread]: On test.my_new_project.not_null_stg_customers_customer_id.e2cfb1f9aa: Close
[0m15:12:06.093242 [info ] [MainThread]: 
[0m15:12:06.098031 [info ] [MainThread]: Finished running 4 data tests in 0 hours 0 minutes and 12.52 seconds (12.52s).
[0m15:12:06.100186 [debug] [MainThread]: Command end result
[0m15:12:06.241030 [debug] [MainThread]: Wrote artifact WritableManifest to C:\Arjun_dbt_project\old_dbt_project\target\manifest.json
[0m15:12:06.263502 [debug] [MainThread]: Wrote artifact SemanticManifest to C:\Arjun_dbt_project\old_dbt_project\target\semantic_manifest.json
[0m15:12:06.275037 [debug] [MainThread]: Wrote artifact OsiDocument to C:\Arjun_dbt_project\old_dbt_project\target\osi_document.json
[0m15:12:06.302992 [debug] [MainThread]: Wrote artifact RunExecutionResult to C:\Arjun_dbt_project\old_dbt_project\target\run_results.json
[0m15:12:06.303546 [info ] [MainThread]: 
[0m15:12:06.306363 [info ] [MainThread]: [32mCompleted successfully[0m
[0m15:12:06.307107 [info ] [MainThread]: 
[0m15:12:06.308050 [info ] [MainThread]: Done. PASS=4 WARN=0 ERROR=0 SKIP=0 NO-OP=0 REUSED=0 TOTAL=4
[0m15:12:06.313198 [debug] [MainThread]: Command `dbt test` succeeded at 15:12:06.313000 after 15.73 seconds
[0m15:12:06.313767 [debug] [MainThread]: Sending event: {'category': 'dbt', 'action': 'invocation', 'label': 'end', 'context': [<snowplow_tracker.self_describing_json.SelfDescribingJson object at 0x000001F9214FFD10>, <snowplow_tracker.self_describing_json.SelfDescribingJson object at 0x000001F924DD5C80>, <snowplow_tracker.self_describing_json.SelfDescribingJson object at 0x000001F924DD60A0>]}
[0m15:12:06.314371 [debug] [MainThread]: Flushing usage events
[0m15:12:08.221654 [debug] [MainThread]: An error was encountered while trying to flush usage events
[0m15:13:48.723537 [debug] [MainThread]: Sending event: {'category': 'dbt', 'action': 'invocation', 'label': 'start', 'context': [<snowplow_tracker.self_describing_json.SelfDescribingJson object at 0x000001A25D541160>, <snowplow_tracker.self_describing_json.SelfDescribingJson object at 0x000001A25A3E1450>, <snowplow_tracker.self_describing_json.SelfDescribingJson object at 0x000001A25FCB3C50>]}


============================== 15:13:48.729766 | 1a955460-00f2-4550-a5d4-3db412eeefb2 ==============================
[0m15:13:48.729766 [info ] [MainThread]: Running with dbt=1.12.0
[0m15:13:48.730294 [debug] [MainThread]: running dbt with arguments {'maximum_seed_size_mib': '1', 'no_print': 'None', 'version_check': 'True', 'warn_error_options': 'WarnErrorOptionsV2(error=[], warn=[], silence=[])', 'target_path': 'None', 'static_parser': 'True', 'printer_width': '80', 'write_json': 'True', 'introspect': 'True', 'log_cache_events': 'False', 'empty': 'None', 'cache_selected_only': 'False', 'log_format': 'default', 'debug': 'False', 'fail_fast': 'False', 'profiles_dir': 'C:\\Users\\HP\\.dbt', 'send_anonymous_usage_stats': 'True', 'quiet': 'False', 'warn_error': 'None', 'partial_parse': 'True', 'invocation_command': 'dbt test', 'hints_enabled': 'True', 'use_colors': 'True', 'use_experimental_parser': 'False', 'indirect_selection': 'eager', 'log_path': 'C:\\Arjun_dbt_project\\old_dbt_project\\logs'}
[0m15:13:49.420307 [debug] [MainThread]: Snowflake adapter: Setting snowflake.connector to ERROR (file logging only)
[0m15:13:49.420681 [debug] [MainThread]: Snowflake adapter: Setting botocore to ERROR (file logging only)
[0m15:13:49.420968 [debug] [MainThread]: Snowflake adapter: Setting boto3 to ERROR (file logging only)
[0m15:13:49.996675 [debug] [MainThread]: Sending event: {'category': 'dbt', 'action': 'project_id', 'label': '1a955460-00f2-4550-a5d4-3db412eeefb2', 'context': [<snowplow_tracker.self_describing_json.SelfDescribingJson object at 0x000001A25DC1DE00>]}
[0m15:13:50.052324 [debug] [MainThread]: Sending event: {'category': 'dbt', 'action': 'adapter_info', 'label': '1a955460-00f2-4550-a5d4-3db412eeefb2', 'context': [<snowplow_tracker.self_describing_json.SelfDescribingJson object at 0x000001A25BA6EF10>]}
[0m15:13:50.053490 [info ] [MainThread]: Registered adapter: snowflake=1.12.0
[0m15:13:50.331933 [debug] [MainThread]: checksum: 34d064bbf3d7c01e29a022f69428015a75a45641a9d372ee507764c8a4f69675, vars: {}, profile: my_dbt_project, target: dev, version: 1.12.0
[0m15:13:50.516593 [debug] [MainThread]: Partial parsing enabled: 0 files deleted, 0 files added, 1 files changed.
[0m15:13:50.517539 [debug] [MainThread]: Partial parsing: updated file: my_new_project://models\tests\check_negative_amount.sql
[0m15:13:50.761443 [debug] [MainThread]: Sending event: {'category': 'dbt', 'action': 'load_project', 'label': '1a955460-00f2-4550-a5d4-3db412eeefb2', 'context': [<snowplow_tracker.self_describing_json.SelfDescribingJson object at 0x000001A262BF6350>]}
[0m15:13:50.878100 [debug] [MainThread]: Wrote artifact WritableManifest to C:\Arjun_dbt_project\old_dbt_project\target\manifest.json
[0m15:13:50.883779 [debug] [MainThread]: Wrote artifact SemanticManifest to C:\Arjun_dbt_project\old_dbt_project\target\semantic_manifest.json
[0m15:13:50.919202 [debug] [MainThread]: Wrote artifact OsiDocument to C:\Arjun_dbt_project\old_dbt_project\target\osi_document.json
[0m15:13:50.954679 [debug] [MainThread]: Sending event: {'category': 'dbt', 'action': 'resource_counts', 'label': '1a955460-00f2-4550-a5d4-3db412eeefb2', 'context': [<snowplow_tracker.self_describing_json.SelfDescribingJson object at 0x000001A262EDF020>]}
[0m15:13:50.955150 [info ] [MainThread]: Found 16 models, 2 snapshots, 4 data tests, 7 sources, 547 macros
[0m15:13:50.955490 [debug] [MainThread]: Sending event: {'category': 'dbt', 'action': 'runnable_timing', 'label': '1a955460-00f2-4550-a5d4-3db412eeefb2', 'context': [<snowplow_tracker.self_describing_json.SelfDescribingJson object at 0x000001A262F4A0B0>]}
[0m15:13:50.957642 [info ] [MainThread]: 
[0m15:13:50.958294 [info ] [MainThread]: Concurrency: 4 threads (target='dev')
[0m15:13:50.958694 [info ] [MainThread]: 
[0m15:13:50.959190 [debug] [MainThread]: Acquiring new snowflake connection 'master'
[0m15:13:50.964488 [debug] [ThreadPool]: Acquiring new snowflake connection 'list_DSP_PROJ_MART'
[0m15:13:50.974208 [debug] [ThreadPool]: Acquiring new snowflake connection 'list_DBT_PRACTICE_SNAPSHOTS'
[0m15:13:50.980158 [debug] [ThreadPool]: Acquiring new snowflake connection 'list_DSP_PROJ_MARTS'
[0m15:13:50.982284 [debug] [ThreadPool]: Acquiring new snowflake connection 'list_DSP_PROJ_INTERMEDIATE'
[0m15:13:50.986362 [debug] [ThreadPool]: Using snowflake connection "list_DSP_PROJ_MART"
[0m15:13:50.986727 [debug] [ThreadPool]: Using snowflake connection "list_DBT_PRACTICE_SNAPSHOTS"
[0m15:13:50.986953 [debug] [ThreadPool]: On list_DSP_PROJ_MART: show objects in DSP_PROJ.MART
    limit 10000
    

/* {"app": "dbt", "dbt_version": "1.12.0", "profile_name": "my_dbt_project", "target_name": "dev", "connection_name": "list_DSP_PROJ_MART"} */;
[0m15:13:50.987213 [debug] [ThreadPool]: Using snowflake connection "list_DSP_PROJ_MARTS"
[0m15:13:50.987505 [debug] [ThreadPool]: Using snowflake connection "list_DSP_PROJ_INTERMEDIATE"
[0m15:13:50.987688 [debug] [ThreadPool]: On list_DBT_PRACTICE_SNAPSHOTS: show objects in DBT_PRACTICE.SNAPSHOTS
    limit 10000
    

/* {"app": "dbt", "dbt_version": "1.12.0", "profile_name": "my_dbt_project", "target_name": "dev", "connection_name": "list_DBT_PRACTICE_SNAPSHOTS"} */;
[0m15:13:50.987944 [debug] [ThreadPool]: Opening a new connection, currently in state init
[0m15:13:50.988156 [debug] [ThreadPool]: On list_DSP_PROJ_MARTS: show objects in DSP_PROJ.MARTS
    limit 10000
    

/* {"app": "dbt", "dbt_version": "1.12.0", "profile_name": "my_dbt_project", "target_name": "dev", "connection_name": "list_DSP_PROJ_MARTS"} */;
[0m15:13:50.988352 [debug] [ThreadPool]: On list_DSP_PROJ_INTERMEDIATE: show objects in DSP_PROJ.INTERMEDIATE
    limit 10000
    

/* {"app": "dbt", "dbt_version": "1.12.0", "profile_name": "my_dbt_project", "target_name": "dev", "connection_name": "list_DSP_PROJ_INTERMEDIATE"} */;
[0m15:13:50.988541 [debug] [ThreadPool]: Opening a new connection, currently in state init
[0m15:13:50.988805 [debug] [ThreadPool]: Opening a new connection, currently in state init
[0m15:13:50.989020 [debug] [ThreadPool]: Opening a new connection, currently in state init
[0m15:13:52.593556 [debug] [ThreadPool]: SQL status: SUCCESS 5 in 1.606 seconds
[0m15:13:52.598646 [debug] [ThreadPool]: Using snowflake connection "list_DSP_PROJ_MART"
[0m15:13:52.599018 [debug] [ThreadPool]: On list_DSP_PROJ_MART: show user functions in DSP_PROJ.MART
/* {"app": "dbt", "dbt_version": "1.12.0", "profile_name": "my_dbt_project", "target_name": "dev", "connection_name": "list_DSP_PROJ_MART"} */
[0m15:13:52.626186 [debug] [ThreadPool]: SQL status: SUCCESS 4 in 1.638 seconds
[0m15:13:52.628226 [debug] [ThreadPool]: Using snowflake connection "list_DBT_PRACTICE_SNAPSHOTS"
[0m15:13:52.628496 [debug] [ThreadPool]: On list_DBT_PRACTICE_SNAPSHOTS: show user functions in DBT_PRACTICE.SNAPSHOTS
/* {"app": "dbt", "dbt_version": "1.12.0", "profile_name": "my_dbt_project", "target_name": "dev", "connection_name": "list_DBT_PRACTICE_SNAPSHOTS"} */
[0m15:13:52.716519 [debug] [ThreadPool]: SQL status: SUCCESS 3 in 1.727 seconds
[0m15:13:52.719232 [debug] [ThreadPool]: Using snowflake connection "list_DSP_PROJ_INTERMEDIATE"
[0m15:13:52.719511 [debug] [ThreadPool]: On list_DSP_PROJ_INTERMEDIATE: show user functions in DSP_PROJ.INTERMEDIATE
/* {"app": "dbt", "dbt_version": "1.12.0", "profile_name": "my_dbt_project", "target_name": "dev", "connection_name": "list_DSP_PROJ_INTERMEDIATE"} */
[0m15:13:52.849127 [debug] [ThreadPool]: SQL status: SUCCESS 4 in 1.860 seconds
[0m15:13:52.850906 [debug] [ThreadPool]: Using snowflake connection "list_DSP_PROJ_MARTS"
[0m15:13:52.851147 [debug] [ThreadPool]: On list_DSP_PROJ_MARTS: show user functions in DSP_PROJ.MARTS
/* {"app": "dbt", "dbt_version": "1.12.0", "profile_name": "my_dbt_project", "target_name": "dev", "connection_name": "list_DSP_PROJ_MARTS"} */
[0m15:13:52.947060 [debug] [ThreadPool]: SQL status: SUCCESS 0 in 0.348 seconds
[0m15:13:52.948817 [debug] [ThreadPool]: Re-using an available connection from the pool (formerly list_DSP_PROJ_MART, now list_DSP_PROJ_STAGING)
[0m15:13:52.950388 [debug] [ThreadPool]: Using snowflake connection "list_DSP_PROJ_STAGING"
[0m15:13:52.950616 [debug] [ThreadPool]: On list_DSP_PROJ_STAGING: show objects in DSP_PROJ.STAGING
    limit 10000
    

/* {"app": "dbt", "dbt_version": "1.12.0", "profile_name": "my_dbt_project", "target_name": "dev", "connection_name": "list_DSP_PROJ_STAGING"} */;
[0m15:13:52.971279 [debug] [ThreadPool]: SQL status: SUCCESS 0 in 0.343 seconds
[0m15:13:52.973119 [debug] [ThreadPool]: Re-using an available connection from the pool (formerly list_DBT_PRACTICE_SNAPSHOTS, now list_DBT_PRACTICE_RAW)
[0m15:13:52.982398 [debug] [ThreadPool]: Using snowflake connection "list_DBT_PRACTICE_RAW"
[0m15:13:52.983482 [debug] [ThreadPool]: On list_DBT_PRACTICE_RAW: show objects in DBT_PRACTICE.RAW
    limit 10000
    

/* {"app": "dbt", "dbt_version": "1.12.0", "profile_name": "my_dbt_project", "target_name": "dev", "connection_name": "list_DBT_PRACTICE_RAW"} */;
[0m15:13:53.071635 [debug] [ThreadPool]: SQL status: SUCCESS 0 in 0.352 seconds
[0m15:13:53.085363 [debug] [ThreadPool]: SQL status: SUCCESS 0 in 0.234 seconds
[0m15:13:53.324908 [debug] [ThreadPool]: SQL status: SUCCESS 15 in 0.341 seconds
[0m15:13:53.328704 [debug] [ThreadPool]: Using snowflake connection "list_DBT_PRACTICE_RAW"
[0m15:13:53.329162 [debug] [ThreadPool]: On list_DBT_PRACTICE_RAW: show user functions in DBT_PRACTICE.RAW
/* {"app": "dbt", "dbt_version": "1.12.0", "profile_name": "my_dbt_project", "target_name": "dev", "connection_name": "list_DBT_PRACTICE_RAW"} */
[0m15:13:53.397102 [debug] [ThreadPool]: SQL status: SUCCESS 5 in 0.446 seconds
[0m15:13:53.399729 [debug] [ThreadPool]: Using snowflake connection "list_DSP_PROJ_STAGING"
[0m15:13:53.400137 [debug] [ThreadPool]: On list_DSP_PROJ_STAGING: show user functions in DSP_PROJ.STAGING
/* {"app": "dbt", "dbt_version": "1.12.0", "profile_name": "my_dbt_project", "target_name": "dev", "connection_name": "list_DSP_PROJ_STAGING"} */
[0m15:13:53.677275 [debug] [ThreadPool]: SQL status: SUCCESS 0 in 0.348 seconds
[0m15:13:53.748086 [debug] [ThreadPool]: SQL status: SUCCESS 0 in 0.347 seconds
[0m15:13:53.751146 [debug] [MainThread]: Sending event: {'category': 'dbt', 'action': 'runnable_timing', 'label': '1a955460-00f2-4550-a5d4-3db412eeefb2', 'context': [<snowplow_tracker.self_describing_json.SelfDescribingJson object at 0x000001A262EF7450>]}
[0m15:13:53.759208 [debug] [Thread-4 (]: Began running node test.my_new_project.not_null_stg_customers_customer_id.e2cfb1f9aa
[0m15:13:53.760424 [debug] [Thread-2 (]: Began running node test.my_new_project.not_null_stg_consumer_application_detail_consumer_application_number.bedd807512
[0m15:13:53.761212 [debug] [Thread-5 (]: Began running node test.my_new_project.unique_stg_customers_customer_id.c7614daada
[0m15:13:53.761788 [debug] [Thread-3 (]: Began running node test.my_new_project.not_null_stg_consumer_application_detail_created_date.6177596507
[0m15:13:53.762108 [info ] [Thread-4 (]: 3 of 4 START test not_null_stg_customers_customer_id ........................... [RUN]
[0m15:13:53.762419 [info ] [Thread-2 (]: 1 of 4 START test not_null_stg_consumer_application_detail_consumer_application_number  [RUN]
[0m15:13:53.762766 [info ] [Thread-5 (]: 4 of 4 START test unique_stg_customers_customer_id ............................. [RUN]
[0m15:13:53.763645 [debug] [Thread-4 (]: Acquiring new snowflake connection 'test.my_new_project.not_null_stg_customers_customer_id.e2cfb1f9aa'
[0m15:13:53.763100 [info ] [Thread-3 (]: 2 of 4 START test not_null_stg_consumer_application_detail_created_date ........ [RUN]
[0m15:13:53.764557 [debug] [Thread-2 (]: Acquiring new snowflake connection 'test.my_new_project.not_null_stg_consumer_application_detail_consumer_application_number.bedd807512'
[0m15:13:53.764903 [debug] [Thread-5 (]: Acquiring new snowflake connection 'test.my_new_project.unique_stg_customers_customer_id.c7614daada'
[0m15:13:53.765169 [debug] [Thread-4 (]: Began compiling node test.my_new_project.not_null_stg_customers_customer_id.e2cfb1f9aa
[0m15:13:53.765513 [debug] [Thread-3 (]: Acquiring new snowflake connection 'test.my_new_project.not_null_stg_consumer_application_detail_created_date.6177596507'
[0m15:13:53.765778 [debug] [Thread-2 (]: Began compiling node test.my_new_project.not_null_stg_consumer_application_detail_consumer_application_number.bedd807512
[0m15:13:53.766043 [debug] [Thread-5 (]: Began compiling node test.my_new_project.unique_stg_customers_customer_id.c7614daada
[0m15:13:53.779143 [debug] [Thread-4 (]: Writing injected SQL for node "test.my_new_project.not_null_stg_customers_customer_id.e2cfb1f9aa"
[0m15:13:53.779661 [debug] [Thread-3 (]: Began compiling node test.my_new_project.not_null_stg_consumer_application_detail_created_date.6177596507
[0m15:13:53.784525 [debug] [Thread-2 (]: Writing injected SQL for node "test.my_new_project.not_null_stg_consumer_application_detail_consumer_application_number.bedd807512"
[0m15:13:53.791205 [debug] [Thread-5 (]: Writing injected SQL for node "test.my_new_project.unique_stg_customers_customer_id.c7614daada"
[0m15:13:53.799060 [debug] [Thread-3 (]: Writing injected SQL for node "test.my_new_project.not_null_stg_consumer_application_detail_created_date.6177596507"
[0m15:13:53.802573 [debug] [Thread-4 (]: Began executing node test.my_new_project.not_null_stg_customers_customer_id.e2cfb1f9aa
[0m15:13:53.802965 [debug] [Thread-3 (]: Began executing node test.my_new_project.not_null_stg_consumer_application_detail_created_date.6177596507
[0m15:13:53.810180 [debug] [Thread-5 (]: Began executing node test.my_new_project.unique_stg_customers_customer_id.c7614daada
[0m15:13:53.810866 [debug] [Thread-2 (]: Began executing node test.my_new_project.not_null_stg_consumer_application_detail_consumer_application_number.bedd807512
[0m15:13:53.820494 [debug] [Thread-4 (]: Writing runtime sql for node "test.my_new_project.not_null_stg_customers_customer_id.e2cfb1f9aa"
[0m15:13:53.821873 [debug] [Thread-3 (]: Writing runtime sql for node "test.my_new_project.not_null_stg_consumer_application_detail_created_date.6177596507"
[0m15:13:53.823121 [debug] [Thread-5 (]: Writing runtime sql for node "test.my_new_project.unique_stg_customers_customer_id.c7614daada"
[0m15:13:53.824588 [debug] [Thread-2 (]: Writing runtime sql for node "test.my_new_project.not_null_stg_consumer_application_detail_consumer_application_number.bedd807512"
[0m15:13:53.830148 [debug] [Thread-4 (]: Using snowflake connection "test.my_new_project.not_null_stg_customers_customer_id.e2cfb1f9aa"
[0m15:13:53.830693 [debug] [Thread-3 (]: Using snowflake connection "test.my_new_project.not_null_stg_consumer_application_detail_created_date.6177596507"
[0m15:13:53.831161 [debug] [Thread-2 (]: Using snowflake connection "test.my_new_project.not_null_stg_consumer_application_detail_consumer_application_number.bedd807512"
[0m15:13:53.831595 [debug] [Thread-5 (]: Using snowflake connection "test.my_new_project.unique_stg_customers_customer_id.c7614daada"
[0m15:13:53.831872 [debug] [Thread-4 (]: On test.my_new_project.not_null_stg_customers_customer_id.e2cfb1f9aa: select
      count(*) as failures,
      count(*) != 0 as should_warn,
      count(*) != 0 as should_error
    from (
      
    
  
    
    



select customer_id
from DBT_PRACTICE.SNAPSHOTS.stg_customers
where customer_id is null



  
  
      
    ) dbt_internal_test
/* {"app": "dbt", "dbt_version": "1.12.0", "profile_name": "my_dbt_project", "target_name": "dev", "node_id": "test.my_new_project.not_null_stg_customers_customer_id.e2cfb1f9aa"} */
[0m15:13:53.832159 [debug] [Thread-3 (]: On test.my_new_project.not_null_stg_consumer_application_detail_created_date.6177596507: select
      count(*) as failures,
      count(*) != 0 as should_warn,
      count(*) != 0 as should_error
    from (
      
    
  
    
    



select created_date
from DSP_PROJ.STAGING.stg_consumer_application_detail
where created_date is null



  
  
      
    ) dbt_internal_test
/* {"app": "dbt", "dbt_version": "1.12.0", "profile_name": "my_dbt_project", "target_name": "dev", "node_id": "test.my_new_project.not_null_stg_consumer_application_detail_created_date.6177596507"} */
[0m15:13:53.832425 [debug] [Thread-2 (]: On test.my_new_project.not_null_stg_consumer_application_detail_consumer_application_number.bedd807512: select
      count(*) as failures,
      count(*) != 0 as should_warn,
      count(*) != 0 as should_error
    from (
      
    
  
    
    



select consumer_application_number
from DSP_PROJ.STAGING.stg_consumer_application_detail
where consumer_application_number is null



  
  
      
    ) dbt_internal_test
/* {"app": "dbt", "dbt_version": "1.12.0", "profile_name": "my_dbt_project", "target_name": "dev", "node_id": "test.my_new_project.not_null_stg_consumer_application_detail_consumer_application_number.bedd807512"} */
[0m15:13:53.832700 [debug] [Thread-5 (]: On test.my_new_project.unique_stg_customers_customer_id.c7614daada: select
      count(*) as failures,
      count(*) != 0 as should_warn,
      count(*) != 0 as should_error
    from (
      
    
  
    
    

select
    customer_id as unique_field,
    count(*) as n_records

from DBT_PRACTICE.SNAPSHOTS.stg_customers
where customer_id is not null
group by customer_id
having count(*) > 1



  
  
      
    ) dbt_internal_test
/* {"app": "dbt", "dbt_version": "1.12.0", "profile_name": "my_dbt_project", "target_name": "dev", "node_id": "test.my_new_project.unique_stg_customers_customer_id.c7614daada"} */
[0m15:13:53.832960 [debug] [Thread-4 (]: Opening a new connection, currently in state init
[0m15:13:53.833204 [debug] [Thread-3 (]: Opening a new connection, currently in state init
[0m15:13:53.833437 [debug] [Thread-2 (]: Opening a new connection, currently in state init
[0m15:13:53.833661 [debug] [Thread-5 (]: Opening a new connection, currently in state init
[0m15:13:55.008594 [debug] [Thread-5 (]: SQL status: SUCCESS 1 in 1.175 seconds
[0m15:13:55.020146 [debug] [Thread-4 (]: SQL status: SUCCESS 1 in 1.187 seconds
[0m15:13:55.019525 [info ] [Thread-5 (]: 4 of 4 PASS unique_stg_customers_customer_id ................................... [[32mPASS[0m in 1.25s]
[0m15:13:55.022298 [debug] [Thread-5 (]: Finished running node test.my_new_project.unique_stg_customers_customer_id.c7614daada
[0m15:13:55.021782 [info ] [Thread-4 (]: 3 of 4 PASS not_null_stg_customers_customer_id ................................. [[32mPASS[0m in 1.26s]
[0m15:13:55.022918 [debug] [Thread-4 (]: Finished running node test.my_new_project.not_null_stg_customers_customer_id.e2cfb1f9aa
[0m15:13:55.046294 [debug] [Thread-2 (]: SQL status: SUCCESS 1 in 1.213 seconds
[0m15:13:55.048543 [info ] [Thread-2 (]: 1 of 4 PASS not_null_stg_consumer_application_detail_consumer_application_number  [[32mPASS[0m in 1.28s]
[0m15:13:55.049973 [debug] [Thread-2 (]: Finished running node test.my_new_project.not_null_stg_consumer_application_detail_consumer_application_number.bedd807512
[0m15:13:55.163864 [debug] [Thread-3 (]: SQL status: SUCCESS 1 in 1.330 seconds
[0m15:13:55.166605 [info ] [Thread-3 (]: 2 of 4 PASS not_null_stg_consumer_application_detail_created_date .............. [[32mPASS[0m in 1.40s]
[0m15:13:55.167340 [debug] [Thread-3 (]: Finished running node test.my_new_project.not_null_stg_consumer_application_detail_created_date.6177596507
[0m15:13:55.168480 [debug] [MainThread]: Connection 'master' was properly closed.
[0m15:13:55.168704 [debug] [MainThread]: Connection 'list_DSP_PROJ_STAGING' was left open.
[0m15:13:55.168891 [debug] [MainThread]: On list_DSP_PROJ_STAGING: Close
[0m15:13:55.815941 [debug] [MainThread]: Connection 'list_DBT_PRACTICE_RAW' was left open.
[0m15:13:55.817376 [debug] [MainThread]: On list_DBT_PRACTICE_RAW: Close
[0m15:13:56.503452 [debug] [MainThread]: Connection 'list_DSP_PROJ_MARTS' was left open.
[0m15:13:56.503845 [debug] [MainThread]: On list_DSP_PROJ_MARTS: Close
[0m15:13:57.030252 [debug] [MainThread]: Connection 'list_DSP_PROJ_INTERMEDIATE' was left open.
[0m15:13:57.031537 [debug] [MainThread]: On list_DSP_PROJ_INTERMEDIATE: Close
[0m15:13:57.474662 [debug] [MainThread]: Connection 'test.my_new_project.not_null_stg_customers_customer_id.e2cfb1f9aa' was left open.
[0m15:13:57.475547 [debug] [MainThread]: On test.my_new_project.not_null_stg_customers_customer_id.e2cfb1f9aa: Close
[0m15:13:58.040777 [debug] [MainThread]: Connection 'test.my_new_project.not_null_stg_consumer_application_detail_consumer_application_number.bedd807512' was left open.
[0m15:13:58.042252 [debug] [MainThread]: On test.my_new_project.not_null_stg_consumer_application_detail_consumer_application_number.bedd807512: Close
[0m15:13:58.660758 [debug] [MainThread]: Connection 'test.my_new_project.unique_stg_customers_customer_id.c7614daada' was left open.
[0m15:13:58.661268 [debug] [MainThread]: On test.my_new_project.unique_stg_customers_customer_id.c7614daada: Close
[0m15:13:59.259900 [debug] [MainThread]: Connection 'test.my_new_project.not_null_stg_consumer_application_detail_created_date.6177596507' was left open.
[0m15:13:59.260240 [debug] [MainThread]: On test.my_new_project.not_null_stg_consumer_application_detail_created_date.6177596507: Close
[0m15:13:59.866666 [info ] [MainThread]: 
[0m15:13:59.867308 [info ] [MainThread]: Finished running 4 data tests in 0 hours 0 minutes and 8.91 seconds (8.91s).
[0m15:13:59.868697 [debug] [MainThread]: Command end result
[0m15:13:59.916142 [debug] [MainThread]: Wrote artifact WritableManifest to C:\Arjun_dbt_project\old_dbt_project\target\manifest.json
[0m15:13:59.923841 [debug] [MainThread]: Wrote artifact SemanticManifest to C:\Arjun_dbt_project\old_dbt_project\target\semantic_manifest.json
[0m15:13:59.931294 [debug] [MainThread]: Wrote artifact OsiDocument to C:\Arjun_dbt_project\old_dbt_project\target\osi_document.json
[0m15:13:59.941010 [debug] [MainThread]: Wrote artifact RunExecutionResult to C:\Arjun_dbt_project\old_dbt_project\target\run_results.json
[0m15:13:59.941507 [info ] [MainThread]: 
[0m15:13:59.942173 [info ] [MainThread]: [32mCompleted successfully[0m
[0m15:13:59.942632 [info ] [MainThread]: 
[0m15:13:59.943016 [info ] [MainThread]: Done. PASS=4 WARN=0 ERROR=0 SKIP=0 NO-OP=0 REUSED=0 TOTAL=4
[0m15:13:59.943917 [debug] [MainThread]: Command `dbt test` succeeded at 15:13:59.943804 after 11.48 seconds
[0m15:13:59.944218 [debug] [MainThread]: Sending event: {'category': 'dbt', 'action': 'invocation', 'label': 'end', 'context': [<snowplow_tracker.self_describing_json.SelfDescribingJson object at 0x000001A25F95FD10>, <snowplow_tracker.self_describing_json.SelfDescribingJson object at 0x000001A263056830>, <snowplow_tracker.self_describing_json.SelfDescribingJson object at 0x000001A263056570>]}
[0m15:13:59.944488 [debug] [MainThread]: Flushing usage events
[0m15:14:01.682387 [debug] [MainThread]: An error was encountered while trying to flush usage events
[0m15:16:05.443008 [debug] [MainThread]: Sending event: {'category': 'dbt', 'action': 'invocation', 'label': 'start', 'context': [<snowplow_tracker.self_describing_json.SelfDescribingJson object at 0x0000023822985160>, <snowplow_tracker.self_describing_json.SelfDescribingJson object at 0x000002381F791450>, <snowplow_tracker.self_describing_json.SelfDescribingJson object at 0x00000238250E3C50>]}


============================== 15:16:05.447192 | 0848d4b4-15fe-4e9f-bb63-7dc5f48550e8 ==============================
[0m15:16:05.447192 [info ] [MainThread]: Running with dbt=1.12.0
[0m15:16:05.447779 [debug] [MainThread]: running dbt with arguments {'version_check': 'True', 'no_print': 'None', 'maximum_seed_size_mib': '1', 'target_path': 'None', 'static_parser': 'True', 'warn_error_options': 'WarnErrorOptionsV2(error=[], warn=[], silence=[])', 'printer_width': '80', 'write_json': 'True', 'introspect': 'True', 'log_cache_events': 'False', 'empty': 'None', 'cache_selected_only': 'False', 'fail_fast': 'False', 'debug': 'False', 'log_format': 'default', 'partial_parse': 'True', 'send_anonymous_usage_stats': 'True', 'quiet': 'False', 'warn_error': 'None', 'profiles_dir': 'C:\\Users\\HP\\.dbt', 'indirect_selection': 'eager', 'hints_enabled': 'True', 'invocation_command': 'dbt test', 'use_experimental_parser': 'False', 'use_colors': 'True', 'log_path': 'C:\\Arjun_dbt_project\\old_dbt_project\\logs'}
[0m15:16:05.869733 [debug] [MainThread]: Snowflake adapter: Setting snowflake.connector to ERROR (file logging only)
[0m15:16:05.870207 [debug] [MainThread]: Snowflake adapter: Setting botocore to ERROR (file logging only)
[0m15:16:05.870448 [debug] [MainThread]: Snowflake adapter: Setting boto3 to ERROR (file logging only)
[0m15:16:06.122752 [debug] [MainThread]: Sending event: {'category': 'dbt', 'action': 'project_id', 'label': '0848d4b4-15fe-4e9f-bb63-7dc5f48550e8', 'context': [<snowplow_tracker.self_describing_json.SelfDescribingJson object at 0x000002382304DE00>]}
[0m15:16:06.174464 [debug] [MainThread]: Sending event: {'category': 'dbt', 'action': 'adapter_info', 'label': '0848d4b4-15fe-4e9f-bb63-7dc5f48550e8', 'context': [<snowplow_tracker.self_describing_json.SelfDescribingJson object at 0x0000023820EAEF10>]}
[0m15:16:06.176054 [info ] [MainThread]: Registered adapter: snowflake=1.12.0
[0m15:16:06.440653 [debug] [MainThread]: checksum: 34d064bbf3d7c01e29a022f69428015a75a45641a9d372ee507764c8a4f69675, vars: {}, profile: my_dbt_project, target: dev, version: 1.12.0
[0m15:16:06.602357 [debug] [MainThread]: Partial parsing enabled: 1 files deleted, 1 files added, 0 files changed.
[0m15:16:06.602833 [debug] [MainThread]: Partial parsing: added file: my_new_project://tests\check_negative_amount.sql
[0m15:16:06.603085 [debug] [MainThread]: Partial parsing: deleted file: my_new_project://models\tests\check_negative_amount.sql
[0m15:16:06.798981 [debug] [MainThread]: Sending event: {'category': 'dbt', 'action': 'load_project', 'label': '0848d4b4-15fe-4e9f-bb63-7dc5f48550e8', 'context': [<snowplow_tracker.self_describing_json.SelfDescribingJson object at 0x00000238270A4350>]}
[0m15:16:06.963945 [debug] [MainThread]: Wrote artifact WritableManifest to C:\Arjun_dbt_project\old_dbt_project\target\manifest.json
[0m15:16:06.968790 [debug] [MainThread]: Wrote artifact SemanticManifest to C:\Arjun_dbt_project\old_dbt_project\target\semantic_manifest.json
[0m15:16:06.996726 [debug] [MainThread]: Wrote artifact OsiDocument to C:\Arjun_dbt_project\old_dbt_project\target\osi_document.json
[0m15:16:07.033497 [debug] [MainThread]: Sending event: {'category': 'dbt', 'action': 'resource_counts', 'label': '0848d4b4-15fe-4e9f-bb63-7dc5f48550e8', 'context': [<snowplow_tracker.self_describing_json.SelfDescribingJson object at 0x00000238282837A0>]}
[0m15:16:07.033984 [info ] [MainThread]: Found 15 models, 2 snapshots, 5 data tests, 7 sources, 547 macros
[0m15:16:07.034489 [debug] [MainThread]: Sending event: {'category': 'dbt', 'action': 'runnable_timing', 'label': '0848d4b4-15fe-4e9f-bb63-7dc5f48550e8', 'context': [<snowplow_tracker.self_describing_json.SelfDescribingJson object at 0x0000023828345EF0>]}
[0m15:16:07.036997 [info ] [MainThread]: 
[0m15:16:07.037590 [info ] [MainThread]: Concurrency: 4 threads (target='dev')
[0m15:16:07.037935 [info ] [MainThread]: 
[0m15:16:07.038456 [debug] [MainThread]: Acquiring new snowflake connection 'master'
[0m15:16:07.044387 [debug] [ThreadPool]: Acquiring new snowflake connection 'list_DSP_PROJ_MARTS'
[0m15:16:07.058403 [debug] [ThreadPool]: Acquiring new snowflake connection 'list_DSP_PROJ_MART'
[0m15:16:07.061076 [debug] [ThreadPool]: Acquiring new snowflake connection 'list_DSP_PROJ_INTERMEDIATE'
[0m15:16:07.064624 [debug] [ThreadPool]: Acquiring new snowflake connection 'list_DSP_PROJ_STAGING'
[0m15:16:07.067908 [debug] [ThreadPool]: Using snowflake connection "list_DSP_PROJ_MARTS"
[0m15:16:07.068542 [debug] [ThreadPool]: Using snowflake connection "list_DSP_PROJ_INTERMEDIATE"
[0m15:16:07.068904 [debug] [ThreadPool]: Using snowflake connection "list_DSP_PROJ_MART"
[0m15:16:07.069197 [debug] [ThreadPool]: On list_DSP_PROJ_MARTS: show objects in DSP_PROJ.MARTS
    limit 10000
    

/* {"app": "dbt", "dbt_version": "1.12.0", "profile_name": "my_dbt_project", "target_name": "dev", "connection_name": "list_DSP_PROJ_MARTS"} */;
[0m15:16:07.069564 [debug] [ThreadPool]: Using snowflake connection "list_DSP_PROJ_STAGING"
[0m15:16:07.069859 [debug] [ThreadPool]: On list_DSP_PROJ_INTERMEDIATE: show objects in DSP_PROJ.INTERMEDIATE
    limit 10000
    

/* {"app": "dbt", "dbt_version": "1.12.0", "profile_name": "my_dbt_project", "target_name": "dev", "connection_name": "list_DSP_PROJ_INTERMEDIATE"} */;
[0m15:16:07.070132 [debug] [ThreadPool]: On list_DSP_PROJ_MART: show objects in DSP_PROJ.MART
    limit 10000
    

/* {"app": "dbt", "dbt_version": "1.12.0", "profile_name": "my_dbt_project", "target_name": "dev", "connection_name": "list_DSP_PROJ_MART"} */;
[0m15:16:07.070446 [debug] [ThreadPool]: Opening a new connection, currently in state init
[0m15:16:07.070779 [debug] [ThreadPool]: On list_DSP_PROJ_STAGING: show objects in DSP_PROJ.STAGING
    limit 10000
    

/* {"app": "dbt", "dbt_version": "1.12.0", "profile_name": "my_dbt_project", "target_name": "dev", "connection_name": "list_DSP_PROJ_STAGING"} */;
[0m15:16:07.071135 [debug] [ThreadPool]: Opening a new connection, currently in state init
[0m15:16:07.071536 [debug] [ThreadPool]: Opening a new connection, currently in state init
[0m15:16:07.072002 [debug] [ThreadPool]: Opening a new connection, currently in state init
[0m15:16:08.571902 [debug] [ThreadPool]: SQL status: SUCCESS 5 in 1.500 seconds
[0m15:16:08.578017 [debug] [ThreadPool]: Using snowflake connection "list_DSP_PROJ_STAGING"
[0m15:16:08.578467 [debug] [ThreadPool]: On list_DSP_PROJ_STAGING: show user functions in DSP_PROJ.STAGING
/* {"app": "dbt", "dbt_version": "1.12.0", "profile_name": "my_dbt_project", "target_name": "dev", "connection_name": "list_DSP_PROJ_STAGING"} */
[0m15:16:08.590600 [debug] [ThreadPool]: SQL status: SUCCESS 4 in 1.520 seconds
[0m15:16:08.592675 [debug] [ThreadPool]: Using snowflake connection "list_DSP_PROJ_MARTS"
[0m15:16:08.592990 [debug] [ThreadPool]: On list_DSP_PROJ_MARTS: show user functions in DSP_PROJ.MARTS
/* {"app": "dbt", "dbt_version": "1.12.0", "profile_name": "my_dbt_project", "target_name": "dev", "connection_name": "list_DSP_PROJ_MARTS"} */
[0m15:16:08.682956 [debug] [ThreadPool]: SQL status: SUCCESS 5 in 1.611 seconds
[0m15:16:08.683608 [debug] [ThreadPool]: SQL status: SUCCESS 3 in 1.612 seconds
[0m15:16:08.685393 [debug] [ThreadPool]: Using snowflake connection "list_DSP_PROJ_MART"
[0m15:16:08.687013 [debug] [ThreadPool]: Using snowflake connection "list_DSP_PROJ_INTERMEDIATE"
[0m15:16:08.687313 [debug] [ThreadPool]: On list_DSP_PROJ_MART: show user functions in DSP_PROJ.MART
/* {"app": "dbt", "dbt_version": "1.12.0", "profile_name": "my_dbt_project", "target_name": "dev", "connection_name": "list_DSP_PROJ_MART"} */
[0m15:16:08.687547 [debug] [ThreadPool]: On list_DSP_PROJ_INTERMEDIATE: show user functions in DSP_PROJ.INTERMEDIATE
/* {"app": "dbt", "dbt_version": "1.12.0", "profile_name": "my_dbt_project", "target_name": "dev", "connection_name": "list_DSP_PROJ_INTERMEDIATE"} */
[0m15:16:08.929561 [debug] [ThreadPool]: SQL status: SUCCESS 0 in 0.351 seconds
[0m15:16:08.930451 [debug] [ThreadPool]: SQL status: SUCCESS 0 in 0.337 seconds
[0m15:16:08.932075 [debug] [ThreadPool]: Re-using an available connection from the pool (formerly list_DSP_PROJ_STAGING, now list_DBT_PRACTICE_SNAPSHOTS)
[0m15:16:08.936448 [debug] [ThreadPool]: Using snowflake connection "list_DBT_PRACTICE_SNAPSHOTS"
[0m15:16:08.936742 [debug] [ThreadPool]: On list_DBT_PRACTICE_SNAPSHOTS: show objects in DBT_PRACTICE.SNAPSHOTS
    limit 10000
    

/* {"app": "dbt", "dbt_version": "1.12.0", "profile_name": "my_dbt_project", "target_name": "dev", "connection_name": "list_DBT_PRACTICE_SNAPSHOTS"} */;
[0m15:16:09.031195 [debug] [ThreadPool]: SQL status: SUCCESS 0 in 0.343 seconds
[0m15:16:09.061369 [debug] [ThreadPool]: SQL status: SUCCESS 0 in 0.373 seconds
[0m15:16:09.266751 [debug] [ThreadPool]: SQL status: SUCCESS 4 in 0.330 seconds
[0m15:16:09.268786 [debug] [ThreadPool]: Using snowflake connection "list_DBT_PRACTICE_SNAPSHOTS"
[0m15:16:09.269067 [debug] [ThreadPool]: On list_DBT_PRACTICE_SNAPSHOTS: show user functions in DBT_PRACTICE.SNAPSHOTS
/* {"app": "dbt", "dbt_version": "1.12.0", "profile_name": "my_dbt_project", "target_name": "dev", "connection_name": "list_DBT_PRACTICE_SNAPSHOTS"} */
[0m15:16:09.615707 [debug] [ThreadPool]: SQL status: SUCCESS 0 in 0.346 seconds
[0m15:16:09.618404 [debug] [MainThread]: Sending event: {'category': 'dbt', 'action': 'runnable_timing', 'label': '0848d4b4-15fe-4e9f-bb63-7dc5f48550e8', 'context': [<snowplow_tracker.self_describing_json.SelfDescribingJson object at 0x00000238282BB930>]}
[0m15:16:09.625193 [debug] [Thread-3 (]: Began running node test.my_new_project.not_null_stg_consumer_application_detail_consumer_application_number.bedd807512
[0m15:16:09.625610 [debug] [Thread-2 (]: Began running node test.my_new_project.check_negative_amount
[0m15:16:09.625891 [debug] [Thread-4 (]: Began running node test.my_new_project.not_null_stg_consumer_application_detail_created_date.6177596507
[0m15:16:09.626151 [debug] [Thread-5 (]: Began running node test.my_new_project.not_null_stg_customers_customer_id.e2cfb1f9aa
[0m15:16:09.626479 [info ] [Thread-3 (]: 2 of 5 START test not_null_stg_consumer_application_detail_consumer_application_number  [RUN]
[0m15:16:09.626923 [info ] [Thread-2 (]: 1 of 5 START test check_negative_amount ........................................ [RUN]
[0m15:16:09.628455 [debug] [Thread-3 (]: Acquiring new snowflake connection 'test.my_new_project.not_null_stg_consumer_application_detail_consumer_application_number.bedd807512'
[0m15:16:09.627374 [info ] [Thread-4 (]: 3 of 5 START test not_null_stg_consumer_application_detail_created_date ........ [RUN]
[0m15:16:09.629056 [debug] [Thread-2 (]: Acquiring new snowflake connection 'test.my_new_project.check_negative_amount'
[0m15:16:09.627800 [info ] [Thread-5 (]: 4 of 5 START test not_null_stg_customers_customer_id ........................... [RUN]
[0m15:16:09.629627 [debug] [Thread-3 (]: Began compiling node test.my_new_project.not_null_stg_consumer_application_detail_consumer_application_number.bedd807512
[0m15:16:09.630007 [debug] [Thread-4 (]: Acquiring new snowflake connection 'test.my_new_project.not_null_stg_consumer_application_detail_created_date.6177596507'
[0m15:16:09.630273 [debug] [Thread-2 (]: Began compiling node test.my_new_project.check_negative_amount
[0m15:16:09.630612 [debug] [Thread-5 (]: Acquiring new snowflake connection 'test.my_new_project.not_null_stg_customers_customer_id.e2cfb1f9aa'
[0m15:16:09.653388 [debug] [Thread-3 (]: Writing injected SQL for node "test.my_new_project.not_null_stg_consumer_application_detail_consumer_application_number.bedd807512"
[0m15:16:09.653926 [debug] [Thread-4 (]: Began compiling node test.my_new_project.not_null_stg_consumer_application_detail_created_date.6177596507
[0m15:16:09.655402 [debug] [Thread-2 (]: Writing injected SQL for node "test.my_new_project.check_negative_amount"
[0m15:16:09.655780 [debug] [Thread-5 (]: Began compiling node test.my_new_project.not_null_stg_customers_customer_id.e2cfb1f9aa
[0m15:16:09.661863 [debug] [Thread-4 (]: Writing injected SQL for node "test.my_new_project.not_null_stg_consumer_application_detail_created_date.6177596507"
[0m15:16:09.670852 [debug] [Thread-5 (]: Writing injected SQL for node "test.my_new_project.not_null_stg_customers_customer_id.e2cfb1f9aa"
[0m15:16:09.673585 [debug] [Thread-3 (]: Began executing node test.my_new_project.not_null_stg_consumer_application_detail_consumer_application_number.bedd807512
[0m15:16:09.690658 [debug] [Thread-3 (]: Writing runtime sql for node "test.my_new_project.not_null_stg_consumer_application_detail_consumer_application_number.bedd807512"
[0m15:16:09.691117 [debug] [Thread-5 (]: Began executing node test.my_new_project.not_null_stg_customers_customer_id.e2cfb1f9aa
[0m15:16:09.691509 [debug] [Thread-4 (]: Began executing node test.my_new_project.not_null_stg_consumer_application_detail_created_date.6177596507
[0m15:16:09.692033 [debug] [Thread-2 (]: Began executing node test.my_new_project.check_negative_amount
[0m15:16:09.694631 [debug] [Thread-5 (]: Writing runtime sql for node "test.my_new_project.not_null_stg_customers_customer_id.e2cfb1f9aa"
[0m15:16:09.697187 [debug] [Thread-4 (]: Writing runtime sql for node "test.my_new_project.not_null_stg_consumer_application_detail_created_date.6177596507"
[0m15:16:09.699439 [debug] [Thread-2 (]: Writing runtime sql for node "test.my_new_project.check_negative_amount"
[0m15:16:09.700338 [debug] [Thread-3 (]: Using snowflake connection "test.my_new_project.not_null_stg_consumer_application_detail_consumer_application_number.bedd807512"
[0m15:16:09.700848 [debug] [Thread-3 (]: On test.my_new_project.not_null_stg_consumer_application_detail_consumer_application_number.bedd807512: select
      count(*) as failures,
      count(*) != 0 as should_warn,
      count(*) != 0 as should_error
    from (
      
    
  
    
    



select consumer_application_number
from DSP_PROJ.STAGING.stg_consumer_application_detail
where consumer_application_number is null



  
  
      
    ) dbt_internal_test
/* {"app": "dbt", "dbt_version": "1.12.0", "profile_name": "my_dbt_project", "target_name": "dev", "node_id": "test.my_new_project.not_null_stg_consumer_application_detail_consumer_application_number.bedd807512"} */
[0m15:16:09.701264 [debug] [Thread-3 (]: Opening a new connection, currently in state init
[0m15:16:09.704383 [debug] [Thread-5 (]: Using snowflake connection "test.my_new_project.not_null_stg_customers_customer_id.e2cfb1f9aa"
[0m15:16:09.705099 [debug] [Thread-4 (]: Using snowflake connection "test.my_new_project.not_null_stg_consumer_application_detail_created_date.6177596507"
[0m15:16:09.705500 [debug] [Thread-5 (]: On test.my_new_project.not_null_stg_customers_customer_id.e2cfb1f9aa: select
      count(*) as failures,
      count(*) != 0 as should_warn,
      count(*) != 0 as should_error
    from (
      
    
  
    
    



select customer_id
from DBT_PRACTICE.SNAPSHOTS.stg_customers
where customer_id is null



  
  
      
    ) dbt_internal_test
/* {"app": "dbt", "dbt_version": "1.12.0", "profile_name": "my_dbt_project", "target_name": "dev", "node_id": "test.my_new_project.not_null_stg_customers_customer_id.e2cfb1f9aa"} */
[0m15:16:09.705925 [debug] [Thread-2 (]: Using snowflake connection "test.my_new_project.check_negative_amount"
[0m15:16:09.706302 [debug] [Thread-4 (]: On test.my_new_project.not_null_stg_consumer_application_detail_created_date.6177596507: select
      count(*) as failures,
      count(*) != 0 as should_warn,
      count(*) != 0 as should_error
    from (
      
    
  
    
    



select created_date
from DSP_PROJ.STAGING.stg_consumer_application_detail
where created_date is null



  
  
      
    ) dbt_internal_test
/* {"app": "dbt", "dbt_version": "1.12.0", "profile_name": "my_dbt_project", "target_name": "dev", "node_id": "test.my_new_project.not_null_stg_consumer_application_detail_created_date.6177596507"} */
[0m15:16:09.706628 [debug] [Thread-5 (]: Opening a new connection, currently in state init
[0m15:16:09.706940 [debug] [Thread-2 (]: On test.my_new_project.check_negative_amount: select
      count(*) as failures,
      count(*) != 0 as should_warn,
      count(*) != 0 as should_error
    from (
      
    
  select * from 
DSP_PROJ.STAGING.stg_erp_budget_workflow_amount
where  total_balance_super_amount < 0
  
  
      
    ) dbt_internal_test
/* {"app": "dbt", "dbt_version": "1.12.0", "profile_name": "my_dbt_project", "target_name": "dev", "node_id": "test.my_new_project.check_negative_amount"} */
[0m15:16:09.707282 [debug] [Thread-4 (]: Opening a new connection, currently in state init
[0m15:16:09.707768 [debug] [Thread-2 (]: Opening a new connection, currently in state init
[0m15:16:10.960673 [debug] [Thread-4 (]: SQL status: SUCCESS 1 in 1.253 seconds
[0m15:16:10.971300 [info ] [Thread-4 (]: 3 of 5 PASS not_null_stg_consumer_application_detail_created_date .............. [[32mPASS[0m in 1.34s]
[0m15:16:10.972496 [debug] [Thread-4 (]: Finished running node test.my_new_project.not_null_stg_consumer_application_detail_created_date.6177596507
[0m15:16:10.972926 [debug] [Thread-4 (]: Began running node test.my_new_project.unique_stg_customers_customer_id.c7614daada
[0m15:16:10.973294 [info ] [Thread-4 (]: 5 of 5 START test unique_stg_customers_customer_id ............................. [RUN]
[0m15:16:10.973990 [debug] [Thread-4 (]: Re-using an available connection from the pool (formerly test.my_new_project.not_null_stg_consumer_application_detail_created_date.6177596507, now test.my_new_project.unique_stg_customers_customer_id.c7614daada)
[0m15:16:10.974580 [debug] [Thread-4 (]: Began compiling node test.my_new_project.unique_stg_customers_customer_id.c7614daada
[0m15:16:10.981484 [debug] [Thread-4 (]: Writing injected SQL for node "test.my_new_project.unique_stg_customers_customer_id.c7614daada"
[0m15:16:10.982519 [debug] [Thread-5 (]: SQL status: SUCCESS 1 in 1.276 seconds
[0m15:16:10.983996 [info ] [Thread-5 (]: 4 of 5 PASS not_null_stg_customers_customer_id ................................. [[32mPASS[0m in 1.35s]
[0m15:16:10.984656 [debug] [Thread-5 (]: Finished running node test.my_new_project.not_null_stg_customers_customer_id.e2cfb1f9aa
[0m15:16:10.986924 [debug] [Thread-4 (]: Began executing node test.my_new_project.unique_stg_customers_customer_id.c7614daada
[0m15:16:10.988379 [debug] [Thread-4 (]: Writing runtime sql for node "test.my_new_project.unique_stg_customers_customer_id.c7614daada"
[0m15:16:10.994066 [debug] [Thread-4 (]: Using snowflake connection "test.my_new_project.unique_stg_customers_customer_id.c7614daada"
[0m15:16:10.994673 [debug] [Thread-4 (]: On test.my_new_project.unique_stg_customers_customer_id.c7614daada: select
      count(*) as failures,
      count(*) != 0 as should_warn,
      count(*) != 0 as should_error
    from (
      
    
  
    
    

select
    customer_id as unique_field,
    count(*) as n_records

from DBT_PRACTICE.SNAPSHOTS.stg_customers
where customer_id is not null
group by customer_id
having count(*) > 1



  
  
      
    ) dbt_internal_test
/* {"app": "dbt", "dbt_version": "1.12.0", "profile_name": "my_dbt_project", "target_name": "dev", "node_id": "test.my_new_project.unique_stg_customers_customer_id.c7614daada"} */
[0m15:16:11.027823 [debug] [Thread-3 (]: SQL status: SUCCESS 1 in 1.327 seconds
[0m15:16:11.029575 [info ] [Thread-3 (]: 2 of 5 PASS not_null_stg_consumer_application_detail_consumer_application_number  [[32mPASS[0m in 1.40s]
[0m15:16:11.030397 [debug] [Thread-3 (]: Finished running node test.my_new_project.not_null_stg_consumer_application_detail_consumer_application_number.bedd807512
[0m15:16:11.041641 [debug] [Thread-2 (]: Snowflake adapter: Snowflake query id: 01c6566a-0204-6457-0004-f1ee001507ae
[0m15:16:11.042010 [debug] [Thread-2 (]: Snowflake adapter: Snowflake error: 000904 (42000): SQL compilation error: error line 10 at position 7
invalid identifier 'TOTAL_BALANCE_SUPER_AMOUNT'
[0m15:16:11.053333 [debug] [Thread-2 (]: Database Error in test check_negative_amount (tests\check_negative_amount.sql)
  000904 (42000): SQL compilation error: error line 10 at position 7
  invalid identifier 'TOTAL_BALANCE_SUPER_AMOUNT'
  compiled code at target\run\my_new_project\tests\check_negative_amount.sql
[0m15:16:11.053882 [error] [Thread-2 (]: 1 of 5 ERROR check_negative_amount ............................................. [[31mERROR[0m in 1.42s]
[0m15:16:11.054614 [debug] [Thread-2 (]: Finished running node test.my_new_project.check_negative_amount
[0m15:16:11.055018 [debug] [Thread-8 (]: Marking all children of 'test.my_new_project.check_negative_amount' to be skipped because of status 'error'.  Reason: Database Error in test check_negative_amount (tests\check_negative_amount.sql)
  000904 (42000): SQL compilation error: error line 10 at position 7
  invalid identifier 'TOTAL_BALANCE_SUPER_AMOUNT'
  compiled code at target\run\my_new_project\tests\check_negative_amount.sql.
[0m15:16:11.319230 [debug] [Thread-4 (]: SQL status: SUCCESS 1 in 0.324 seconds
[0m15:16:11.321514 [info ] [Thread-4 (]: 5 of 5 PASS unique_stg_customers_customer_id ................................... [[32mPASS[0m in 0.35s]
[0m15:16:11.322402 [debug] [Thread-4 (]: Finished running node test.my_new_project.unique_stg_customers_customer_id.c7614daada
[0m15:16:11.323778 [debug] [MainThread]: Connection 'master' was properly closed.
[0m15:16:11.324148 [debug] [MainThread]: Connection 'list_DSP_PROJ_MARTS' was left open.
[0m15:16:11.324380 [debug] [MainThread]: On list_DSP_PROJ_MARTS: Close
[0m15:16:11.876955 [debug] [MainThread]: Connection 'list_DSP_PROJ_MART' was left open.
[0m15:16:11.877513 [debug] [MainThread]: On list_DSP_PROJ_MART: Close
[0m15:16:12.526202 [debug] [MainThread]: Connection 'list_DSP_PROJ_INTERMEDIATE' was left open.
[0m15:16:12.526708 [debug] [MainThread]: On list_DSP_PROJ_INTERMEDIATE: Close
[0m15:16:13.204311 [debug] [MainThread]: Connection 'list_DBT_PRACTICE_SNAPSHOTS' was left open.
[0m15:16:13.204738 [debug] [MainThread]: On list_DBT_PRACTICE_SNAPSHOTS: Close
[0m15:16:13.794270 [debug] [MainThread]: Connection 'test.my_new_project.not_null_stg_consumer_application_detail_consumer_application_number.bedd807512' was left open.
[0m15:16:13.794788 [debug] [MainThread]: On test.my_new_project.not_null_stg_consumer_application_detail_consumer_application_number.bedd807512: Close
[0m15:16:14.306916 [debug] [MainThread]: Connection 'test.my_new_project.check_negative_amount' was left open.
[0m15:16:14.307415 [debug] [MainThread]: On test.my_new_project.check_negative_amount: Close
[0m15:16:14.866236 [debug] [MainThread]: Connection 'test.my_new_project.unique_stg_customers_customer_id.c7614daada' was left open.
[0m15:16:14.866797 [debug] [MainThread]: On test.my_new_project.unique_stg_customers_customer_id.c7614daada: Close
[0m15:16:15.491769 [debug] [MainThread]: Connection 'test.my_new_project.not_null_stg_customers_customer_id.e2cfb1f9aa' was left open.
[0m15:16:15.492231 [debug] [MainThread]: On test.my_new_project.not_null_stg_customers_customer_id.e2cfb1f9aa: Close
[0m15:16:16.043886 [info ] [MainThread]: 
[0m15:16:16.044469 [info ] [MainThread]: Finished running 5 data tests in 0 hours 0 minutes and 9.01 seconds (9.01s).
[0m15:16:16.045892 [debug] [MainThread]: Command end result
[0m15:16:16.095614 [debug] [MainThread]: Wrote artifact WritableManifest to C:\Arjun_dbt_project\old_dbt_project\target\manifest.json
[0m15:16:16.100911 [debug] [MainThread]: Wrote artifact SemanticManifest to C:\Arjun_dbt_project\old_dbt_project\target\semantic_manifest.json
[0m15:16:16.105749 [debug] [MainThread]: Wrote artifact OsiDocument to C:\Arjun_dbt_project\old_dbt_project\target\osi_document.json
[0m15:16:16.118208 [debug] [MainThread]: Wrote artifact RunExecutionResult to C:\Arjun_dbt_project\old_dbt_project\target\run_results.json
[0m15:16:16.118666 [info ] [MainThread]: 
[0m15:16:16.119165 [info ] [MainThread]: [31mCompleted with 1 error, 0 partial successes, and 0 warnings:[0m
[0m15:16:16.119562 [info ] [MainThread]: 
[0m15:16:16.119952 [error] [MainThread]: [[31mERROR[0m]: in test check_negative_amount (tests\check_negative_amount.sql)
[0m15:16:16.120328 [error] [MainThread]:   Database Error in test check_negative_amount (tests\check_negative_amount.sql)
  000904 (42000): SQL compilation error: error line 10 at position 7
  invalid identifier 'TOTAL_BALANCE_SUPER_AMOUNT'
  compiled code at target\run\my_new_project\tests\check_negative_amount.sql
[0m15:16:16.120681 [info ] [MainThread]: 
[0m15:16:16.121106 [info ] [MainThread]:   compiled code at target\compiled\my_new_project\tests\check_negative_amount.sql
[0m15:16:16.121395 [info ] [MainThread]: 
[0m15:16:16.121739 [info ] [MainThread]: Done. PASS=4 WARN=0 ERROR=1 SKIP=0 NO-OP=0 REUSED=0 TOTAL=5
[0m15:16:16.122653 [debug] [MainThread]: Command `dbt test` failed at 15:16:16.122550 after 10.82 seconds
[0m15:16:16.122994 [debug] [MainThread]: Sending event: {'category': 'dbt', 'action': 'invocation', 'label': 'end', 'context': [<snowplow_tracker.self_describing_json.SelfDescribingJson object at 0x0000023824D8FD10>, <snowplow_tracker.self_describing_json.SelfDescribingJson object at 0x000002382859F490>, <snowplow_tracker.self_describing_json.SelfDescribingJson object at 0x000002382859FC20>]}
[0m15:16:16.123371 [debug] [MainThread]: Flushing usage events
[0m15:16:17.723378 [debug] [MainThread]: An error was encountered while trying to flush usage events
[0m15:17:12.638661 [debug] [MainThread]: Sending event: {'category': 'dbt', 'action': 'invocation', 'label': 'start', 'context': [<snowplow_tracker.self_describing_json.SelfDescribingJson object at 0x0000021709395160>, <snowplow_tracker.self_describing_json.SelfDescribingJson object at 0x00000217061D1450>, <snowplow_tracker.self_describing_json.SelfDescribingJson object at 0x000002170BB03C50>]}


============================== 15:17:12.642477 | 921d25ea-9ea2-4149-b066-f28f43bb96b3 ==============================
[0m15:17:12.642477 [info ] [MainThread]: Running with dbt=1.12.0
[0m15:17:12.643214 [debug] [MainThread]: running dbt with arguments {'maximum_seed_size_mib': '1', 'no_print': 'None', 'version_check': 'True', 'target_path': 'None', 'warn_error_options': 'WarnErrorOptionsV2(error=[], warn=[], silence=[])', 'static_parser': 'True', 'printer_width': '80', 'write_json': 'True', 'introspect': 'True', 'log_cache_events': 'False', 'empty': 'None', 'cache_selected_only': 'False', 'log_format': 'default', 'debug': 'False', 'fail_fast': 'False', 'profiles_dir': 'C:\\Users\\HP\\.dbt', 'send_anonymous_usage_stats': 'True', 'quiet': 'False', 'warn_error': 'None', 'partial_parse': 'True', 'invocation_command': 'dbt test', 'hints_enabled': 'True', 'indirect_selection': 'eager', 'use_experimental_parser': 'False', 'use_colors': 'True', 'log_path': 'C:\\Arjun_dbt_project\\old_dbt_project\\logs'}
[0m15:17:13.168171 [debug] [MainThread]: Snowflake adapter: Setting snowflake.connector to ERROR (file logging only)
[0m15:17:13.168624 [debug] [MainThread]: Snowflake adapter: Setting botocore to ERROR (file logging only)
[0m15:17:13.168939 [debug] [MainThread]: Snowflake adapter: Setting boto3 to ERROR (file logging only)
[0m15:17:13.421332 [debug] [MainThread]: Sending event: {'category': 'dbt', 'action': 'project_id', 'label': '921d25ea-9ea2-4149-b066-f28f43bb96b3', 'context': [<snowplow_tracker.self_describing_json.SelfDescribingJson object at 0x0000021709A6DE00>]}
[0m15:17:13.471414 [debug] [MainThread]: Sending event: {'category': 'dbt', 'action': 'adapter_info', 'label': '921d25ea-9ea2-4149-b066-f28f43bb96b3', 'context': [<snowplow_tracker.self_describing_json.SelfDescribingJson object at 0x00000217078BEF10>]}
[0m15:17:13.472783 [info ] [MainThread]: Registered adapter: snowflake=1.12.0
[0m15:17:13.782826 [debug] [MainThread]: checksum: 34d064bbf3d7c01e29a022f69428015a75a45641a9d372ee507764c8a4f69675, vars: {}, profile: my_dbt_project, target: dev, version: 1.12.0
[0m15:17:13.945477 [debug] [MainThread]: Partial parsing enabled: 0 files deleted, 0 files added, 1 files changed.
[0m15:17:13.946385 [debug] [MainThread]: Partial parsing: updated file: my_new_project://tests\check_negative_amount.sql
[0m15:17:14.126649 [debug] [MainThread]: Sending event: {'category': 'dbt', 'action': 'load_project', 'label': '921d25ea-9ea2-4149-b066-f28f43bb96b3', 'context': [<snowplow_tracker.self_describing_json.SelfDescribingJson object at 0x000002170DA14350>]}
[0m15:17:14.250274 [debug] [MainThread]: Wrote artifact WritableManifest to C:\Arjun_dbt_project\old_dbt_project\target\manifest.json
[0m15:17:14.255078 [debug] [MainThread]: Wrote artifact SemanticManifest to C:\Arjun_dbt_project\old_dbt_project\target\semantic_manifest.json
[0m15:17:14.275998 [debug] [MainThread]: Wrote artifact OsiDocument to C:\Arjun_dbt_project\old_dbt_project\target\osi_document.json
[0m15:17:14.307212 [debug] [MainThread]: Sending event: {'category': 'dbt', 'action': 'resource_counts', 'label': '921d25ea-9ea2-4149-b066-f28f43bb96b3', 'context': [<snowplow_tracker.self_describing_json.SelfDescribingJson object at 0x000002170EBF77A0>]}
[0m15:17:14.307677 [info ] [MainThread]: Found 15 models, 2 snapshots, 5 data tests, 7 sources, 547 macros
[0m15:17:14.308105 [debug] [MainThread]: Sending event: {'category': 'dbt', 'action': 'runnable_timing', 'label': '921d25ea-9ea2-4149-b066-f28f43bb96b3', 'context': [<snowplow_tracker.self_describing_json.SelfDescribingJson object at 0x000002170ECC9EF0>]}
[0m15:17:14.309904 [info ] [MainThread]: 
[0m15:17:14.310304 [info ] [MainThread]: Concurrency: 4 threads (target='dev')
[0m15:17:14.310635 [info ] [MainThread]: 
[0m15:17:14.311128 [debug] [MainThread]: Acquiring new snowflake connection 'master'
[0m15:17:14.316115 [debug] [ThreadPool]: Acquiring new snowflake connection 'list_DBT_PRACTICE_SNAPSHOTS'
[0m15:17:14.317575 [debug] [ThreadPool]: Acquiring new snowflake connection 'list_DSP_PROJ_MART'
[0m15:17:14.335959 [debug] [ThreadPool]: Acquiring new snowflake connection 'list_DSP_PROJ_INTERMEDIATE'
[0m15:17:14.338119 [debug] [ThreadPool]: Acquiring new snowflake connection 'list_DSP_PROJ_STAGING'
[0m15:17:14.340477 [debug] [ThreadPool]: Using snowflake connection "list_DBT_PRACTICE_SNAPSHOTS"
[0m15:17:14.340811 [debug] [ThreadPool]: On list_DBT_PRACTICE_SNAPSHOTS: show objects in DBT_PRACTICE.SNAPSHOTS
    limit 10000
    

/* {"app": "dbt", "dbt_version": "1.12.0", "profile_name": "my_dbt_project", "target_name": "dev", "connection_name": "list_DBT_PRACTICE_SNAPSHOTS"} */;
[0m15:17:14.341059 [debug] [ThreadPool]: Opening a new connection, currently in state init
[0m15:17:14.341527 [debug] [ThreadPool]: Using snowflake connection "list_DSP_PROJ_MART"
[0m15:17:14.341884 [debug] [ThreadPool]: Using snowflake connection "list_DSP_PROJ_INTERMEDIATE"
[0m15:17:14.342236 [debug] [ThreadPool]: On list_DSP_PROJ_MART: show objects in DSP_PROJ.MART
    limit 10000
    

/* {"app": "dbt", "dbt_version": "1.12.0", "profile_name": "my_dbt_project", "target_name": "dev", "connection_name": "list_DSP_PROJ_MART"} */;
[0m15:17:14.342617 [debug] [ThreadPool]: Using snowflake connection "list_DSP_PROJ_STAGING"
[0m15:17:14.342935 [debug] [ThreadPool]: On list_DSP_PROJ_INTERMEDIATE: show objects in DSP_PROJ.INTERMEDIATE
    limit 10000
    

/* {"app": "dbt", "dbt_version": "1.12.0", "profile_name": "my_dbt_project", "target_name": "dev", "connection_name": "list_DSP_PROJ_INTERMEDIATE"} */;
[0m15:17:14.343300 [debug] [ThreadPool]: Opening a new connection, currently in state init
[0m15:17:14.344520 [debug] [ThreadPool]: On list_DSP_PROJ_STAGING: show objects in DSP_PROJ.STAGING
    limit 10000
    

/* {"app": "dbt", "dbt_version": "1.12.0", "profile_name": "my_dbt_project", "target_name": "dev", "connection_name": "list_DSP_PROJ_STAGING"} */;
[0m15:17:14.344809 [debug] [ThreadPool]: Opening a new connection, currently in state init
[0m15:17:14.345153 [debug] [ThreadPool]: Opening a new connection, currently in state init
[0m15:17:15.925703 [debug] [ThreadPool]: SQL status: SUCCESS 5 in 1.580 seconds
[0m15:17:15.933121 [debug] [ThreadPool]: Using snowflake connection "list_DSP_PROJ_STAGING"
[0m15:17:15.933636 [debug] [ThreadPool]: On list_DSP_PROJ_STAGING: show user functions in DSP_PROJ.STAGING
/* {"app": "dbt", "dbt_version": "1.12.0", "profile_name": "my_dbt_project", "target_name": "dev", "connection_name": "list_DSP_PROJ_STAGING"} */
[0m15:17:15.934688 [debug] [ThreadPool]: SQL status: SUCCESS 4 in 1.594 seconds
[0m15:17:15.937111 [debug] [ThreadPool]: Using snowflake connection "list_DBT_PRACTICE_SNAPSHOTS"
[0m15:17:15.937503 [debug] [ThreadPool]: On list_DBT_PRACTICE_SNAPSHOTS: show user functions in DBT_PRACTICE.SNAPSHOTS
/* {"app": "dbt", "dbt_version": "1.12.0", "profile_name": "my_dbt_project", "target_name": "dev", "connection_name": "list_DBT_PRACTICE_SNAPSHOTS"} */
[0m15:17:16.274241 [debug] [ThreadPool]: SQL status: SUCCESS 0 in 0.340 seconds
[0m15:17:16.276260 [debug] [ThreadPool]: Re-using an available connection from the pool (formerly list_DSP_PROJ_STAGING, now list_DSP_PROJ_MARTS)
[0m15:17:16.279087 [debug] [ThreadPool]: Using snowflake connection "list_DSP_PROJ_MARTS"
[0m15:17:16.279562 [debug] [ThreadPool]: On list_DSP_PROJ_MARTS: show objects in DSP_PROJ.MARTS
    limit 10000
    

/* {"app": "dbt", "dbt_version": "1.12.0", "profile_name": "my_dbt_project", "target_name": "dev", "connection_name": "list_DSP_PROJ_MARTS"} */;
[0m15:17:16.378210 [debug] [ThreadPool]: SQL status: SUCCESS 3 in 2.033 seconds
[0m15:17:16.381024 [debug] [ThreadPool]: Using snowflake connection "list_DSP_PROJ_INTERMEDIATE"
[0m15:17:16.381460 [debug] [ThreadPool]: On list_DSP_PROJ_INTERMEDIATE: show user functions in DSP_PROJ.INTERMEDIATE
/* {"app": "dbt", "dbt_version": "1.12.0", "profile_name": "my_dbt_project", "target_name": "dev", "connection_name": "list_DSP_PROJ_INTERMEDIATE"} */
[0m15:17:16.387167 [debug] [ThreadPool]: SQL status: SUCCESS 0 in 0.449 seconds
[0m15:17:16.603904 [debug] [ThreadPool]: SQL status: SUCCESS 5 in 2.261 seconds
[0m15:17:16.606125 [debug] [ThreadPool]: Using snowflake connection "list_DSP_PROJ_MART"
[0m15:17:16.606442 [debug] [ThreadPool]: On list_DSP_PROJ_MART: show user functions in DSP_PROJ.MART
/* {"app": "dbt", "dbt_version": "1.12.0", "profile_name": "my_dbt_project", "target_name": "dev", "connection_name": "list_DSP_PROJ_MART"} */
[0m15:17:16.613046 [debug] [ThreadPool]: SQL status: SUCCESS 0 in 0.231 seconds
[0m15:17:16.621348 [debug] [ThreadPool]: SQL status: SUCCESS 4 in 0.341 seconds
[0m15:17:16.624048 [debug] [ThreadPool]: Using snowflake connection "list_DSP_PROJ_MARTS"
[0m15:17:16.624500 [debug] [ThreadPool]: On list_DSP_PROJ_MARTS: show user functions in DSP_PROJ.MARTS
/* {"app": "dbt", "dbt_version": "1.12.0", "profile_name": "my_dbt_project", "target_name": "dev", "connection_name": "list_DSP_PROJ_MARTS"} */
[0m15:17:16.955379 [debug] [ThreadPool]: SQL status: SUCCESS 0 in 0.349 seconds
[0m15:17:16.969784 [debug] [ThreadPool]: SQL status: SUCCESS 0 in 0.345 seconds
[0m15:17:16.973200 [debug] [MainThread]: Sending event: {'category': 'dbt', 'action': 'runnable_timing', 'label': '921d25ea-9ea2-4149-b066-f28f43bb96b3', 'context': [<snowplow_tracker.self_describing_json.SelfDescribingJson object at 0x000002170EC3B860>]}
[0m15:17:16.979493 [debug] [Thread-4 (]: Began running node test.my_new_project.not_null_stg_consumer_application_detail_created_date.6177596507
[0m15:17:16.980129 [debug] [Thread-3 (]: Began running node test.my_new_project.not_null_stg_consumer_application_detail_consumer_application_number.bedd807512
[0m15:17:16.980542 [debug] [Thread-5 (]: Began running node test.my_new_project.not_null_stg_customers_customer_id.e2cfb1f9aa
[0m15:17:16.980797 [debug] [Thread-2 (]: Began running node test.my_new_project.check_negative_amount
[0m15:17:16.981041 [info ] [Thread-4 (]: 3 of 5 START test not_null_stg_consumer_application_detail_created_date ........ [RUN]
[0m15:17:16.981404 [info ] [Thread-3 (]: 2 of 5 START test not_null_stg_consumer_application_detail_consumer_application_number  [RUN]
[0m15:17:16.981805 [info ] [Thread-5 (]: 4 of 5 START test not_null_stg_customers_customer_id ........................... [RUN]
[0m15:17:16.982845 [debug] [Thread-4 (]: Acquiring new snowflake connection 'test.my_new_project.not_null_stg_consumer_application_detail_created_date.6177596507'
[0m15:17:16.982327 [info ] [Thread-2 (]: 1 of 5 START test check_negative_amount ........................................ [RUN]
[0m15:17:16.983391 [debug] [Thread-3 (]: Acquiring new snowflake connection 'test.my_new_project.not_null_stg_consumer_application_detail_consumer_application_number.bedd807512'
[0m15:17:16.983738 [debug] [Thread-5 (]: Acquiring new snowflake connection 'test.my_new_project.not_null_stg_customers_customer_id.e2cfb1f9aa'
[0m15:17:16.984047 [debug] [Thread-4 (]: Began compiling node test.my_new_project.not_null_stg_consumer_application_detail_created_date.6177596507
[0m15:17:16.984411 [debug] [Thread-2 (]: Acquiring new snowflake connection 'test.my_new_project.check_negative_amount'
[0m15:17:16.984708 [debug] [Thread-3 (]: Began compiling node test.my_new_project.not_null_stg_consumer_application_detail_consumer_application_number.bedd807512
[0m15:17:16.985026 [debug] [Thread-5 (]: Began compiling node test.my_new_project.not_null_stg_customers_customer_id.e2cfb1f9aa
[0m15:17:16.998093 [debug] [Thread-4 (]: Writing injected SQL for node "test.my_new_project.not_null_stg_consumer_application_detail_created_date.6177596507"
[0m15:17:16.998550 [debug] [Thread-2 (]: Began compiling node test.my_new_project.check_negative_amount
[0m15:17:17.005986 [debug] [Thread-5 (]: Writing injected SQL for node "test.my_new_project.not_null_stg_customers_customer_id.e2cfb1f9aa"
[0m15:17:17.008541 [debug] [Thread-3 (]: Writing injected SQL for node "test.my_new_project.not_null_stg_consumer_application_detail_consumer_application_number.bedd807512"
[0m15:17:17.010506 [debug] [Thread-2 (]: Writing injected SQL for node "test.my_new_project.check_negative_amount"
[0m15:17:17.015535 [debug] [Thread-4 (]: Began executing node test.my_new_project.not_null_stg_consumer_application_detail_created_date.6177596507
[0m15:17:17.016029 [debug] [Thread-3 (]: Began executing node test.my_new_project.not_null_stg_consumer_application_detail_consumer_application_number.bedd807512
[0m15:17:17.016366 [debug] [Thread-2 (]: Began executing node test.my_new_project.check_negative_amount
[0m15:17:17.016631 [debug] [Thread-5 (]: Began executing node test.my_new_project.not_null_stg_customers_customer_id.e2cfb1f9aa
[0m15:17:17.032757 [debug] [Thread-4 (]: Writing runtime sql for node "test.my_new_project.not_null_stg_consumer_application_detail_created_date.6177596507"
[0m15:17:17.034105 [debug] [Thread-3 (]: Writing runtime sql for node "test.my_new_project.not_null_stg_consumer_application_detail_consumer_application_number.bedd807512"
[0m15:17:17.035388 [debug] [Thread-2 (]: Writing runtime sql for node "test.my_new_project.check_negative_amount"
[0m15:17:17.039709 [debug] [Thread-5 (]: Writing runtime sql for node "test.my_new_project.not_null_stg_customers_customer_id.e2cfb1f9aa"
[0m15:17:17.044267 [debug] [Thread-4 (]: Using snowflake connection "test.my_new_project.not_null_stg_consumer_application_detail_created_date.6177596507"
[0m15:17:17.044870 [debug] [Thread-3 (]: Using snowflake connection "test.my_new_project.not_null_stg_consumer_application_detail_consumer_application_number.bedd807512"
[0m15:17:17.045330 [debug] [Thread-5 (]: Using snowflake connection "test.my_new_project.not_null_stg_customers_customer_id.e2cfb1f9aa"
[0m15:17:17.045598 [debug] [Thread-4 (]: On test.my_new_project.not_null_stg_consumer_application_detail_created_date.6177596507: select
      count(*) as failures,
      count(*) != 0 as should_warn,
      count(*) != 0 as should_error
    from (
      
    
  
    
    



select created_date
from DSP_PROJ.STAGING.stg_consumer_application_detail
where created_date is null



  
  
      
    ) dbt_internal_test
/* {"app": "dbt", "dbt_version": "1.12.0", "profile_name": "my_dbt_project", "target_name": "dev", "node_id": "test.my_new_project.not_null_stg_consumer_application_detail_created_date.6177596507"} */
[0m15:17:17.046003 [debug] [Thread-2 (]: Using snowflake connection "test.my_new_project.check_negative_amount"
[0m15:17:17.046301 [debug] [Thread-3 (]: On test.my_new_project.not_null_stg_consumer_application_detail_consumer_application_number.bedd807512: select
      count(*) as failures,
      count(*) != 0 as should_warn,
      count(*) != 0 as should_error
    from (
      
    
  
    
    



select consumer_application_number
from DSP_PROJ.STAGING.stg_consumer_application_detail
where consumer_application_number is null



  
  
      
    ) dbt_internal_test
/* {"app": "dbt", "dbt_version": "1.12.0", "profile_name": "my_dbt_project", "target_name": "dev", "node_id": "test.my_new_project.not_null_stg_consumer_application_detail_consumer_application_number.bedd807512"} */
[0m15:17:17.046565 [debug] [Thread-5 (]: On test.my_new_project.not_null_stg_customers_customer_id.e2cfb1f9aa: select
      count(*) as failures,
      count(*) != 0 as should_warn,
      count(*) != 0 as should_error
    from (
      
    
  
    
    



select customer_id
from DBT_PRACTICE.SNAPSHOTS.stg_customers
where customer_id is null



  
  
      
    ) dbt_internal_test
/* {"app": "dbt", "dbt_version": "1.12.0", "profile_name": "my_dbt_project", "target_name": "dev", "node_id": "test.my_new_project.not_null_stg_customers_customer_id.e2cfb1f9aa"} */
[0m15:17:17.046838 [debug] [Thread-4 (]: Opening a new connection, currently in state init
[0m15:17:17.047103 [debug] [Thread-2 (]: On test.my_new_project.check_negative_amount: select
      count(*) as failures,
      count(*) != 0 as should_warn,
      count(*) != 0 as should_error
    from (
      
    
  select * from 
DSP_PROJ.STAGING.stg_erp_budget_workflow_amount
where TOTAL_SUPV_AMOUNT<0
  
  
      
    ) dbt_internal_test
/* {"app": "dbt", "dbt_version": "1.12.0", "profile_name": "my_dbt_project", "target_name": "dev", "node_id": "test.my_new_project.check_negative_amount"} */
[0m15:17:17.047363 [debug] [Thread-3 (]: Opening a new connection, currently in state init
[0m15:17:17.047685 [debug] [Thread-5 (]: Opening a new connection, currently in state init
[0m15:17:17.048069 [debug] [Thread-2 (]: Opening a new connection, currently in state init
[0m15:17:18.394147 [debug] [Thread-3 (]: SQL status: SUCCESS 1 in 1.347 seconds
[0m15:17:18.406688 [info ] [Thread-3 (]: 2 of 5 PASS not_null_stg_consumer_application_detail_consumer_application_number  [[32mPASS[0m in 1.42s]
[0m15:17:18.407464 [debug] [Thread-3 (]: Finished running node test.my_new_project.not_null_stg_consumer_application_detail_consumer_application_number.bedd807512
[0m15:17:18.407758 [debug] [Thread-3 (]: Began running node test.my_new_project.unique_stg_customers_customer_id.c7614daada
[0m15:17:18.408035 [info ] [Thread-3 (]: 5 of 5 START test unique_stg_customers_customer_id ............................. [RUN]
[0m15:17:18.408565 [debug] [Thread-3 (]: Re-using an available connection from the pool (formerly test.my_new_project.not_null_stg_consumer_application_detail_consumer_application_number.bedd807512, now test.my_new_project.unique_stg_customers_customer_id.c7614daada)
[0m15:17:18.408880 [debug] [Thread-3 (]: Began compiling node test.my_new_project.unique_stg_customers_customer_id.c7614daada
[0m15:17:18.416059 [debug] [Thread-3 (]: Writing injected SQL for node "test.my_new_project.unique_stg_customers_customer_id.c7614daada"
[0m15:17:18.419164 [debug] [Thread-3 (]: Began executing node test.my_new_project.unique_stg_customers_customer_id.c7614daada
[0m15:17:18.421114 [debug] [Thread-3 (]: Writing runtime sql for node "test.my_new_project.unique_stg_customers_customer_id.c7614daada"
[0m15:17:18.424652 [debug] [Thread-3 (]: Using snowflake connection "test.my_new_project.unique_stg_customers_customer_id.c7614daada"
[0m15:17:18.425215 [debug] [Thread-3 (]: On test.my_new_project.unique_stg_customers_customer_id.c7614daada: select
      count(*) as failures,
      count(*) != 0 as should_warn,
      count(*) != 0 as should_error
    from (
      
    
  
    
    

select
    customer_id as unique_field,
    count(*) as n_records

from DBT_PRACTICE.SNAPSHOTS.stg_customers
where customer_id is not null
group by customer_id
having count(*) > 1



  
  
      
    ) dbt_internal_test
/* {"app": "dbt", "dbt_version": "1.12.0", "profile_name": "my_dbt_project", "target_name": "dev", "node_id": "test.my_new_project.unique_stg_customers_customer_id.c7614daada"} */
[0m15:17:18.426704 [debug] [Thread-4 (]: SQL status: SUCCESS 1 in 1.380 seconds
[0m15:17:18.428639 [info ] [Thread-4 (]: 3 of 5 PASS not_null_stg_consumer_application_detail_created_date .............. [[32mPASS[0m in 1.45s]
[0m15:17:18.429376 [debug] [Thread-4 (]: Finished running node test.my_new_project.not_null_stg_consumer_application_detail_created_date.6177596507
[0m15:17:18.476108 [debug] [Thread-5 (]: SQL status: SUCCESS 1 in 1.428 seconds
[0m15:17:18.478076 [info ] [Thread-5 (]: 4 of 5 PASS not_null_stg_customers_customer_id ................................. [[32mPASS[0m in 1.49s]
[0m15:17:18.478874 [debug] [Thread-5 (]: Finished running node test.my_new_project.not_null_stg_customers_customer_id.e2cfb1f9aa
[0m15:17:18.758876 [debug] [Thread-3 (]: SQL status: SUCCESS 1 in 0.333 seconds
[0m15:17:18.761397 [info ] [Thread-3 (]: 5 of 5 PASS unique_stg_customers_customer_id ................................... [[32mPASS[0m in 0.35s]
[0m15:17:18.762335 [debug] [Thread-3 (]: Finished running node test.my_new_project.unique_stg_customers_customer_id.c7614daada
[0m15:17:18.768870 [debug] [Thread-2 (]: SQL status: SUCCESS 1 in 1.721 seconds
[0m15:17:18.770500 [info ] [Thread-2 (]: 1 of 5 PASS check_negative_amount .............................................. [[32mPASS[0m in 1.79s]
[0m15:17:18.771124 [debug] [Thread-2 (]: Finished running node test.my_new_project.check_negative_amount
[0m15:17:18.772716 [debug] [MainThread]: Connection 'master' was properly closed.
[0m15:17:18.773183 [debug] [MainThread]: Connection 'list_DBT_PRACTICE_SNAPSHOTS' was left open.
[0m15:17:18.773502 [debug] [MainThread]: On list_DBT_PRACTICE_SNAPSHOTS: Close
[0m15:17:19.343017 [debug] [MainThread]: Connection 'list_DSP_PROJ_MART' was left open.
[0m15:17:19.343542 [debug] [MainThread]: On list_DSP_PROJ_MART: Close
[0m15:17:19.818896 [debug] [MainThread]: Connection 'list_DSP_PROJ_INTERMEDIATE' was left open.
[0m15:17:19.819380 [debug] [MainThread]: On list_DSP_PROJ_INTERMEDIATE: Close
[0m15:17:20.471622 [debug] [MainThread]: Connection 'list_DSP_PROJ_MARTS' was left open.
[0m15:17:20.472105 [debug] [MainThread]: On list_DSP_PROJ_MARTS: Close
[0m15:17:20.931180 [debug] [MainThread]: Connection 'test.my_new_project.not_null_stg_consumer_application_detail_created_date.6177596507' was left open.
[0m15:17:20.931646 [debug] [MainThread]: On test.my_new_project.not_null_stg_consumer_application_detail_created_date.6177596507: Close
[0m15:17:21.469107 [debug] [MainThread]: Connection 'test.my_new_project.unique_stg_customers_customer_id.c7614daada' was left open.
[0m15:17:21.469748 [debug] [MainThread]: On test.my_new_project.unique_stg_customers_customer_id.c7614daada: Close
[0m15:17:22.030888 [debug] [MainThread]: Connection 'test.my_new_project.not_null_stg_customers_customer_id.e2cfb1f9aa' was left open.
[0m15:17:22.031416 [debug] [MainThread]: On test.my_new_project.not_null_stg_customers_customer_id.e2cfb1f9aa: Close
[0m15:17:22.643565 [debug] [MainThread]: Connection 'test.my_new_project.check_negative_amount' was left open.
[0m15:17:22.643957 [debug] [MainThread]: On test.my_new_project.check_negative_amount: Close
[0m15:17:23.177045 [info ] [MainThread]: 
[0m15:17:23.177608 [info ] [MainThread]: Finished running 5 data tests in 0 hours 0 minutes and 8.87 seconds (8.87s).
[0m15:17:23.178763 [debug] [MainThread]: Command end result
[0m15:17:23.220910 [debug] [MainThread]: Wrote artifact WritableManifest to C:\Arjun_dbt_project\old_dbt_project\target\manifest.json
[0m15:17:23.225195 [debug] [MainThread]: Wrote artifact SemanticManifest to C:\Arjun_dbt_project\old_dbt_project\target\semantic_manifest.json
[0m15:17:23.230608 [debug] [MainThread]: Wrote artifact OsiDocument to C:\Arjun_dbt_project\old_dbt_project\target\osi_document.json
[0m15:17:23.239136 [debug] [MainThread]: Wrote artifact RunExecutionResult to C:\Arjun_dbt_project\old_dbt_project\target\run_results.json
[0m15:17:23.239590 [info ] [MainThread]: 
[0m15:17:23.240108 [info ] [MainThread]: [32mCompleted successfully[0m
[0m15:17:23.240443 [info ] [MainThread]: 
[0m15:17:23.240816 [info ] [MainThread]: Done. PASS=5 WARN=0 ERROR=0 SKIP=0 NO-OP=0 REUSED=0 TOTAL=5
[0m15:17:23.241615 [debug] [MainThread]: Command `dbt test` succeeded at 15:17:23.241497 after 10.77 seconds
[0m15:17:23.242057 [debug] [MainThread]: Sending event: {'category': 'dbt', 'action': 'invocation', 'label': 'end', 'context': [<snowplow_tracker.self_describing_json.SelfDescribingJson object at 0x000002170B7AFD10>, <snowplow_tracker.self_describing_json.SelfDescribingJson object at 0x000002170EEE12E0>, <snowplow_tracker.self_describing_json.SelfDescribingJson object at 0x000002170EEE0F70>]}
[0m15:17:23.242439 [debug] [MainThread]: Flushing usage events
[0m15:17:24.880631 [debug] [MainThread]: An error was encountered while trying to flush usage events
[0m15:25:44.605883 [debug] [MainThread]: Sending event: {'category': 'dbt', 'action': 'invocation', 'label': 'start', 'context': [<snowplow_tracker.self_describing_json.SelfDescribingJson object at 0x000001AFEDE05160>, <snowplow_tracker.self_describing_json.SelfDescribingJson object at 0x000001AFEAC11450>, <snowplow_tracker.self_describing_json.SelfDescribingJson object at 0x000001AFF0563C50>]}


============================== 15:25:44.614597 | 06e716ed-2bd2-42c6-9d8d-494c11d6fe8c ==============================
[0m15:25:44.614597 [info ] [MainThread]: Running with dbt=1.12.0
[0m15:25:44.615534 [debug] [MainThread]: running dbt with arguments {'version_check': 'True', 'no_print': 'None', 'maximum_seed_size_mib': '1', 'warn_error_options': 'WarnErrorOptionsV2(error=[], warn=[], silence=[])', 'target_path': 'None', 'static_parser': 'True', 'printer_width': '80', 'write_json': 'True', 'empty': 'None', 'log_cache_events': 'False', 'introspect': 'True', 'cache_selected_only': 'False', 'log_format': 'default', 'debug': 'False', 'fail_fast': 'False', 'profiles_dir': 'C:\\Users\\HP\\.dbt', 'send_anonymous_usage_stats': 'True', 'quiet': 'False', 'warn_error': 'None', 'partial_parse': 'True', 'use_colors': 'True', 'hints_enabled': 'True', 'indirect_selection': 'eager', 'use_experimental_parser': 'False', 'invocation_command': 'dbt test', 'log_path': 'C:\\Arjun_dbt_project\\old_dbt_project\\logs'}
[0m15:25:45.426874 [debug] [MainThread]: Snowflake adapter: Setting snowflake.connector to ERROR (file logging only)
[0m15:25:45.427297 [debug] [MainThread]: Snowflake adapter: Setting botocore to ERROR (file logging only)
[0m15:25:45.427555 [debug] [MainThread]: Snowflake adapter: Setting boto3 to ERROR (file logging only)
[0m15:25:45.747380 [debug] [MainThread]: Sending event: {'category': 'dbt', 'action': 'project_id', 'label': '06e716ed-2bd2-42c6-9d8d-494c11d6fe8c', 'context': [<snowplow_tracker.self_describing_json.SelfDescribingJson object at 0x000001AFEE4BDE00>]}
[0m15:25:45.801484 [debug] [MainThread]: Sending event: {'category': 'dbt', 'action': 'adapter_info', 'label': '06e716ed-2bd2-42c6-9d8d-494c11d6fe8c', 'context': [<snowplow_tracker.self_describing_json.SelfDescribingJson object at 0x000001AFEC32EF10>]}
[0m15:25:45.802693 [info ] [MainThread]: Registered adapter: snowflake=1.12.0
[0m15:25:46.299451 [debug] [MainThread]: checksum: 34d064bbf3d7c01e29a022f69428015a75a45641a9d372ee507764c8a4f69675, vars: {}, profile: my_dbt_project, target: dev, version: 1.12.0
[0m15:25:46.503331 [debug] [MainThread]: Partial parsing enabled: 0 files deleted, 1 files added, 1 files changed.
[0m15:25:46.503889 [debug] [MainThread]: Partial parsing: added file: my_new_project://macros\tests\test_null_values.sql
[0m15:25:46.504240 [debug] [MainThread]: Partial parsing: updated file: my_new_project://models\schema.yml
[0m15:25:46.826737 [debug] [MainThread]: Sending event: {'category': 'dbt', 'action': 'load_project', 'label': '06e716ed-2bd2-42c6-9d8d-494c11d6fe8c', 'context': [<snowplow_tracker.self_describing_json.SelfDescribingJson object at 0x000001AFF24F0850>]}
[0m15:25:46.953989 [debug] [MainThread]: Wrote artifact WritableManifest to C:\Arjun_dbt_project\old_dbt_project\target\manifest.json
[0m15:25:46.960359 [debug] [MainThread]: Wrote artifact SemanticManifest to C:\Arjun_dbt_project\old_dbt_project\target\semantic_manifest.json
[0m15:25:46.999706 [debug] [MainThread]: Wrote artifact OsiDocument to C:\Arjun_dbt_project\old_dbt_project\target\osi_document.json
[0m15:25:47.034672 [debug] [MainThread]: Sending event: {'category': 'dbt', 'action': 'resource_counts', 'label': '06e716ed-2bd2-42c6-9d8d-494c11d6fe8c', 'context': [<snowplow_tracker.self_describing_json.SelfDescribingJson object at 0x000001AFF38999A0>]}
[0m15:25:47.035118 [info ] [MainThread]: Found 15 models, 2 snapshots, 7 data tests, 7 sources, 548 macros
[0m15:25:47.035582 [debug] [MainThread]: Sending event: {'category': 'dbt', 'action': 'runnable_timing', 'label': '06e716ed-2bd2-42c6-9d8d-494c11d6fe8c', 'context': [<snowplow_tracker.self_describing_json.SelfDescribingJson object at 0x000001AFF38092B0>]}
[0m15:25:47.038184 [info ] [MainThread]: 
[0m15:25:47.038976 [info ] [MainThread]: Concurrency: 4 threads (target='dev')
[0m15:25:47.039532 [info ] [MainThread]: 
[0m15:25:47.040334 [debug] [MainThread]: Acquiring new snowflake connection 'master'
[0m15:25:47.052342 [debug] [ThreadPool]: Acquiring new snowflake connection 'list_DBT_PRACTICE_SNAPSHOTS'
[0m15:25:47.064585 [debug] [ThreadPool]: Acquiring new snowflake connection 'list_DSP_PROJ_STAGING'
[0m15:25:47.066335 [debug] [ThreadPool]: Acquiring new snowflake connection 'list_DSP_PROJ_MARTS'
[0m15:25:47.067966 [debug] [ThreadPool]: Acquiring new snowflake connection 'list_DSP_PROJ_INTERMEDIATE'
[0m15:25:47.071036 [debug] [ThreadPool]: Using snowflake connection "list_DBT_PRACTICE_SNAPSHOTS"
[0m15:25:47.071386 [debug] [ThreadPool]: Using snowflake connection "list_DSP_PROJ_STAGING"
[0m15:25:47.071615 [debug] [ThreadPool]: On list_DBT_PRACTICE_SNAPSHOTS: show objects in DBT_PRACTICE.SNAPSHOTS
    limit 10000
    

/* {"app": "dbt", "dbt_version": "1.12.0", "profile_name": "my_dbt_project", "target_name": "dev", "connection_name": "list_DBT_PRACTICE_SNAPSHOTS"} */;
[0m15:25:47.071860 [debug] [ThreadPool]: Using snowflake connection "list_DSP_PROJ_MARTS"
[0m15:25:47.072141 [debug] [ThreadPool]: Using snowflake connection "list_DSP_PROJ_INTERMEDIATE"
[0m15:25:47.072353 [debug] [ThreadPool]: On list_DSP_PROJ_STAGING: show objects in DSP_PROJ.STAGING
    limit 10000
    

/* {"app": "dbt", "dbt_version": "1.12.0", "profile_name": "my_dbt_project", "target_name": "dev", "connection_name": "list_DSP_PROJ_STAGING"} */;
[0m15:25:47.072558 [debug] [ThreadPool]: Opening a new connection, currently in state init
[0m15:25:47.072781 [debug] [ThreadPool]: On list_DSP_PROJ_MARTS: show objects in DSP_PROJ.MARTS
    limit 10000
    

/* {"app": "dbt", "dbt_version": "1.12.0", "profile_name": "my_dbt_project", "target_name": "dev", "connection_name": "list_DSP_PROJ_MARTS"} */;
[0m15:25:47.072998 [debug] [ThreadPool]: On list_DSP_PROJ_INTERMEDIATE: show objects in DSP_PROJ.INTERMEDIATE
    limit 10000
    

/* {"app": "dbt", "dbt_version": "1.12.0", "profile_name": "my_dbt_project", "target_name": "dev", "connection_name": "list_DSP_PROJ_INTERMEDIATE"} */;
[0m15:25:47.073194 [debug] [ThreadPool]: Opening a new connection, currently in state init
[0m15:25:47.073492 [debug] [ThreadPool]: Opening a new connection, currently in state init
[0m15:25:47.073699 [debug] [ThreadPool]: Opening a new connection, currently in state init
[0m15:25:48.803953 [debug] [ThreadPool]: SQL status: SUCCESS 5 in 1.731 seconds
[0m15:25:48.809836 [debug] [ThreadPool]: Using snowflake connection "list_DSP_PROJ_STAGING"
[0m15:25:48.810155 [debug] [ThreadPool]: On list_DSP_PROJ_STAGING: show user functions in DSP_PROJ.STAGING
/* {"app": "dbt", "dbt_version": "1.12.0", "profile_name": "my_dbt_project", "target_name": "dev", "connection_name": "list_DSP_PROJ_STAGING"} */
[0m15:25:48.905647 [debug] [ThreadPool]: SQL status: SUCCESS 4 in 1.832 seconds
[0m15:25:48.907829 [debug] [ThreadPool]: Using snowflake connection "list_DSP_PROJ_MARTS"
[0m15:25:48.908074 [debug] [ThreadPool]: On list_DSP_PROJ_MARTS: show user functions in DSP_PROJ.MARTS
/* {"app": "dbt", "dbt_version": "1.12.0", "profile_name": "my_dbt_project", "target_name": "dev", "connection_name": "list_DSP_PROJ_MARTS"} */
[0m15:25:48.985087 [debug] [ThreadPool]: SQL status: SUCCESS 3 in 1.911 seconds
[0m15:25:48.986911 [debug] [ThreadPool]: Using snowflake connection "list_DSP_PROJ_INTERMEDIATE"
[0m15:25:48.987151 [debug] [ThreadPool]: On list_DSP_PROJ_INTERMEDIATE: show user functions in DSP_PROJ.INTERMEDIATE
/* {"app": "dbt", "dbt_version": "1.12.0", "profile_name": "my_dbt_project", "target_name": "dev", "connection_name": "list_DSP_PROJ_INTERMEDIATE"} */
[0m15:25:49.335428 [debug] [ThreadPool]: SQL status: SUCCESS 0 in 0.348 seconds
[0m15:25:49.336718 [debug] [ThreadPool]: Re-using an available connection from the pool (formerly list_DSP_PROJ_INTERMEDIATE, now list_DSP_PROJ_MART)
[0m15:25:49.338082 [debug] [ThreadPool]: Using snowflake connection "list_DSP_PROJ_MART"
[0m15:25:49.338397 [debug] [ThreadPool]: On list_DSP_PROJ_MART: show objects in DSP_PROJ.MART
    limit 10000
    

/* {"app": "dbt", "dbt_version": "1.12.0", "profile_name": "my_dbt_project", "target_name": "dev", "connection_name": "list_DSP_PROJ_MART"} */;
[0m15:25:49.377063 [debug] [ThreadPool]: SQL status: SUCCESS 0 in 0.567 seconds
[0m15:25:49.423155 [debug] [ThreadPool]: SQL status: SUCCESS 4 in 2.351 seconds
[0m15:25:49.425983 [debug] [ThreadPool]: Using snowflake connection "list_DBT_PRACTICE_SNAPSHOTS"
[0m15:25:49.426408 [debug] [ThreadPool]: On list_DBT_PRACTICE_SNAPSHOTS: show user functions in DBT_PRACTICE.SNAPSHOTS
/* {"app": "dbt", "dbt_version": "1.12.0", "profile_name": "my_dbt_project", "target_name": "dev", "connection_name": "list_DBT_PRACTICE_SNAPSHOTS"} */
[0m15:25:49.432216 [debug] [ThreadPool]: SQL status: SUCCESS 0 in 0.524 seconds
[0m15:25:49.772945 [debug] [ThreadPool]: SQL status: SUCCESS 0 in 0.346 seconds
[0m15:25:49.809163 [debug] [ThreadPool]: SQL status: SUCCESS 5 in 0.470 seconds
[0m15:25:49.811484 [debug] [ThreadPool]: Using snowflake connection "list_DSP_PROJ_MART"
[0m15:25:49.811851 [debug] [ThreadPool]: On list_DSP_PROJ_MART: show user functions in DSP_PROJ.MART
/* {"app": "dbt", "dbt_version": "1.12.0", "profile_name": "my_dbt_project", "target_name": "dev", "connection_name": "list_DSP_PROJ_MART"} */
[0m15:25:50.143142 [debug] [ThreadPool]: SQL status: SUCCESS 0 in 0.331 seconds
[0m15:25:50.145385 [debug] [MainThread]: Sending event: {'category': 'dbt', 'action': 'runnable_timing', 'label': '06e716ed-2bd2-42c6-9d8d-494c11d6fe8c', 'context': [<snowplow_tracker.self_describing_json.SelfDescribingJson object at 0x000001AFF38FE0D0>]}
[0m15:25:50.153210 [debug] [Thread-5 (]: Began running node test.my_new_project.not_null_stg_consumer_application_detail_created_date.6177596507
[0m15:25:50.153568 [debug] [Thread-4 (]: Began running node test.my_new_project.not_null_stg_consumer_application_detail_consumer_application_number.bedd807512
[0m15:25:50.153859 [debug] [Thread-2 (]: Began running node test.my_new_project.check_negative_amount
[0m15:25:50.154100 [debug] [Thread-3 (]: Began running node test.my_new_project.check_negative_amount_stg_erp_budget_workflow_amount_TOTAL_SUPV_AMOUNT.a90233cdc1
[0m15:25:50.154351 [info ] [Thread-5 (]: 4 of 7 START test not_null_stg_consumer_application_detail_created_date ........ [RUN]
[0m15:25:50.154647 [info ] [Thread-4 (]: 3 of 7 START test not_null_stg_consumer_application_detail_consumer_application_number  [RUN]
[0m15:25:50.156042 [debug] [Thread-5 (]: Acquiring new snowflake connection 'test.my_new_project.not_null_stg_consumer_application_detail_created_date.6177596507'
[0m15:25:50.155108 [info ] [Thread-2 (]: 1 of 7 START test check_negative_amount ........................................ [RUN]
[0m15:25:50.156553 [debug] [Thread-4 (]: Acquiring new snowflake connection 'test.my_new_project.not_null_stg_consumer_application_detail_consumer_application_number.bedd807512'
[0m15:25:50.156845 [debug] [Thread-5 (]: Began compiling node test.my_new_project.not_null_stg_consumer_application_detail_created_date.6177596507
[0m15:25:50.155456 [info ] [Thread-3 (]: 2 of 7 START test check_negative_amount_stg_erp_budget_workflow_amount_TOTAL_SUPV_AMOUNT  [RUN]
[0m15:25:50.157263 [debug] [Thread-2 (]: Acquiring new snowflake connection 'test.my_new_project.check_negative_amount'
[0m15:25:50.157534 [debug] [Thread-4 (]: Began compiling node test.my_new_project.not_null_stg_consumer_application_detail_consumer_application_number.bedd807512
[0m15:25:50.168759 [debug] [Thread-5 (]: Writing injected SQL for node "test.my_new_project.not_null_stg_consumer_application_detail_created_date.6177596507"
[0m15:25:50.169458 [debug] [Thread-3 (]: Acquiring new snowflake connection 'test.my_new_project.check_negative_amount_stg_erp_budget_workflow_amount_TOTAL_SUPV_AMOUNT.a90233cdc1'
[0m15:25:50.169867 [debug] [Thread-2 (]: Began compiling node test.my_new_project.check_negative_amount
[0m15:25:50.175343 [debug] [Thread-4 (]: Writing injected SQL for node "test.my_new_project.not_null_stg_consumer_application_detail_consumer_application_number.bedd807512"
[0m15:25:50.176098 [debug] [Thread-3 (]: Began compiling node test.my_new_project.check_negative_amount_stg_erp_budget_workflow_amount_TOTAL_SUPV_AMOUNT.a90233cdc1
[0m15:25:50.178474 [debug] [Thread-2 (]: Writing injected SQL for node "test.my_new_project.check_negative_amount"
[0m15:25:50.188353 [debug] [Thread-5 (]: Began executing node test.my_new_project.not_null_stg_consumer_application_detail_created_date.6177596507
[0m15:25:50.188767 [debug] [Thread-2 (]: Began executing node test.my_new_project.check_negative_amount
[0m15:25:50.192752 [debug] [Thread-4 (]: Began executing node test.my_new_project.not_null_stg_consumer_application_detail_consumer_application_number.bedd807512
[0m15:25:50.204901 [debug] [Thread-5 (]: Writing runtime sql for node "test.my_new_project.not_null_stg_consumer_application_detail_created_date.6177596507"
[0m15:25:50.206213 [debug] [Thread-2 (]: Writing runtime sql for node "test.my_new_project.check_negative_amount"
[0m15:25:50.207457 [debug] [Thread-4 (]: Writing runtime sql for node "test.my_new_project.not_null_stg_consumer_application_detail_consumer_application_number.bedd807512"
[0m15:25:50.212212 [debug] [Thread-4 (]: Using snowflake connection "test.my_new_project.not_null_stg_consumer_application_detail_consumer_application_number.bedd807512"
[0m15:25:50.212775 [debug] [Thread-5 (]: Using snowflake connection "test.my_new_project.not_null_stg_consumer_application_detail_created_date.6177596507"
[0m15:25:50.213260 [debug] [Thread-2 (]: Using snowflake connection "test.my_new_project.check_negative_amount"
[0m15:25:50.213534 [debug] [Thread-4 (]: On test.my_new_project.not_null_stg_consumer_application_detail_consumer_application_number.bedd807512: select
      count(*) as failures,
      count(*) != 0 as should_warn,
      count(*) != 0 as should_error
    from (
      
    
  
    
    



select consumer_application_number
from DSP_PROJ.STAGING.stg_consumer_application_detail
where consumer_application_number is null



  
  
      
    ) dbt_internal_test
/* {"app": "dbt", "dbt_version": "1.12.0", "profile_name": "my_dbt_project", "target_name": "dev", "node_id": "test.my_new_project.not_null_stg_consumer_application_detail_consumer_application_number.bedd807512"} */
[0m15:25:50.214268 [debug] [Thread-5 (]: On test.my_new_project.not_null_stg_consumer_application_detail_created_date.6177596507: select
      count(*) as failures,
      count(*) != 0 as should_warn,
      count(*) != 0 as should_error
    from (
      
    
  
    
    



select created_date
from DSP_PROJ.STAGING.stg_consumer_application_detail
where created_date is null



  
  
      
    ) dbt_internal_test
/* {"app": "dbt", "dbt_version": "1.12.0", "profile_name": "my_dbt_project", "target_name": "dev", "node_id": "test.my_new_project.not_null_stg_consumer_application_detail_created_date.6177596507"} */
[0m15:25:50.215574 [debug] [Thread-2 (]: On test.my_new_project.check_negative_amount: select
      count(*) as failures,
      count(*) != 0 as should_warn,
      count(*) != 0 as should_error
    from (
      
    
  select * from 
DSP_PROJ.STAGING.stg_erp_budget_workflow_amount
where TOTAL_SUPV_AMOUNT<0
  
  
      
    ) dbt_internal_test
/* {"app": "dbt", "dbt_version": "1.12.0", "profile_name": "my_dbt_project", "target_name": "dev", "node_id": "test.my_new_project.check_negative_amount"} */
[0m15:25:50.216655 [debug] [Thread-4 (]: Opening a new connection, currently in state init
[0m15:25:50.217103 [debug] [Thread-5 (]: Opening a new connection, currently in state init
[0m15:25:50.217531 [debug] [Thread-3 (]: Compilation Error in test check_negative_amount_stg_erp_budget_workflow_amount_TOTAL_SUPV_AMOUNT (models\schema.yml)
  'test_check_negative_amount' is undefined. This can happen when calling a macro that does not exist. Check for typos and/or install package dependencies with "dbt deps".
[0m15:25:50.217765 [debug] [Thread-2 (]: Opening a new connection, currently in state init
[0m15:25:50.218924 [error] [Thread-3 (]: 2 of 7 ERROR check_negative_amount_stg_erp_budget_workflow_amount_TOTAL_SUPV_AMOUNT  [[31mERROR[0m in 0.05s]
[0m15:25:50.220134 [debug] [Thread-3 (]: Finished running node test.my_new_project.check_negative_amount_stg_erp_budget_workflow_amount_TOTAL_SUPV_AMOUNT.a90233cdc1
[0m15:25:50.220668 [debug] [Thread-3 (]: Began running node test.my_new_project.not_null_stg_customers_customer_id.e2cfb1f9aa
[0m15:25:50.221141 [debug] [Thread-8 (]: Marking all children of 'test.my_new_project.check_negative_amount_stg_erp_budget_workflow_amount_TOTAL_SUPV_AMOUNT.a90233cdc1' to be skipped because of status 'error'.  Reason: Compilation Error in test check_negative_amount_stg_erp_budget_workflow_amount_TOTAL_SUPV_AMOUNT (models\schema.yml)
  'test_check_negative_amount' is undefined. This can happen when calling a macro that does not exist. Check for typos and/or install package dependencies with "dbt deps"..
[0m15:25:50.221538 [info ] [Thread-3 (]: 5 of 7 START test not_null_stg_customers_customer_id ........................... [RUN]
[0m15:25:50.224476 [debug] [Thread-3 (]: Re-using an available connection from the pool (formerly test.my_new_project.check_negative_amount_stg_erp_budget_workflow_amount_TOTAL_SUPV_AMOUNT.a90233cdc1, now test.my_new_project.not_null_stg_customers_customer_id.e2cfb1f9aa)
[0m15:25:50.225174 [debug] [Thread-3 (]: Began compiling node test.my_new_project.not_null_stg_customers_customer_id.e2cfb1f9aa
[0m15:25:50.231258 [debug] [Thread-3 (]: Writing injected SQL for node "test.my_new_project.not_null_stg_customers_customer_id.e2cfb1f9aa"
[0m15:25:50.235479 [debug] [Thread-3 (]: Began executing node test.my_new_project.not_null_stg_customers_customer_id.e2cfb1f9aa
[0m15:25:50.236829 [debug] [Thread-3 (]: Writing runtime sql for node "test.my_new_project.not_null_stg_customers_customer_id.e2cfb1f9aa"
[0m15:25:50.241028 [debug] [Thread-3 (]: Using snowflake connection "test.my_new_project.not_null_stg_customers_customer_id.e2cfb1f9aa"
[0m15:25:50.241506 [debug] [Thread-3 (]: On test.my_new_project.not_null_stg_customers_customer_id.e2cfb1f9aa: select
      count(*) as failures,
      count(*) != 0 as should_warn,
      count(*) != 0 as should_error
    from (
      
    
  
    
    



select customer_id
from DBT_PRACTICE.SNAPSHOTS.stg_customers
where customer_id is null



  
  
      
    ) dbt_internal_test
/* {"app": "dbt", "dbt_version": "1.12.0", "profile_name": "my_dbt_project", "target_name": "dev", "node_id": "test.my_new_project.not_null_stg_customers_customer_id.e2cfb1f9aa"} */
[0m15:25:50.241919 [debug] [Thread-3 (]: Opening a new connection, currently in state init
[0m15:25:51.371074 [debug] [Thread-3 (]: SQL status: SUCCESS 1 in 1.129 seconds
[0m15:25:51.382648 [info ] [Thread-3 (]: 5 of 7 PASS not_null_stg_customers_customer_id ................................. [[32mPASS[0m in 1.16s]
[0m15:25:51.383887 [debug] [Thread-3 (]: Finished running node test.my_new_project.not_null_stg_customers_customer_id.e2cfb1f9aa
[0m15:25:51.384265 [debug] [Thread-3 (]: Began running node test.my_new_project.not_null_stg_erp_budget_workflow_amount_TOTAL_SUPV_AMOUNT.16d99e87d1
[0m15:25:51.384895 [debug] [Thread-2 (]: SQL status: SUCCESS 1 in 1.167 seconds
[0m15:25:51.385205 [info ] [Thread-3 (]: 6 of 7 START test not_null_stg_erp_budget_workflow_amount_TOTAL_SUPV_AMOUNT .... [RUN]
[0m15:25:51.388114 [debug] [Thread-3 (]: Re-using an available connection from the pool (formerly test.my_new_project.not_null_stg_customers_customer_id.e2cfb1f9aa, now test.my_new_project.not_null_stg_erp_budget_workflow_amount_TOTAL_SUPV_AMOUNT.16d99e87d1)
[0m15:25:51.387335 [info ] [Thread-2 (]: 1 of 7 PASS check_negative_amount .............................................. [[32mPASS[0m in 1.23s]
[0m15:25:51.388646 [debug] [Thread-3 (]: Began compiling node test.my_new_project.not_null_stg_erp_budget_workflow_amount_TOTAL_SUPV_AMOUNT.16d99e87d1
[0m15:25:51.389144 [debug] [Thread-2 (]: Finished running node test.my_new_project.check_negative_amount
[0m15:25:51.393422 [debug] [Thread-2 (]: Began running node test.my_new_project.unique_stg_customers_customer_id.c7614daada
[0m15:25:51.395684 [debug] [Thread-3 (]: Writing injected SQL for node "test.my_new_project.not_null_stg_erp_budget_workflow_amount_TOTAL_SUPV_AMOUNT.16d99e87d1"
[0m15:25:51.396202 [info ] [Thread-2 (]: 7 of 7 START test unique_stg_customers_customer_id ............................. [RUN]
[0m15:25:51.396999 [debug] [Thread-2 (]: Re-using an available connection from the pool (formerly test.my_new_project.check_negative_amount, now test.my_new_project.unique_stg_customers_customer_id.c7614daada)
[0m15:25:51.397419 [debug] [Thread-2 (]: Began compiling node test.my_new_project.unique_stg_customers_customer_id.c7614daada
[0m15:25:51.404099 [debug] [Thread-2 (]: Writing injected SQL for node "test.my_new_project.unique_stg_customers_customer_id.c7614daada"
[0m15:25:51.406517 [debug] [Thread-3 (]: Began executing node test.my_new_project.not_null_stg_erp_budget_workflow_amount_TOTAL_SUPV_AMOUNT.16d99e87d1
[0m15:25:51.407986 [debug] [Thread-3 (]: Writing runtime sql for node "test.my_new_project.not_null_stg_erp_budget_workflow_amount_TOTAL_SUPV_AMOUNT.16d99e87d1"
[0m15:25:51.411426 [debug] [Thread-2 (]: Began executing node test.my_new_project.unique_stg_customers_customer_id.c7614daada
[0m15:25:51.412188 [debug] [Thread-3 (]: Using snowflake connection "test.my_new_project.not_null_stg_erp_budget_workflow_amount_TOTAL_SUPV_AMOUNT.16d99e87d1"
[0m15:25:51.413581 [debug] [Thread-2 (]: Writing runtime sql for node "test.my_new_project.unique_stg_customers_customer_id.c7614daada"
[0m15:25:51.413956 [debug] [Thread-3 (]: On test.my_new_project.not_null_stg_erp_budget_workflow_amount_TOTAL_SUPV_AMOUNT.16d99e87d1: select
      count(*) as failures,
      count(*) != 0 as should_warn,
      count(*) != 0 as should_error
    from (
      
    
  
    
    



select TOTAL_SUPV_AMOUNT
from DSP_PROJ.STAGING.stg_erp_budget_workflow_amount
where TOTAL_SUPV_AMOUNT is null



  
  
      
    ) dbt_internal_test
/* {"app": "dbt", "dbt_version": "1.12.0", "profile_name": "my_dbt_project", "target_name": "dev", "node_id": "test.my_new_project.not_null_stg_erp_budget_workflow_amount_TOTAL_SUPV_AMOUNT.16d99e87d1"} */
[0m15:25:51.417936 [debug] [Thread-2 (]: Using snowflake connection "test.my_new_project.unique_stg_customers_customer_id.c7614daada"
[0m15:25:51.418278 [debug] [Thread-2 (]: On test.my_new_project.unique_stg_customers_customer_id.c7614daada: select
      count(*) as failures,
      count(*) != 0 as should_warn,
      count(*) != 0 as should_error
    from (
      
    
  
    
    

select
    customer_id as unique_field,
    count(*) as n_records

from DBT_PRACTICE.SNAPSHOTS.stg_customers
where customer_id is not null
group by customer_id
having count(*) > 1



  
  
      
    ) dbt_internal_test
/* {"app": "dbt", "dbt_version": "1.12.0", "profile_name": "my_dbt_project", "target_name": "dev", "node_id": "test.my_new_project.unique_stg_customers_customer_id.c7614daada"} */
[0m15:25:51.536749 [debug] [Thread-4 (]: SQL status: SUCCESS 1 in 1.320 seconds
[0m15:25:51.538567 [info ] [Thread-4 (]: 3 of 7 PASS not_null_stg_consumer_application_detail_consumer_application_number  [[32mPASS[0m in 1.38s]
[0m15:25:51.539234 [debug] [Thread-4 (]: Finished running node test.my_new_project.not_null_stg_consumer_application_detail_consumer_application_number.bedd807512
[0m15:25:51.581121 [debug] [Thread-5 (]: SQL status: SUCCESS 1 in 1.364 seconds
[0m15:25:51.582701 [info ] [Thread-5 (]: 4 of 7 PASS not_null_stg_consumer_application_detail_created_date .............. [[32mPASS[0m in 1.43s]
[0m15:25:51.583210 [debug] [Thread-5 (]: Finished running node test.my_new_project.not_null_stg_consumer_application_detail_created_date.6177596507
[0m15:25:51.858969 [debug] [Thread-2 (]: SQL status: SUCCESS 1 in 0.440 seconds
[0m15:25:51.861164 [info ] [Thread-2 (]: 7 of 7 PASS unique_stg_customers_customer_id ................................... [[32mPASS[0m in 0.46s]
[0m15:25:51.861738 [debug] [Thread-2 (]: Finished running node test.my_new_project.unique_stg_customers_customer_id.c7614daada
[0m15:25:52.645190 [debug] [Thread-3 (]: SQL status: SUCCESS 1 in 1.231 seconds
[0m15:25:52.646623 [error] [Thread-3 (]: 6 of 7 FAIL 7 not_null_stg_erp_budget_workflow_amount_TOTAL_SUPV_AMOUNT ........ [[31mFAIL 7[0m in 1.26s]
[0m15:25:52.647153 [debug] [Thread-3 (]: Finished running node test.my_new_project.not_null_stg_erp_budget_workflow_amount_TOTAL_SUPV_AMOUNT.16d99e87d1
[0m15:25:52.648656 [debug] [MainThread]: Connection 'master' was properly closed.
[0m15:25:52.648865 [debug] [MainThread]: Connection 'list_DBT_PRACTICE_SNAPSHOTS' was left open.
[0m15:25:52.649046 [debug] [MainThread]: On list_DBT_PRACTICE_SNAPSHOTS: Close
[0m15:25:53.303897 [debug] [MainThread]: Connection 'list_DSP_PROJ_STAGING' was left open.
[0m15:25:53.304324 [debug] [MainThread]: On list_DSP_PROJ_STAGING: Close
[0m15:25:53.776884 [debug] [MainThread]: Connection 'list_DSP_PROJ_MARTS' was left open.
[0m15:25:53.777904 [debug] [MainThread]: On list_DSP_PROJ_MARTS: Close
[0m15:25:54.218411 [debug] [MainThread]: Connection 'list_DSP_PROJ_MART' was left open.
[0m15:25:54.218886 [debug] [MainThread]: On list_DSP_PROJ_MART: Close
[0m15:25:54.765390 [debug] [MainThread]: Connection 'test.my_new_project.not_null_stg_consumer_application_detail_created_date.6177596507' was left open.
[0m15:25:54.765755 [debug] [MainThread]: On test.my_new_project.not_null_stg_consumer_application_detail_created_date.6177596507: Close
[0m15:25:55.385784 [debug] [MainThread]: Connection 'test.my_new_project.not_null_stg_consumer_application_detail_consumer_application_number.bedd807512' was left open.
[0m15:25:55.386143 [debug] [MainThread]: On test.my_new_project.not_null_stg_consumer_application_detail_consumer_application_number.bedd807512: Close
[0m15:25:55.901207 [debug] [MainThread]: Connection 'test.my_new_project.unique_stg_customers_customer_id.c7614daada' was left open.
[0m15:25:55.901621 [debug] [MainThread]: On test.my_new_project.unique_stg_customers_customer_id.c7614daada: Close
[0m15:25:56.452497 [debug] [MainThread]: Connection 'test.my_new_project.not_null_stg_erp_budget_workflow_amount_TOTAL_SUPV_AMOUNT.16d99e87d1' was left open.
[0m15:25:56.453000 [debug] [MainThread]: On test.my_new_project.not_null_stg_erp_budget_workflow_amount_TOTAL_SUPV_AMOUNT.16d99e87d1: Close
[0m15:25:56.904953 [info ] [MainThread]: 
[0m15:25:56.905605 [info ] [MainThread]: Finished running 7 data tests in 0 hours 0 minutes and 9.86 seconds (9.86s).
[0m15:25:56.906799 [debug] [MainThread]: Command end result
[0m15:25:56.957868 [debug] [MainThread]: Wrote artifact WritableManifest to C:\Arjun_dbt_project\old_dbt_project\target\manifest.json
[0m15:25:56.965280 [debug] [MainThread]: Wrote artifact SemanticManifest to C:\Arjun_dbt_project\old_dbt_project\target\semantic_manifest.json
[0m15:25:56.973566 [debug] [MainThread]: Wrote artifact OsiDocument to C:\Arjun_dbt_project\old_dbt_project\target\osi_document.json
[0m15:25:56.986995 [debug] [MainThread]: Wrote artifact RunExecutionResult to C:\Arjun_dbt_project\old_dbt_project\target\run_results.json
[0m15:25:56.987322 [info ] [MainThread]: 
[0m15:25:56.987760 [info ] [MainThread]: [31mCompleted with 2 errors, 0 partial successes, and 0 warnings:[0m
[0m15:25:56.988132 [info ] [MainThread]: 
[0m15:25:56.988504 [error] [MainThread]: [[31mERROR[0m]: in test check_negative_amount_stg_erp_budget_workflow_amount_TOTAL_SUPV_AMOUNT (models\schema.yml)
[0m15:25:56.988848 [error] [MainThread]:   Compilation Error in test check_negative_amount_stg_erp_budget_workflow_amount_TOTAL_SUPV_AMOUNT (models\schema.yml)
  'test_check_negative_amount' is undefined. This can happen when calling a macro that does not exist. Check for typos and/or install package dependencies with "dbt deps".
[0m15:25:56.989117 [info ] [MainThread]: 
[0m15:25:56.989460 [error] [MainThread]: [[31mERROR[0m]: in test not_null_stg_erp_budget_workflow_amount_TOTAL_SUPV_AMOUNT (models\schema.yml)
[0m15:25:56.989804 [error] [MainThread]:   Got 7 results, configured to fail if != 0
[0m15:25:56.990067 [info ] [MainThread]: 
[0m15:25:56.990376 [info ] [MainThread]:   compiled code at target\compiled\my_new_project\models\schema.yml\not_null_stg_erp_budget_workflow_amount_TOTAL_SUPV_AMOUNT.sql
[0m15:25:56.990640 [info ] [MainThread]: 
[0m15:25:56.990948 [info ] [MainThread]: Done. PASS=5 WARN=0 ERROR=2 SKIP=0 NO-OP=0 REUSED=0 TOTAL=7
[0m15:25:56.991704 [debug] [MainThread]: Command `dbt test` failed at 15:25:56.991609 after 12.59 seconds
[0m15:25:56.992004 [debug] [MainThread]: Sending event: {'category': 'dbt', 'action': 'invocation', 'label': 'end', 'context': [<snowplow_tracker.self_describing_json.SelfDescribingJson object at 0x000001AFF020FD10>, <snowplow_tracker.self_describing_json.SelfDescribingJson object at 0x000001AFF3BE6990>, <snowplow_tracker.self_describing_json.SelfDescribingJson object at 0x000001AFF3BE5440>]}
[0m15:25:56.992266 [debug] [MainThread]: Flushing usage events
[0m15:25:58.636013 [debug] [MainThread]: An error was encountered while trying to flush usage events
[0m15:26:13.604261 [debug] [MainThread]: Sending event: {'category': 'dbt', 'action': 'invocation', 'label': 'start', 'context': [<snowplow_tracker.self_describing_json.SelfDescribingJson object at 0x0000020D70F45160>, <snowplow_tracker.self_describing_json.SelfDescribingJson object at 0x0000020D6DD71450>, <snowplow_tracker.self_describing_json.SelfDescribingJson object at 0x0000020D736B3C50>]}


============================== 15:26:13.608051 | c62b9251-556d-4290-9917-2cfded71e0ef ==============================
[0m15:26:13.608051 [info ] [MainThread]: Running with dbt=1.12.0
[0m15:26:13.608619 [debug] [MainThread]: running dbt with arguments {'maximum_seed_size_mib': '1', 'no_print': 'None', 'version_check': 'True', 'warn_error_options': 'WarnErrorOptionsV2(error=[], warn=[], silence=[])', 'static_parser': 'True', 'target_path': 'None', 'printer_width': '80', 'write_json': 'True', 'empty': 'None', 'log_cache_events': 'False', 'introspect': 'True', 'cache_selected_only': 'False', 'log_format': 'default', 'debug': 'False', 'fail_fast': 'False', 'partial_parse': 'True', 'send_anonymous_usage_stats': 'True', 'quiet': 'False', 'warn_error': 'None', 'profiles_dir': 'C:\\Users\\HP\\.dbt', 'invocation_command': 'dbt test', 'hints_enabled': 'True', 'use_colors': 'True', 'use_experimental_parser': 'False', 'indirect_selection': 'eager', 'log_path': 'C:\\Arjun_dbt_project\\old_dbt_project\\logs'}
[0m15:26:13.949176 [debug] [MainThread]: Snowflake adapter: Setting snowflake.connector to ERROR (file logging only)
[0m15:26:13.949533 [debug] [MainThread]: Snowflake adapter: Setting botocore to ERROR (file logging only)
[0m15:26:13.949764 [debug] [MainThread]: Snowflake adapter: Setting boto3 to ERROR (file logging only)
[0m15:26:14.161825 [debug] [MainThread]: Sending event: {'category': 'dbt', 'action': 'project_id', 'label': 'c62b9251-556d-4290-9917-2cfded71e0ef', 'context': [<snowplow_tracker.self_describing_json.SelfDescribingJson object at 0x0000020D7161DE00>]}
[0m15:26:14.209562 [debug] [MainThread]: Sending event: {'category': 'dbt', 'action': 'adapter_info', 'label': 'c62b9251-556d-4290-9917-2cfded71e0ef', 'context': [<snowplow_tracker.self_describing_json.SelfDescribingJson object at 0x0000020D6F46EF10>]}
[0m15:26:14.210711 [info ] [MainThread]: Registered adapter: snowflake=1.12.0
[0m15:26:14.466324 [debug] [MainThread]: checksum: 34d064bbf3d7c01e29a022f69428015a75a45641a9d372ee507764c8a4f69675, vars: {}, profile: my_dbt_project, target: dev, version: 1.12.0
[0m15:26:14.620618 [debug] [MainThread]: Partial parsing enabled: 0 files deleted, 0 files added, 1 files changed.
[0m15:26:14.621211 [debug] [MainThread]: Partial parsing: updated file: my_new_project://macros\tests\test_null_values.sql
[0m15:26:14.704888 [debug] [MainThread]: Sending event: {'category': 'dbt', 'action': 'load_project', 'label': 'c62b9251-556d-4290-9917-2cfded71e0ef', 'context': [<snowplow_tracker.self_describing_json.SelfDescribingJson object at 0x0000020D765E0350>]}
[0m15:26:14.820877 [debug] [MainThread]: Wrote artifact WritableManifest to C:\Arjun_dbt_project\old_dbt_project\target\manifest.json
[0m15:26:14.825332 [debug] [MainThread]: Wrote artifact SemanticManifest to C:\Arjun_dbt_project\old_dbt_project\target\semantic_manifest.json
[0m15:26:14.847565 [debug] [MainThread]: Wrote artifact OsiDocument to C:\Arjun_dbt_project\old_dbt_project\target\osi_document.json
[0m15:26:14.878091 [debug] [MainThread]: Sending event: {'category': 'dbt', 'action': 'resource_counts', 'label': 'c62b9251-556d-4290-9917-2cfded71e0ef', 'context': [<snowplow_tracker.self_describing_json.SelfDescribingJson object at 0x0000020D767819A0>]}
[0m15:26:14.878550 [info ] [MainThread]: Found 15 models, 2 snapshots, 7 data tests, 7 sources, 548 macros
[0m15:26:14.878935 [debug] [MainThread]: Sending event: {'category': 'dbt', 'action': 'runnable_timing', 'label': 'c62b9251-556d-4290-9917-2cfded71e0ef', 'context': [<snowplow_tracker.self_describing_json.SelfDescribingJson object at 0x0000020D76832350>]}
[0m15:26:14.880749 [info ] [MainThread]: 
[0m15:26:14.881148 [info ] [MainThread]: Concurrency: 4 threads (target='dev')
[0m15:26:14.881497 [info ] [MainThread]: 
[0m15:26:14.881969 [debug] [MainThread]: Acquiring new snowflake connection 'master'
[0m15:26:14.886647 [debug] [ThreadPool]: Acquiring new snowflake connection 'list_DSP_PROJ_MARTS'
[0m15:26:14.901058 [debug] [ThreadPool]: Acquiring new snowflake connection 'list_DSP_PROJ_MART'
[0m15:26:14.902804 [debug] [ThreadPool]: Acquiring new snowflake connection 'list_DSP_PROJ_STAGING'
[0m15:26:14.904364 [debug] [ThreadPool]: Acquiring new snowflake connection 'list_DBT_PRACTICE_SNAPSHOTS'
[0m15:26:14.906235 [debug] [ThreadPool]: Using snowflake connection "list_DSP_PROJ_MARTS"
[0m15:26:14.906590 [debug] [ThreadPool]: Using snowflake connection "list_DSP_PROJ_MART"
[0m15:26:14.906822 [debug] [ThreadPool]: On list_DSP_PROJ_MARTS: show objects in DSP_PROJ.MARTS
    limit 10000
    

/* {"app": "dbt", "dbt_version": "1.12.0", "profile_name": "my_dbt_project", "target_name": "dev", "connection_name": "list_DSP_PROJ_MARTS"} */;
[0m15:26:14.907080 [debug] [ThreadPool]: Using snowflake connection "list_DSP_PROJ_STAGING"
[0m15:26:14.907331 [debug] [ThreadPool]: Using snowflake connection "list_DBT_PRACTICE_SNAPSHOTS"
[0m15:26:14.907505 [debug] [ThreadPool]: On list_DSP_PROJ_MART: show objects in DSP_PROJ.MART
    limit 10000
    

/* {"app": "dbt", "dbt_version": "1.12.0", "profile_name": "my_dbt_project", "target_name": "dev", "connection_name": "list_DSP_PROJ_MART"} */;
[0m15:26:14.907707 [debug] [ThreadPool]: Opening a new connection, currently in state init
[0m15:26:14.907890 [debug] [ThreadPool]: On list_DSP_PROJ_STAGING: show objects in DSP_PROJ.STAGING
    limit 10000
    

/* {"app": "dbt", "dbt_version": "1.12.0", "profile_name": "my_dbt_project", "target_name": "dev", "connection_name": "list_DSP_PROJ_STAGING"} */;
[0m15:26:14.908079 [debug] [ThreadPool]: On list_DBT_PRACTICE_SNAPSHOTS: show objects in DBT_PRACTICE.SNAPSHOTS
    limit 10000
    

/* {"app": "dbt", "dbt_version": "1.12.0", "profile_name": "my_dbt_project", "target_name": "dev", "connection_name": "list_DBT_PRACTICE_SNAPSHOTS"} */;
[0m15:26:14.908255 [debug] [ThreadPool]: Opening a new connection, currently in state init
[0m15:26:14.908513 [debug] [ThreadPool]: Opening a new connection, currently in state init
[0m15:26:14.908726 [debug] [ThreadPool]: Opening a new connection, currently in state init
[0m15:26:16.482113 [debug] [ThreadPool]: SQL status: SUCCESS 4 in 1.573 seconds
[0m15:26:16.487352 [debug] [ThreadPool]: Using snowflake connection "list_DBT_PRACTICE_SNAPSHOTS"
[0m15:26:16.487620 [debug] [ThreadPool]: On list_DBT_PRACTICE_SNAPSHOTS: show user functions in DBT_PRACTICE.SNAPSHOTS
/* {"app": "dbt", "dbt_version": "1.12.0", "profile_name": "my_dbt_project", "target_name": "dev", "connection_name": "list_DBT_PRACTICE_SNAPSHOTS"} */
[0m15:26:16.594294 [debug] [ThreadPool]: SQL status: SUCCESS 5 in 1.686 seconds
[0m15:26:16.597239 [debug] [ThreadPool]: Using snowflake connection "list_DSP_PROJ_STAGING"
[0m15:26:16.597671 [debug] [ThreadPool]: On list_DSP_PROJ_STAGING: show user functions in DSP_PROJ.STAGING
/* {"app": "dbt", "dbt_version": "1.12.0", "profile_name": "my_dbt_project", "target_name": "dev", "connection_name": "list_DSP_PROJ_STAGING"} */
[0m15:26:16.840734 [debug] [ThreadPool]: SQL status: SUCCESS 0 in 0.353 seconds
[0m15:26:16.842864 [debug] [ThreadPool]: Re-using an available connection from the pool (formerly list_DBT_PRACTICE_SNAPSHOTS, now list_DSP_PROJ_INTERMEDIATE)
[0m15:26:16.845060 [debug] [ThreadPool]: Using snowflake connection "list_DSP_PROJ_INTERMEDIATE"
[0m15:26:16.845463 [debug] [ThreadPool]: On list_DSP_PROJ_INTERMEDIATE: show objects in DSP_PROJ.INTERMEDIATE
    limit 10000
    

/* {"app": "dbt", "dbt_version": "1.12.0", "profile_name": "my_dbt_project", "target_name": "dev", "connection_name": "list_DSP_PROJ_INTERMEDIATE"} */;
[0m15:26:16.935168 [debug] [ThreadPool]: SQL status: SUCCESS 0 in 0.337 seconds
[0m15:26:16.978351 [debug] [ThreadPool]: SQL status: SUCCESS 5 in 2.070 seconds
[0m15:26:16.980866 [debug] [ThreadPool]: Using snowflake connection "list_DSP_PROJ_MART"
[0m15:26:16.981385 [debug] [ThreadPool]: On list_DSP_PROJ_MART: show user functions in DSP_PROJ.MART
/* {"app": "dbt", "dbt_version": "1.12.0", "profile_name": "my_dbt_project", "target_name": "dev", "connection_name": "list_DSP_PROJ_MART"} */
[0m15:26:17.184635 [debug] [ThreadPool]: SQL status: SUCCESS 3 in 0.339 seconds
[0m15:26:17.186408 [debug] [ThreadPool]: Using snowflake connection "list_DSP_PROJ_INTERMEDIATE"
[0m15:26:17.186647 [debug] [ThreadPool]: On list_DSP_PROJ_INTERMEDIATE: show user functions in DSP_PROJ.INTERMEDIATE
/* {"app": "dbt", "dbt_version": "1.12.0", "profile_name": "my_dbt_project", "target_name": "dev", "connection_name": "list_DSP_PROJ_INTERMEDIATE"} */
[0m15:26:17.251878 [debug] [ThreadPool]: SQL status: SUCCESS 4 in 2.344 seconds
[0m15:26:17.254853 [debug] [ThreadPool]: Using snowflake connection "list_DSP_PROJ_MARTS"
[0m15:26:17.255368 [debug] [ThreadPool]: On list_DSP_PROJ_MARTS: show user functions in DSP_PROJ.MARTS
/* {"app": "dbt", "dbt_version": "1.12.0", "profile_name": "my_dbt_project", "target_name": "dev", "connection_name": "list_DSP_PROJ_MARTS"} */
[0m15:26:17.322072 [debug] [ThreadPool]: SQL status: SUCCESS 0 in 0.340 seconds
[0m15:26:17.547756 [debug] [ThreadPool]: SQL status: SUCCESS 0 in 0.361 seconds
[0m15:26:17.603664 [debug] [ThreadPool]: SQL status: SUCCESS 0 in 0.348 seconds
[0m15:26:17.606027 [debug] [MainThread]: Sending event: {'category': 'dbt', 'action': 'runnable_timing', 'label': 'c62b9251-556d-4290-9917-2cfded71e0ef', 'context': [<snowplow_tracker.self_describing_json.SelfDescribingJson object at 0x0000020D76858870>]}
[0m15:26:17.610327 [debug] [Thread-2 (]: Began running node test.my_new_project.check_negative_amount
[0m15:26:17.611001 [debug] [Thread-5 (]: Began running node test.my_new_project.not_null_stg_consumer_application_detail_created_date.6177596507
[0m15:26:17.611278 [debug] [Thread-3 (]: Began running node test.my_new_project.check_negative_amount_stg_erp_budget_workflow_amount_TOTAL_SUPV_AMOUNT.a90233cdc1
[0m15:26:17.610700 [info ] [Thread-2 (]: 1 of 7 START test check_negative_amount ........................................ [RUN]
[0m15:26:17.611558 [debug] [Thread-4 (]: Began running node test.my_new_project.not_null_stg_consumer_application_detail_consumer_application_number.bedd807512
[0m15:26:17.611800 [info ] [Thread-5 (]: 4 of 7 START test not_null_stg_consumer_application_detail_created_date ........ [RUN]
[0m15:26:17.612559 [debug] [Thread-2 (]: Acquiring new snowflake connection 'test.my_new_project.check_negative_amount'
[0m15:26:17.612081 [info ] [Thread-3 (]: 2 of 7 START test check_negative_amount_stg_erp_budget_workflow_amount_TOTAL_SUPV_AMOUNT  [RUN]
[0m15:26:17.613737 [debug] [Thread-5 (]: Acquiring new snowflake connection 'test.my_new_project.not_null_stg_consumer_application_detail_created_date.6177596507'
[0m15:26:17.614149 [debug] [Thread-2 (]: Began compiling node test.my_new_project.check_negative_amount
[0m15:26:17.613185 [info ] [Thread-4 (]: 3 of 7 START test not_null_stg_consumer_application_detail_consumer_application_number  [RUN]
[0m15:26:17.614765 [debug] [Thread-3 (]: Acquiring new snowflake connection 'test.my_new_project.check_negative_amount_stg_erp_budget_workflow_amount_TOTAL_SUPV_AMOUNT.a90233cdc1'
[0m15:26:17.615193 [debug] [Thread-5 (]: Began compiling node test.my_new_project.not_null_stg_consumer_application_detail_created_date.6177596507
[0m15:26:17.621691 [debug] [Thread-2 (]: Writing injected SQL for node "test.my_new_project.check_negative_amount"
[0m15:26:17.622252 [debug] [Thread-4 (]: Acquiring new snowflake connection 'test.my_new_project.not_null_stg_consumer_application_detail_consumer_application_number.bedd807512'
[0m15:26:17.622624 [debug] [Thread-3 (]: Began compiling node test.my_new_project.check_negative_amount_stg_erp_budget_workflow_amount_TOTAL_SUPV_AMOUNT.a90233cdc1
[0m15:26:17.636354 [debug] [Thread-5 (]: Writing injected SQL for node "test.my_new_project.not_null_stg_consumer_application_detail_created_date.6177596507"
[0m15:26:17.637174 [debug] [Thread-4 (]: Began compiling node test.my_new_project.not_null_stg_consumer_application_detail_consumer_application_number.bedd807512
[0m15:26:17.648204 [debug] [Thread-4 (]: Writing injected SQL for node "test.my_new_project.not_null_stg_consumer_application_detail_consumer_application_number.bedd807512"
[0m15:26:17.652047 [debug] [Thread-5 (]: Began executing node test.my_new_project.not_null_stg_consumer_application_detail_created_date.6177596507
[0m15:26:17.652551 [debug] [Thread-4 (]: Began executing node test.my_new_project.not_null_stg_consumer_application_detail_consumer_application_number.bedd807512
[0m15:26:17.660233 [debug] [Thread-2 (]: Began executing node test.my_new_project.check_negative_amount
[0m15:26:17.668702 [debug] [Thread-5 (]: Writing runtime sql for node "test.my_new_project.not_null_stg_consumer_application_detail_created_date.6177596507"
[0m15:26:17.670356 [debug] [Thread-4 (]: Writing runtime sql for node "test.my_new_project.not_null_stg_consumer_application_detail_consumer_application_number.bedd807512"
[0m15:26:17.671670 [debug] [Thread-2 (]: Writing runtime sql for node "test.my_new_project.check_negative_amount"
[0m15:26:17.674662 [debug] [Thread-3 (]: Compilation Error in test check_negative_amount_stg_erp_budget_workflow_amount_TOTAL_SUPV_AMOUNT (models\schema.yml)
  'test_check_negative_amount' is undefined. This can happen when calling a macro that does not exist. Check for typos and/or install package dependencies with "dbt deps".
[0m15:26:17.676026 [debug] [Thread-5 (]: Using snowflake connection "test.my_new_project.not_null_stg_consumer_application_detail_created_date.6177596507"
[0m15:26:17.675459 [error] [Thread-3 (]: 2 of 7 ERROR check_negative_amount_stg_erp_budget_workflow_amount_TOTAL_SUPV_AMOUNT  [[31mERROR[0m in 0.06s]
[0m15:26:17.676967 [debug] [Thread-4 (]: Using snowflake connection "test.my_new_project.not_null_stg_consumer_application_detail_consumer_application_number.bedd807512"
[0m15:26:17.677429 [debug] [Thread-5 (]: On test.my_new_project.not_null_stg_consumer_application_detail_created_date.6177596507: select
      count(*) as failures,
      count(*) != 0 as should_warn,
      count(*) != 0 as should_error
    from (
      
    
  
    
    



select created_date
from DSP_PROJ.STAGING.stg_consumer_application_detail
where created_date is null



  
  
      
    ) dbt_internal_test
/* {"app": "dbt", "dbt_version": "1.12.0", "profile_name": "my_dbt_project", "target_name": "dev", "node_id": "test.my_new_project.not_null_stg_consumer_application_detail_created_date.6177596507"} */
[0m15:26:17.677941 [debug] [Thread-2 (]: Using snowflake connection "test.my_new_project.check_negative_amount"
[0m15:26:17.678348 [debug] [Thread-3 (]: Finished running node test.my_new_project.check_negative_amount_stg_erp_budget_workflow_amount_TOTAL_SUPV_AMOUNT.a90233cdc1
[0m15:26:17.678660 [debug] [Thread-4 (]: On test.my_new_project.not_null_stg_consumer_application_detail_consumer_application_number.bedd807512: select
      count(*) as failures,
      count(*) != 0 as should_warn,
      count(*) != 0 as should_error
    from (
      
    
  
    
    



select consumer_application_number
from DSP_PROJ.STAGING.stg_consumer_application_detail
where consumer_application_number is null



  
  
      
    ) dbt_internal_test
/* {"app": "dbt", "dbt_version": "1.12.0", "profile_name": "my_dbt_project", "target_name": "dev", "node_id": "test.my_new_project.not_null_stg_consumer_application_detail_consumer_application_number.bedd807512"} */
[0m15:26:17.678972 [debug] [Thread-5 (]: Opening a new connection, currently in state init
[0m15:26:17.679252 [debug] [Thread-2 (]: On test.my_new_project.check_negative_amount: select
      count(*) as failures,
      count(*) != 0 as should_warn,
      count(*) != 0 as should_error
    from (
      
    
  select * from 
DSP_PROJ.STAGING.stg_erp_budget_workflow_amount
where TOTAL_SUPV_AMOUNT<0
  
  
      
    ) dbt_internal_test
/* {"app": "dbt", "dbt_version": "1.12.0", "profile_name": "my_dbt_project", "target_name": "dev", "node_id": "test.my_new_project.check_negative_amount"} */
[0m15:26:17.679571 [debug] [Thread-3 (]: Began running node test.my_new_project.not_null_stg_customers_customer_id.e2cfb1f9aa
[0m15:26:17.679891 [debug] [Thread-8 (]: Marking all children of 'test.my_new_project.check_negative_amount_stg_erp_budget_workflow_amount_TOTAL_SUPV_AMOUNT.a90233cdc1' to be skipped because of status 'error'.  Reason: Compilation Error in test check_negative_amount_stg_erp_budget_workflow_amount_TOTAL_SUPV_AMOUNT (models\schema.yml)
  'test_check_negative_amount' is undefined. This can happen when calling a macro that does not exist. Check for typos and/or install package dependencies with "dbt deps"..
[0m15:26:17.680143 [debug] [Thread-4 (]: Opening a new connection, currently in state init
[0m15:26:17.680485 [debug] [Thread-2 (]: Opening a new connection, currently in state init
[0m15:26:17.680794 [info ] [Thread-3 (]: 5 of 7 START test not_null_stg_customers_customer_id ........................... [RUN]
[0m15:26:17.682906 [debug] [Thread-3 (]: Re-using an available connection from the pool (formerly test.my_new_project.check_negative_amount_stg_erp_budget_workflow_amount_TOTAL_SUPV_AMOUNT.a90233cdc1, now test.my_new_project.not_null_stg_customers_customer_id.e2cfb1f9aa)
[0m15:26:17.683814 [debug] [Thread-3 (]: Began compiling node test.my_new_project.not_null_stg_customers_customer_id.e2cfb1f9aa
[0m15:26:17.688756 [debug] [Thread-3 (]: Writing injected SQL for node "test.my_new_project.not_null_stg_customers_customer_id.e2cfb1f9aa"
[0m15:26:17.693030 [debug] [Thread-3 (]: Began executing node test.my_new_project.not_null_stg_customers_customer_id.e2cfb1f9aa
[0m15:26:17.696485 [debug] [Thread-3 (]: Writing runtime sql for node "test.my_new_project.not_null_stg_customers_customer_id.e2cfb1f9aa"
[0m15:26:17.703645 [debug] [Thread-3 (]: Using snowflake connection "test.my_new_project.not_null_stg_customers_customer_id.e2cfb1f9aa"
[0m15:26:17.704157 [debug] [Thread-3 (]: On test.my_new_project.not_null_stg_customers_customer_id.e2cfb1f9aa: select
      count(*) as failures,
      count(*) != 0 as should_warn,
      count(*) != 0 as should_error
    from (
      
    
  
    
    



select customer_id
from DBT_PRACTICE.SNAPSHOTS.stg_customers
where customer_id is null



  
  
      
    ) dbt_internal_test
/* {"app": "dbt", "dbt_version": "1.12.0", "profile_name": "my_dbt_project", "target_name": "dev", "node_id": "test.my_new_project.not_null_stg_customers_customer_id.e2cfb1f9aa"} */
[0m15:26:17.704677 [debug] [Thread-3 (]: Opening a new connection, currently in state init
[0m15:26:18.879419 [debug] [Thread-2 (]: SQL status: SUCCESS 1 in 1.199 seconds
[0m15:26:18.889202 [info ] [Thread-2 (]: 1 of 7 PASS check_negative_amount .............................................. [[32mPASS[0m in 1.28s]
[0m15:26:18.889933 [debug] [Thread-2 (]: Finished running node test.my_new_project.check_negative_amount
[0m15:26:18.890336 [debug] [Thread-2 (]: Began running node test.my_new_project.not_null_stg_erp_budget_workflow_amount_TOTAL_SUPV_AMOUNT.16d99e87d1
[0m15:26:18.890585 [info ] [Thread-2 (]: 6 of 7 START test not_null_stg_erp_budget_workflow_amount_TOTAL_SUPV_AMOUNT .... [RUN]
[0m15:26:18.891357 [debug] [Thread-2 (]: Re-using an available connection from the pool (formerly test.my_new_project.check_negative_amount, now test.my_new_project.not_null_stg_erp_budget_workflow_amount_TOTAL_SUPV_AMOUNT.16d99e87d1)
[0m15:26:18.891743 [debug] [Thread-2 (]: Began compiling node test.my_new_project.not_null_stg_erp_budget_workflow_amount_TOTAL_SUPV_AMOUNT.16d99e87d1
[0m15:26:18.897284 [debug] [Thread-2 (]: Writing injected SQL for node "test.my_new_project.not_null_stg_erp_budget_workflow_amount_TOTAL_SUPV_AMOUNT.16d99e87d1"
[0m15:26:18.900946 [debug] [Thread-2 (]: Began executing node test.my_new_project.not_null_stg_erp_budget_workflow_amount_TOTAL_SUPV_AMOUNT.16d99e87d1
[0m15:26:18.902341 [debug] [Thread-2 (]: Writing runtime sql for node "test.my_new_project.not_null_stg_erp_budget_workflow_amount_TOTAL_SUPV_AMOUNT.16d99e87d1"
[0m15:26:18.905745 [debug] [Thread-2 (]: Using snowflake connection "test.my_new_project.not_null_stg_erp_budget_workflow_amount_TOTAL_SUPV_AMOUNT.16d99e87d1"
[0m15:26:18.906085 [debug] [Thread-2 (]: On test.my_new_project.not_null_stg_erp_budget_workflow_amount_TOTAL_SUPV_AMOUNT.16d99e87d1: select
      count(*) as failures,
      count(*) != 0 as should_warn,
      count(*) != 0 as should_error
    from (
      
    
  
    
    



select TOTAL_SUPV_AMOUNT
from DSP_PROJ.STAGING.stg_erp_budget_workflow_amount
where TOTAL_SUPV_AMOUNT is null



  
  
      
    ) dbt_internal_test
/* {"app": "dbt", "dbt_version": "1.12.0", "profile_name": "my_dbt_project", "target_name": "dev", "node_id": "test.my_new_project.not_null_stg_erp_budget_workflow_amount_TOTAL_SUPV_AMOUNT.16d99e87d1"} */
[0m15:26:18.909450 [debug] [Thread-5 (]: SQL status: SUCCESS 1 in 1.230 seconds
[0m15:26:18.911576 [info ] [Thread-5 (]: 4 of 7 PASS not_null_stg_consumer_application_detail_created_date .............. [[32mPASS[0m in 1.30s]
[0m15:26:18.912286 [debug] [Thread-5 (]: Finished running node test.my_new_project.not_null_stg_consumer_application_detail_created_date.6177596507
[0m15:26:18.912627 [debug] [Thread-5 (]: Began running node test.my_new_project.unique_stg_customers_customer_id.c7614daada
[0m15:26:18.913176 [info ] [Thread-5 (]: 7 of 7 START test unique_stg_customers_customer_id ............................. [RUN]
[0m15:26:18.913921 [debug] [Thread-5 (]: Re-using an available connection from the pool (formerly test.my_new_project.not_null_stg_consumer_application_detail_created_date.6177596507, now test.my_new_project.unique_stg_customers_customer_id.c7614daada)
[0m15:26:18.914337 [debug] [Thread-5 (]: Began compiling node test.my_new_project.unique_stg_customers_customer_id.c7614daada
[0m15:26:18.920243 [debug] [Thread-5 (]: Writing injected SQL for node "test.my_new_project.unique_stg_customers_customer_id.c7614daada"
[0m15:26:18.923261 [debug] [Thread-5 (]: Began executing node test.my_new_project.unique_stg_customers_customer_id.c7614daada
[0m15:26:18.924557 [debug] [Thread-5 (]: Writing runtime sql for node "test.my_new_project.unique_stg_customers_customer_id.c7614daada"
[0m15:26:18.928172 [debug] [Thread-5 (]: Using snowflake connection "test.my_new_project.unique_stg_customers_customer_id.c7614daada"
[0m15:26:18.928541 [debug] [Thread-5 (]: On test.my_new_project.unique_stg_customers_customer_id.c7614daada: select
      count(*) as failures,
      count(*) != 0 as should_warn,
      count(*) != 0 as should_error
    from (
      
    
  
    
    

select
    customer_id as unique_field,
    count(*) as n_records

from DBT_PRACTICE.SNAPSHOTS.stg_customers
where customer_id is not null
group by customer_id
having count(*) > 1



  
  
      
    ) dbt_internal_test
/* {"app": "dbt", "dbt_version": "1.12.0", "profile_name": "my_dbt_project", "target_name": "dev", "node_id": "test.my_new_project.unique_stg_customers_customer_id.c7614daada"} */
[0m15:26:18.947717 [debug] [Thread-3 (]: SQL status: SUCCESS 1 in 1.243 seconds
[0m15:26:18.948335 [debug] [Thread-4 (]: SQL status: SUCCESS 1 in 1.268 seconds
[0m15:26:18.949694 [info ] [Thread-3 (]: 5 of 7 PASS not_null_stg_customers_customer_id ................................. [[32mPASS[0m in 1.27s]
[0m15:26:18.951424 [debug] [Thread-3 (]: Finished running node test.my_new_project.not_null_stg_customers_customer_id.e2cfb1f9aa
[0m15:26:18.951045 [info ] [Thread-4 (]: 3 of 7 PASS not_null_stg_consumer_application_detail_consumer_application_number  [[32mPASS[0m in 1.33s]
[0m15:26:18.951916 [debug] [Thread-4 (]: Finished running node test.my_new_project.not_null_stg_consumer_application_detail_consumer_application_number.bedd807512
[0m15:26:19.237698 [debug] [Thread-2 (]: SQL status: SUCCESS 1 in 0.331 seconds
[0m15:26:19.240335 [error] [Thread-2 (]: 6 of 7 FAIL 7 not_null_stg_erp_budget_workflow_amount_TOTAL_SUPV_AMOUNT ........ [[31mFAIL 7[0m in 0.35s]
[0m15:26:19.241308 [debug] [Thread-2 (]: Finished running node test.my_new_project.not_null_stg_erp_budget_workflow_amount_TOTAL_SUPV_AMOUNT.16d99e87d1
[0m15:26:19.257652 [debug] [Thread-5 (]: SQL status: SUCCESS 1 in 0.328 seconds
[0m15:26:19.261432 [info ] [Thread-5 (]: 7 of 7 PASS unique_stg_customers_customer_id ................................... [[32mPASS[0m in 0.35s]
[0m15:26:19.262686 [debug] [Thread-5 (]: Finished running node test.my_new_project.unique_stg_customers_customer_id.c7614daada
[0m15:26:19.264165 [debug] [MainThread]: Connection 'master' was properly closed.
[0m15:26:19.264430 [debug] [MainThread]: Connection 'list_DSP_PROJ_MARTS' was left open.
[0m15:26:19.264627 [debug] [MainThread]: On list_DSP_PROJ_MARTS: Close
[0m15:26:19.898075 [debug] [MainThread]: Connection 'list_DSP_PROJ_MART' was left open.
[0m15:26:19.898442 [debug] [MainThread]: On list_DSP_PROJ_MART: Close
[0m15:26:20.602461 [debug] [MainThread]: Connection 'list_DSP_PROJ_STAGING' was left open.
[0m15:26:20.602801 [debug] [MainThread]: On list_DSP_PROJ_STAGING: Close
[0m15:26:21.223177 [debug] [MainThread]: Connection 'list_DSP_PROJ_INTERMEDIATE' was left open.
[0m15:26:21.223600 [debug] [MainThread]: On list_DSP_PROJ_INTERMEDIATE: Close
[0m15:26:21.927940 [debug] [MainThread]: Connection 'test.my_new_project.not_null_stg_erp_budget_workflow_amount_TOTAL_SUPV_AMOUNT.16d99e87d1' was left open.
[0m15:26:21.929409 [debug] [MainThread]: On test.my_new_project.not_null_stg_erp_budget_workflow_amount_TOTAL_SUPV_AMOUNT.16d99e87d1: Close
[0m15:26:22.521188 [debug] [MainThread]: Connection 'test.my_new_project.unique_stg_customers_customer_id.c7614daada' was left open.
[0m15:26:22.521523 [debug] [MainThread]: On test.my_new_project.unique_stg_customers_customer_id.c7614daada: Close
[0m15:26:23.199433 [debug] [MainThread]: Connection 'test.my_new_project.not_null_stg_customers_customer_id.e2cfb1f9aa' was left open.
[0m15:26:23.199777 [debug] [MainThread]: On test.my_new_project.not_null_stg_customers_customer_id.e2cfb1f9aa: Close
[0m15:26:23.933395 [debug] [MainThread]: Connection 'test.my_new_project.not_null_stg_consumer_application_detail_consumer_application_number.bedd807512' was left open.
[0m15:26:23.933889 [debug] [MainThread]: On test.my_new_project.not_null_stg_consumer_application_detail_consumer_application_number.bedd807512: Close
[0m15:26:24.581487 [info ] [MainThread]: 
[0m15:26:24.582060 [info ] [MainThread]: Finished running 7 data tests in 0 hours 0 minutes and 9.70 seconds (9.70s).
[0m15:26:24.583242 [debug] [MainThread]: Command end result
[0m15:26:24.636391 [debug] [MainThread]: Wrote artifact WritableManifest to C:\Arjun_dbt_project\old_dbt_project\target\manifest.json
[0m15:26:24.641140 [debug] [MainThread]: Wrote artifact SemanticManifest to C:\Arjun_dbt_project\old_dbt_project\target\semantic_manifest.json
[0m15:26:24.648735 [debug] [MainThread]: Wrote artifact OsiDocument to C:\Arjun_dbt_project\old_dbt_project\target\osi_document.json
[0m15:26:24.661260 [debug] [MainThread]: Wrote artifact RunExecutionResult to C:\Arjun_dbt_project\old_dbt_project\target\run_results.json
[0m15:26:24.661620 [info ] [MainThread]: 
[0m15:26:24.661986 [info ] [MainThread]: [31mCompleted with 2 errors, 0 partial successes, and 0 warnings:[0m
[0m15:26:24.662336 [info ] [MainThread]: 
[0m15:26:24.662703 [error] [MainThread]: [[31mERROR[0m]: in test check_negative_amount_stg_erp_budget_workflow_amount_TOTAL_SUPV_AMOUNT (models\schema.yml)
[0m15:26:24.663026 [error] [MainThread]:   Compilation Error in test check_negative_amount_stg_erp_budget_workflow_amount_TOTAL_SUPV_AMOUNT (models\schema.yml)
  'test_check_negative_amount' is undefined. This can happen when calling a macro that does not exist. Check for typos and/or install package dependencies with "dbt deps".
[0m15:26:24.663283 [info ] [MainThread]: 
[0m15:26:24.663546 [error] [MainThread]: [[31mERROR[0m]: in test not_null_stg_erp_budget_workflow_amount_TOTAL_SUPV_AMOUNT (models\schema.yml)
[0m15:26:24.663788 [error] [MainThread]:   Got 7 results, configured to fail if != 0
[0m15:26:24.663991 [info ] [MainThread]: 
[0m15:26:24.664231 [info ] [MainThread]:   compiled code at target\compiled\my_new_project\models\schema.yml\not_null_stg_erp_budget_workflow_amount_TOTAL_SUPV_AMOUNT.sql
[0m15:26:24.664454 [info ] [MainThread]: 
[0m15:26:24.664690 [info ] [MainThread]: Done. PASS=5 WARN=0 ERROR=2 SKIP=0 NO-OP=0 REUSED=0 TOTAL=7
[0m15:26:24.665360 [debug] [MainThread]: Command `dbt test` failed at 15:26:24.665263 after 11.18 seconds
[0m15:26:24.665653 [debug] [MainThread]: Sending event: {'category': 'dbt', 'action': 'invocation', 'label': 'end', 'context': [<snowplow_tracker.self_describing_json.SelfDescribingJson object at 0x0000020D7335FD10>, <snowplow_tracker.self_describing_json.SelfDescribingJson object at 0x0000020D76B4B3E0>, <snowplow_tracker.self_describing_json.SelfDescribingJson object at 0x0000020D76813960>]}
[0m15:26:24.665932 [debug] [MainThread]: Flushing usage events
[0m15:26:26.067470 [debug] [MainThread]: An error was encountered while trying to flush usage events
[0m15:26:50.783484 [debug] [MainThread]: Sending event: {'category': 'dbt', 'action': 'invocation', 'label': 'start', 'context': [<snowplow_tracker.self_describing_json.SelfDescribingJson object at 0x0000023A69A65160>, <snowplow_tracker.self_describing_json.SelfDescribingJson object at 0x0000023A66971450>, <snowplow_tracker.self_describing_json.SelfDescribingJson object at 0x0000023A6C1C3C50>]}


============================== 15:26:50.787158 | 9cb16d35-7171-4439-9ac4-fff6355888b3 ==============================
[0m15:26:50.787158 [info ] [MainThread]: Running with dbt=1.12.0
[0m15:26:50.787774 [debug] [MainThread]: running dbt with arguments {'version_check': 'True', 'no_print': 'None', 'maximum_seed_size_mib': '1', 'target_path': 'None', 'warn_error_options': 'WarnErrorOptionsV2(error=[], warn=[], silence=[])', 'static_parser': 'True', 'printer_width': '80', 'write_json': 'True', 'introspect': 'True', 'log_cache_events': 'False', 'empty': 'None', 'cache_selected_only': 'False', 'log_format': 'default', 'debug': 'False', 'fail_fast': 'False', 'profiles_dir': 'C:\\Users\\HP\\.dbt', 'send_anonymous_usage_stats': 'True', 'quiet': 'False', 'warn_error': 'None', 'partial_parse': 'True', 'indirect_selection': 'eager', 'hints_enabled': 'True', 'invocation_command': 'dbt test', 'use_experimental_parser': 'False', 'use_colors': 'True', 'log_path': 'C:\\Arjun_dbt_project\\old_dbt_project\\logs'}
[0m15:26:51.223139 [debug] [MainThread]: Snowflake adapter: Setting snowflake.connector to ERROR (file logging only)
[0m15:26:51.223721 [debug] [MainThread]: Snowflake adapter: Setting botocore to ERROR (file logging only)
[0m15:26:51.224113 [debug] [MainThread]: Snowflake adapter: Setting boto3 to ERROR (file logging only)
[0m15:26:51.498883 [debug] [MainThread]: Sending event: {'category': 'dbt', 'action': 'project_id', 'label': '9cb16d35-7171-4439-9ac4-fff6355888b3', 'context': [<snowplow_tracker.self_describing_json.SelfDescribingJson object at 0x0000023A6A12DE00>]}
[0m15:26:51.563892 [debug] [MainThread]: Sending event: {'category': 'dbt', 'action': 'adapter_info', 'label': '9cb16d35-7171-4439-9ac4-fff6355888b3', 'context': [<snowplow_tracker.self_describing_json.SelfDescribingJson object at 0x0000023A67FBEF10>]}
[0m15:26:51.565644 [info ] [MainThread]: Registered adapter: snowflake=1.12.0
[0m15:26:51.861422 [debug] [MainThread]: checksum: 34d064bbf3d7c01e29a022f69428015a75a45641a9d372ee507764c8a4f69675, vars: {}, profile: my_dbt_project, target: dev, version: 1.12.0
[0m15:26:52.030822 [debug] [MainThread]: Partial parsing enabled: 0 files deleted, 0 files added, 1 files changed.
[0m15:26:52.031466 [debug] [MainThread]: Partial parsing: updated file: my_new_project://models\schema.yml
[0m15:26:52.568462 [debug] [MainThread]: Sending event: {'category': 'dbt', 'action': 'load_project', 'label': '9cb16d35-7171-4439-9ac4-fff6355888b3', 'context': [<snowplow_tracker.self_describing_json.SelfDescribingJson object at 0x0000023A6E163150>]}
[0m15:26:52.694216 [debug] [MainThread]: Wrote artifact WritableManifest to C:\Arjun_dbt_project\old_dbt_project\target\manifest.json
[0m15:26:52.700307 [debug] [MainThread]: Wrote artifact SemanticManifest to C:\Arjun_dbt_project\old_dbt_project\target\semantic_manifest.json
[0m15:26:52.725029 [debug] [MainThread]: Wrote artifact OsiDocument to C:\Arjun_dbt_project\old_dbt_project\target\osi_document.json
[0m15:26:52.759265 [debug] [MainThread]: Sending event: {'category': 'dbt', 'action': 'resource_counts', 'label': '9cb16d35-7171-4439-9ac4-fff6355888b3', 'context': [<snowplow_tracker.self_describing_json.SelfDescribingJson object at 0x0000023A6F6BAE40>]}
[0m15:26:52.759735 [info ] [MainThread]: Found 15 models, 2 snapshots, 6 data tests, 7 sources, 548 macros
[0m15:26:52.760214 [debug] [MainThread]: Sending event: {'category': 'dbt', 'action': 'runnable_timing', 'label': '9cb16d35-7171-4439-9ac4-fff6355888b3', 'context': [<snowplow_tracker.self_describing_json.SelfDescribingJson object at 0x0000023A6F261550>]}
[0m15:26:52.762367 [info ] [MainThread]: 
[0m15:26:52.762895 [info ] [MainThread]: Concurrency: 4 threads (target='dev')
[0m15:26:52.763263 [info ] [MainThread]: 
[0m15:26:52.763877 [debug] [MainThread]: Acquiring new snowflake connection 'master'
[0m15:26:52.769480 [debug] [ThreadPool]: Acquiring new snowflake connection 'list_DSP_PROJ_INTERMEDIATE'
[0m15:26:52.771819 [debug] [ThreadPool]: Acquiring new snowflake connection 'list_DBT_PRACTICE_SNAPSHOTS'
[0m15:26:52.788061 [debug] [ThreadPool]: Acquiring new snowflake connection 'list_DSP_PROJ_STAGING'
[0m15:26:52.791459 [debug] [ThreadPool]: Acquiring new snowflake connection 'list_DSP_PROJ_MART'
[0m15:26:52.794570 [debug] [ThreadPool]: Using snowflake connection "list_DSP_PROJ_INTERMEDIATE"
[0m15:26:52.795020 [debug] [ThreadPool]: Using snowflake connection "list_DBT_PRACTICE_SNAPSHOTS"
[0m15:26:52.795328 [debug] [ThreadPool]: On list_DSP_PROJ_INTERMEDIATE: show objects in DSP_PROJ.INTERMEDIATE
    limit 10000
    

/* {"app": "dbt", "dbt_version": "1.12.0", "profile_name": "my_dbt_project", "target_name": "dev", "connection_name": "list_DSP_PROJ_INTERMEDIATE"} */;
[0m15:26:52.795619 [debug] [ThreadPool]: Using snowflake connection "list_DSP_PROJ_STAGING"
[0m15:26:52.795903 [debug] [ThreadPool]: Using snowflake connection "list_DSP_PROJ_MART"
[0m15:26:52.796114 [debug] [ThreadPool]: On list_DBT_PRACTICE_SNAPSHOTS: show objects in DBT_PRACTICE.SNAPSHOTS
    limit 10000
    

/* {"app": "dbt", "dbt_version": "1.12.0", "profile_name": "my_dbt_project", "target_name": "dev", "connection_name": "list_DBT_PRACTICE_SNAPSHOTS"} */;
[0m15:26:52.796343 [debug] [ThreadPool]: Opening a new connection, currently in state init
[0m15:26:52.796605 [debug] [ThreadPool]: On list_DSP_PROJ_STAGING: show objects in DSP_PROJ.STAGING
    limit 10000
    

/* {"app": "dbt", "dbt_version": "1.12.0", "profile_name": "my_dbt_project", "target_name": "dev", "connection_name": "list_DSP_PROJ_STAGING"} */;
[0m15:26:52.796838 [debug] [ThreadPool]: On list_DSP_PROJ_MART: show objects in DSP_PROJ.MART
    limit 10000
    

/* {"app": "dbt", "dbt_version": "1.12.0", "profile_name": "my_dbt_project", "target_name": "dev", "connection_name": "list_DSP_PROJ_MART"} */;
[0m15:26:52.797047 [debug] [ThreadPool]: Opening a new connection, currently in state init
[0m15:26:52.797356 [debug] [ThreadPool]: Opening a new connection, currently in state init
[0m15:26:52.797601 [debug] [ThreadPool]: Opening a new connection, currently in state init
[0m15:26:54.309949 [debug] [ThreadPool]: SQL status: SUCCESS 4 in 1.513 seconds
[0m15:26:54.315487 [debug] [ThreadPool]: Using snowflake connection "list_DBT_PRACTICE_SNAPSHOTS"
[0m15:26:54.316013 [debug] [ThreadPool]: SQL status: SUCCESS 5 in 1.518 seconds
[0m15:26:54.316675 [debug] [ThreadPool]: On list_DBT_PRACTICE_SNAPSHOTS: show user functions in DBT_PRACTICE.SNAPSHOTS
/* {"app": "dbt", "dbt_version": "1.12.0", "profile_name": "my_dbt_project", "target_name": "dev", "connection_name": "list_DBT_PRACTICE_SNAPSHOTS"} */
[0m15:26:54.317068 [debug] [ThreadPool]: SQL status: SUCCESS 3 in 1.521 seconds
[0m15:26:54.319684 [debug] [ThreadPool]: Using snowflake connection "list_DSP_PROJ_MART"
[0m15:26:54.322574 [debug] [ThreadPool]: Using snowflake connection "list_DSP_PROJ_INTERMEDIATE"
[0m15:26:54.322962 [debug] [ThreadPool]: On list_DSP_PROJ_MART: show user functions in DSP_PROJ.MART
/* {"app": "dbt", "dbt_version": "1.12.0", "profile_name": "my_dbt_project", "target_name": "dev", "connection_name": "list_DSP_PROJ_MART"} */
[0m15:26:54.323304 [debug] [ThreadPool]: On list_DSP_PROJ_INTERMEDIATE: show user functions in DSP_PROJ.INTERMEDIATE
/* {"app": "dbt", "dbt_version": "1.12.0", "profile_name": "my_dbt_project", "target_name": "dev", "connection_name": "list_DSP_PROJ_INTERMEDIATE"} */
[0m15:26:54.376359 [debug] [ThreadPool]: SQL status: SUCCESS 5 in 1.579 seconds
[0m15:26:54.381042 [debug] [ThreadPool]: Using snowflake connection "list_DSP_PROJ_STAGING"
[0m15:26:54.381662 [debug] [ThreadPool]: On list_DSP_PROJ_STAGING: show user functions in DSP_PROJ.STAGING
/* {"app": "dbt", "dbt_version": "1.12.0", "profile_name": "my_dbt_project", "target_name": "dev", "connection_name": "list_DSP_PROJ_STAGING"} */
[0m15:26:54.632730 [debug] [ThreadPool]: SQL status: SUCCESS 0 in 0.309 seconds
[0m15:26:54.636106 [debug] [ThreadPool]: Re-using an available connection from the pool (formerly list_DSP_PROJ_MART, now list_DSP_PROJ_MARTS)
[0m15:26:54.640390 [debug] [ThreadPool]: Using snowflake connection "list_DSP_PROJ_MARTS"
[0m15:26:54.641565 [debug] [ThreadPool]: SQL status: SUCCESS 0 in 0.318 seconds
[0m15:26:54.641983 [debug] [ThreadPool]: On list_DSP_PROJ_MARTS: show objects in DSP_PROJ.MARTS
    limit 10000
    

/* {"app": "dbt", "dbt_version": "1.12.0", "profile_name": "my_dbt_project", "target_name": "dev", "connection_name": "list_DSP_PROJ_MARTS"} */;
[0m15:26:54.695411 [debug] [ThreadPool]: SQL status: SUCCESS 0 in 0.375 seconds
[0m15:26:54.748461 [debug] [ThreadPool]: SQL status: SUCCESS 0 in 0.366 seconds
[0m15:26:54.980314 [debug] [ThreadPool]: SQL status: SUCCESS 4 in 0.336 seconds
[0m15:26:54.982115 [debug] [ThreadPool]: Using snowflake connection "list_DSP_PROJ_MARTS"
[0m15:26:54.982353 [debug] [ThreadPool]: On list_DSP_PROJ_MARTS: show user functions in DSP_PROJ.MARTS
/* {"app": "dbt", "dbt_version": "1.12.0", "profile_name": "my_dbt_project", "target_name": "dev", "connection_name": "list_DSP_PROJ_MARTS"} */
[0m15:26:55.337459 [debug] [ThreadPool]: SQL status: SUCCESS 0 in 0.355 seconds
[0m15:26:55.340279 [debug] [MainThread]: Sending event: {'category': 'dbt', 'action': 'runnable_timing', 'label': '9cb16d35-7171-4439-9ac4-fff6355888b3', 'context': [<snowplow_tracker.self_describing_json.SelfDescribingJson object at 0x0000023A6F6E4E20>]}
[0m15:26:55.347735 [debug] [Thread-4 (]: Began running node test.my_new_project.not_null_stg_consumer_application_detail_consumer_application_number.bedd807512
[0m15:26:55.348276 [debug] [Thread-3 (]: Began running node test.my_new_project.check_negative_amount_stg_erp_budget_workflow_amount_TOTAL_SUPV_AMOUNT.a90233cdc1
[0m15:26:55.348681 [debug] [Thread-5 (]: Began running node test.my_new_project.not_null_stg_consumer_application_detail_created_date.6177596507
[0m15:26:55.348966 [debug] [Thread-2 (]: Began running node test.my_new_project.check_negative_amount
[0m15:26:55.349315 [info ] [Thread-4 (]: 3 of 6 START test not_null_stg_consumer_application_detail_consumer_application_number  [RUN]
[0m15:26:55.349646 [info ] [Thread-3 (]: 2 of 6 START test check_negative_amount_stg_erp_budget_workflow_amount_TOTAL_SUPV_AMOUNT  [RUN]
[0m15:26:55.350131 [info ] [Thread-5 (]: 4 of 6 START test not_null_stg_consumer_application_detail_created_date ........ [RUN]
[0m15:26:55.351343 [debug] [Thread-4 (]: Acquiring new snowflake connection 'test.my_new_project.not_null_stg_consumer_application_detail_consumer_application_number.bedd807512'
[0m15:26:55.350632 [info ] [Thread-2 (]: 1 of 6 START test check_negative_amount ........................................ [RUN]
[0m15:26:55.351974 [debug] [Thread-3 (]: Acquiring new snowflake connection 'test.my_new_project.check_negative_amount_stg_erp_budget_workflow_amount_TOTAL_SUPV_AMOUNT.a90233cdc1'
[0m15:26:55.352400 [debug] [Thread-5 (]: Acquiring new snowflake connection 'test.my_new_project.not_null_stg_consumer_application_detail_created_date.6177596507'
[0m15:26:55.352738 [debug] [Thread-4 (]: Began compiling node test.my_new_project.not_null_stg_consumer_application_detail_consumer_application_number.bedd807512
[0m15:26:55.353116 [debug] [Thread-2 (]: Acquiring new snowflake connection 'test.my_new_project.check_negative_amount'
[0m15:26:55.353406 [debug] [Thread-3 (]: Began compiling node test.my_new_project.check_negative_amount_stg_erp_budget_workflow_amount_TOTAL_SUPV_AMOUNT.a90233cdc1
[0m15:26:55.353685 [debug] [Thread-5 (]: Began compiling node test.my_new_project.not_null_stg_consumer_application_detail_created_date.6177596507
[0m15:26:55.369202 [debug] [Thread-4 (]: Writing injected SQL for node "test.my_new_project.not_null_stg_consumer_application_detail_consumer_application_number.bedd807512"
[0m15:26:55.369657 [debug] [Thread-2 (]: Began compiling node test.my_new_project.check_negative_amount
[0m15:26:55.381041 [debug] [Thread-5 (]: Writing injected SQL for node "test.my_new_project.not_null_stg_consumer_application_detail_created_date.6177596507"
[0m15:26:55.383035 [debug] [Thread-2 (]: Writing injected SQL for node "test.my_new_project.check_negative_amount"
[0m15:26:55.385780 [debug] [Thread-4 (]: Began executing node test.my_new_project.not_null_stg_consumer_application_detail_consumer_application_number.bedd807512
[0m15:26:55.392203 [debug] [Thread-2 (]: Began executing node test.my_new_project.check_negative_amount
[0m15:26:55.408361 [debug] [Thread-5 (]: Began executing node test.my_new_project.not_null_stg_consumer_application_detail_created_date.6177596507
[0m15:26:55.416557 [debug] [Thread-4 (]: Writing runtime sql for node "test.my_new_project.not_null_stg_consumer_application_detail_consumer_application_number.bedd807512"
[0m15:26:55.418642 [debug] [Thread-2 (]: Writing runtime sql for node "test.my_new_project.check_negative_amount"
[0m15:26:55.420844 [debug] [Thread-5 (]: Writing runtime sql for node "test.my_new_project.not_null_stg_consumer_application_detail_created_date.6177596507"
[0m15:26:55.423997 [debug] [Thread-3 (]: Compilation Error in test check_negative_amount_stg_erp_budget_workflow_amount_TOTAL_SUPV_AMOUNT (models\schema.yml)
  'test_check_negative_amount' is undefined. This can happen when calling a macro that does not exist. Check for typos and/or install package dependencies with "dbt deps".
[0m15:26:55.424713 [error] [Thread-3 (]: 2 of 6 ERROR check_negative_amount_stg_erp_budget_workflow_amount_TOTAL_SUPV_AMOUNT  [[31mERROR[0m in 0.07s]
[0m15:26:55.425570 [debug] [Thread-3 (]: Finished running node test.my_new_project.check_negative_amount_stg_erp_budget_workflow_amount_TOTAL_SUPV_AMOUNT.a90233cdc1
[0m15:26:55.426136 [debug] [Thread-3 (]: Began running node test.my_new_project.not_null_stg_customers_customer_id.e2cfb1f9aa
[0m15:26:55.426970 [debug] [Thread-4 (]: Using snowflake connection "test.my_new_project.not_null_stg_consumer_application_detail_consumer_application_number.bedd807512"
[0m15:26:55.427660 [debug] [Thread-2 (]: Using snowflake connection "test.my_new_project.check_negative_amount"
[0m15:26:55.428140 [debug] [Thread-8 (]: Marking all children of 'test.my_new_project.check_negative_amount_stg_erp_budget_workflow_amount_TOTAL_SUPV_AMOUNT.a90233cdc1' to be skipped because of status 'error'.  Reason: Compilation Error in test check_negative_amount_stg_erp_budget_workflow_amount_TOTAL_SUPV_AMOUNT (models\schema.yml)
  'test_check_negative_amount' is undefined. This can happen when calling a macro that does not exist. Check for typos and/or install package dependencies with "dbt deps"..
[0m15:26:55.428835 [debug] [Thread-5 (]: Using snowflake connection "test.my_new_project.not_null_stg_consumer_application_detail_created_date.6177596507"
[0m15:26:55.429484 [debug] [Thread-4 (]: On test.my_new_project.not_null_stg_consumer_application_detail_consumer_application_number.bedd807512: select
      count(*) as failures,
      count(*) != 0 as should_warn,
      count(*) != 0 as should_error
    from (
      
    
  
    
    



select consumer_application_number
from DSP_PROJ.STAGING.stg_consumer_application_detail
where consumer_application_number is null



  
  
      
    ) dbt_internal_test
/* {"app": "dbt", "dbt_version": "1.12.0", "profile_name": "my_dbt_project", "target_name": "dev", "node_id": "test.my_new_project.not_null_stg_consumer_application_detail_consumer_application_number.bedd807512"} */
[0m15:26:55.429157 [info ] [Thread-3 (]: 5 of 6 START test not_null_stg_customers_customer_id ........................... [RUN]
[0m15:26:55.429954 [debug] [Thread-2 (]: On test.my_new_project.check_negative_amount: select
      count(*) as failures,
      count(*) != 0 as should_warn,
      count(*) != 0 as should_error
    from (
      
    
  select * from 
DSP_PROJ.STAGING.stg_erp_budget_workflow_amount
where TOTAL_SUPV_AMOUNT<0
  
  
      
    ) dbt_internal_test
/* {"app": "dbt", "dbt_version": "1.12.0", "profile_name": "my_dbt_project", "target_name": "dev", "node_id": "test.my_new_project.check_negative_amount"} */
[0m15:26:55.430916 [debug] [Thread-5 (]: On test.my_new_project.not_null_stg_consumer_application_detail_created_date.6177596507: select
      count(*) as failures,
      count(*) != 0 as should_warn,
      count(*) != 0 as should_error
    from (
      
    
  
    
    



select created_date
from DSP_PROJ.STAGING.stg_consumer_application_detail
where created_date is null



  
  
      
    ) dbt_internal_test
/* {"app": "dbt", "dbt_version": "1.12.0", "profile_name": "my_dbt_project", "target_name": "dev", "node_id": "test.my_new_project.not_null_stg_consumer_application_detail_created_date.6177596507"} */
[0m15:26:55.431351 [debug] [Thread-4 (]: Opening a new connection, currently in state init
[0m15:26:55.431811 [debug] [Thread-3 (]: Re-using an available connection from the pool (formerly test.my_new_project.check_negative_amount_stg_erp_budget_workflow_amount_TOTAL_SUPV_AMOUNT.a90233cdc1, now test.my_new_project.not_null_stg_customers_customer_id.e2cfb1f9aa)
[0m15:26:55.432110 [debug] [Thread-2 (]: Opening a new connection, currently in state init
[0m15:26:55.432382 [debug] [Thread-5 (]: Opening a new connection, currently in state init
[0m15:26:55.432801 [debug] [Thread-3 (]: Began compiling node test.my_new_project.not_null_stg_customers_customer_id.e2cfb1f9aa
[0m15:26:55.438345 [debug] [Thread-3 (]: Writing injected SQL for node "test.my_new_project.not_null_stg_customers_customer_id.e2cfb1f9aa"
[0m15:26:55.444731 [debug] [Thread-3 (]: Began executing node test.my_new_project.not_null_stg_customers_customer_id.e2cfb1f9aa
[0m15:26:55.447958 [debug] [Thread-3 (]: Writing runtime sql for node "test.my_new_project.not_null_stg_customers_customer_id.e2cfb1f9aa"
[0m15:26:55.454856 [debug] [Thread-3 (]: Using snowflake connection "test.my_new_project.not_null_stg_customers_customer_id.e2cfb1f9aa"
[0m15:26:55.457480 [debug] [Thread-3 (]: On test.my_new_project.not_null_stg_customers_customer_id.e2cfb1f9aa: select
      count(*) as failures,
      count(*) != 0 as should_warn,
      count(*) != 0 as should_error
    from (
      
    
  
    
    



select customer_id
from DBT_PRACTICE.SNAPSHOTS.stg_customers
where customer_id is null



  
  
      
    ) dbt_internal_test
/* {"app": "dbt", "dbt_version": "1.12.0", "profile_name": "my_dbt_project", "target_name": "dev", "node_id": "test.my_new_project.not_null_stg_customers_customer_id.e2cfb1f9aa"} */
[0m15:26:55.458123 [debug] [Thread-3 (]: Opening a new connection, currently in state init
[0m15:26:56.647302 [debug] [Thread-2 (]: SQL status: SUCCESS 1 in 1.215 seconds
[0m15:26:56.653707 [info ] [Thread-2 (]: 1 of 6 PASS check_negative_amount .............................................. [[32mPASS[0m in 1.30s]
[0m15:26:56.654337 [debug] [Thread-2 (]: Finished running node test.my_new_project.check_negative_amount
[0m15:26:56.654619 [debug] [Thread-2 (]: Began running node test.my_new_project.unique_stg_customers_customer_id.c7614daada
[0m15:26:56.654925 [info ] [Thread-2 (]: 6 of 6 START test unique_stg_customers_customer_id ............................. [RUN]
[0m15:26:56.655329 [debug] [Thread-2 (]: Re-using an available connection from the pool (formerly test.my_new_project.check_negative_amount, now test.my_new_project.unique_stg_customers_customer_id.c7614daada)
[0m15:26:56.655581 [debug] [Thread-2 (]: Began compiling node test.my_new_project.unique_stg_customers_customer_id.c7614daada
[0m15:26:56.661434 [debug] [Thread-2 (]: Writing injected SQL for node "test.my_new_project.unique_stg_customers_customer_id.c7614daada"
[0m15:26:56.665830 [debug] [Thread-2 (]: Began executing node test.my_new_project.unique_stg_customers_customer_id.c7614daada
[0m15:26:56.668317 [debug] [Thread-2 (]: Writing runtime sql for node "test.my_new_project.unique_stg_customers_customer_id.c7614daada"
[0m15:26:56.672481 [debug] [Thread-2 (]: Using snowflake connection "test.my_new_project.unique_stg_customers_customer_id.c7614daada"
[0m15:26:56.673018 [debug] [Thread-2 (]: On test.my_new_project.unique_stg_customers_customer_id.c7614daada: select
      count(*) as failures,
      count(*) != 0 as should_warn,
      count(*) != 0 as should_error
    from (
      
    
  
    
    

select
    customer_id as unique_field,
    count(*) as n_records

from DBT_PRACTICE.SNAPSHOTS.stg_customers
where customer_id is not null
group by customer_id
having count(*) > 1



  
  
      
    ) dbt_internal_test
/* {"app": "dbt", "dbt_version": "1.12.0", "profile_name": "my_dbt_project", "target_name": "dev", "node_id": "test.my_new_project.unique_stg_customers_customer_id.c7614daada"} */
[0m15:26:56.746145 [debug] [Thread-3 (]: SQL status: SUCCESS 1 in 1.288 seconds
[0m15:26:56.751069 [info ] [Thread-3 (]: 5 of 6 PASS not_null_stg_customers_customer_id ................................. [[32mPASS[0m in 1.32s]
[0m15:26:56.752707 [debug] [Thread-3 (]: Finished running node test.my_new_project.not_null_stg_customers_customer_id.e2cfb1f9aa
[0m15:26:56.859409 [debug] [Thread-4 (]: SQL status: SUCCESS 1 in 1.428 seconds
[0m15:26:56.861038 [info ] [Thread-4 (]: 3 of 6 PASS not_null_stg_consumer_application_detail_consumer_application_number  [[32mPASS[0m in 1.51s]
[0m15:26:56.861584 [debug] [Thread-4 (]: Finished running node test.my_new_project.not_null_stg_consumer_application_detail_consumer_application_number.bedd807512
[0m15:26:56.961601 [debug] [Thread-5 (]: SQL status: SUCCESS 1 in 1.529 seconds
[0m15:26:56.963188 [info ] [Thread-5 (]: 4 of 6 PASS not_null_stg_consumer_application_detail_created_date .............. [[32mPASS[0m in 1.61s]
[0m15:26:56.963880 [debug] [Thread-5 (]: Finished running node test.my_new_project.not_null_stg_consumer_application_detail_created_date.6177596507
[0m15:26:56.995366 [debug] [Thread-2 (]: SQL status: SUCCESS 1 in 0.322 seconds
[0m15:26:56.997664 [info ] [Thread-2 (]: 6 of 6 PASS unique_stg_customers_customer_id ................................... [[32mPASS[0m in 0.34s]
[0m15:26:56.998384 [debug] [Thread-2 (]: Finished running node test.my_new_project.unique_stg_customers_customer_id.c7614daada
[0m15:26:57.000152 [debug] [MainThread]: Connection 'master' was properly closed.
[0m15:26:57.000506 [debug] [MainThread]: Connection 'list_DSP_PROJ_INTERMEDIATE' was left open.
[0m15:26:57.000762 [debug] [MainThread]: On list_DSP_PROJ_INTERMEDIATE: Close
[0m15:26:57.584315 [debug] [MainThread]: Connection 'list_DBT_PRACTICE_SNAPSHOTS' was left open.
[0m15:26:57.584644 [debug] [MainThread]: On list_DBT_PRACTICE_SNAPSHOTS: Close
[0m15:26:58.085507 [debug] [MainThread]: Connection 'list_DSP_PROJ_STAGING' was left open.
[0m15:26:58.086045 [debug] [MainThread]: On list_DSP_PROJ_STAGING: Close
[0m15:26:58.797668 [debug] [MainThread]: Connection 'list_DSP_PROJ_MARTS' was left open.
[0m15:26:58.798179 [debug] [MainThread]: On list_DSP_PROJ_MARTS: Close
[0m15:26:59.290650 [debug] [MainThread]: Connection 'test.my_new_project.not_null_stg_consumer_application_detail_consumer_application_number.bedd807512' was left open.
[0m15:26:59.291034 [debug] [MainThread]: On test.my_new_project.not_null_stg_consumer_application_detail_consumer_application_number.bedd807512: Close
[0m15:26:59.916738 [debug] [MainThread]: Connection 'test.my_new_project.not_null_stg_customers_customer_id.e2cfb1f9aa' was left open.
[0m15:26:59.917223 [debug] [MainThread]: On test.my_new_project.not_null_stg_customers_customer_id.e2cfb1f9aa: Close
[0m15:27:00.467758 [debug] [MainThread]: Connection 'test.my_new_project.not_null_stg_consumer_application_detail_created_date.6177596507' was left open.
[0m15:27:00.468439 [debug] [MainThread]: On test.my_new_project.not_null_stg_consumer_application_detail_created_date.6177596507: Close
[0m15:27:01.124328 [debug] [MainThread]: Connection 'test.my_new_project.unique_stg_customers_customer_id.c7614daada' was left open.
[0m15:27:01.124841 [debug] [MainThread]: On test.my_new_project.unique_stg_customers_customer_id.c7614daada: Close
[0m15:27:01.711679 [info ] [MainThread]: 
[0m15:27:01.712383 [info ] [MainThread]: Finished running 6 data tests in 0 hours 0 minutes and 8.95 seconds (8.95s).
[0m15:27:01.716088 [debug] [MainThread]: Command end result
[0m15:27:01.772212 [debug] [MainThread]: Wrote artifact WritableManifest to C:\Arjun_dbt_project\old_dbt_project\target\manifest.json
[0m15:27:01.777177 [debug] [MainThread]: Wrote artifact SemanticManifest to C:\Arjun_dbt_project\old_dbt_project\target\semantic_manifest.json
[0m15:27:01.781869 [debug] [MainThread]: Wrote artifact OsiDocument to C:\Arjun_dbt_project\old_dbt_project\target\osi_document.json
[0m15:27:01.793477 [debug] [MainThread]: Wrote artifact RunExecutionResult to C:\Arjun_dbt_project\old_dbt_project\target\run_results.json
[0m15:27:01.794091 [info ] [MainThread]: 
[0m15:27:01.794777 [info ] [MainThread]: [31mCompleted with 1 error, 0 partial successes, and 0 warnings:[0m
[0m15:27:01.795295 [info ] [MainThread]: 
[0m15:27:01.795905 [error] [MainThread]: [[31mERROR[0m]: in test check_negative_amount_stg_erp_budget_workflow_amount_TOTAL_SUPV_AMOUNT (models\schema.yml)
[0m15:27:01.796750 [error] [MainThread]:   Compilation Error in test check_negative_amount_stg_erp_budget_workflow_amount_TOTAL_SUPV_AMOUNT (models\schema.yml)
  'test_check_negative_amount' is undefined. This can happen when calling a macro that does not exist. Check for typos and/or install package dependencies with "dbt deps".
[0m15:27:01.797301 [info ] [MainThread]: 
[0m15:27:01.797722 [info ] [MainThread]: Done. PASS=5 WARN=0 ERROR=1 SKIP=0 NO-OP=0 REUSED=0 TOTAL=6
[0m15:27:01.798660 [debug] [MainThread]: Command `dbt test` failed at 15:27:01.798520 after 11.17 seconds
[0m15:27:01.799038 [debug] [MainThread]: Sending event: {'category': 'dbt', 'action': 'invocation', 'label': 'end', 'context': [<snowplow_tracker.self_describing_json.SelfDescribingJson object at 0x0000023A6BE6FD10>, <snowplow_tracker.self_describing_json.SelfDescribingJson object at 0x0000023A6F98FC20>, <snowplow_tracker.self_describing_json.SelfDescribingJson object at 0x0000023A6F98FB70>]}
[0m15:27:01.799375 [debug] [MainThread]: Flushing usage events
[0m15:27:03.398479 [debug] [MainThread]: An error was encountered while trying to flush usage events
[0m15:28:20.374138 [debug] [MainThread]: Sending event: {'category': 'dbt', 'action': 'invocation', 'label': 'start', 'context': [<snowplow_tracker.self_describing_json.SelfDescribingJson object at 0x000001FA2FAC5160>, <snowplow_tracker.self_describing_json.SelfDescribingJson object at 0x000001FA2C8D1450>, <snowplow_tracker.self_describing_json.SelfDescribingJson object at 0x000001FA32223C50>]}


============================== 15:28:20.377971 | 4aba40e2-711d-459e-a7af-5d8dfdb89814 ==============================
[0m15:28:20.377971 [info ] [MainThread]: Running with dbt=1.12.0
[0m15:28:20.378533 [debug] [MainThread]: running dbt with arguments {'maximum_seed_size_mib': '1', 'no_print': 'None', 'version_check': 'True', 'target_path': 'None', 'warn_error_options': 'WarnErrorOptionsV2(error=[], warn=[], silence=[])', 'static_parser': 'True', 'printer_width': '80', 'write_json': 'True', 'empty': 'None', 'log_cache_events': 'False', 'introspect': 'True', 'cache_selected_only': 'False', 'log_format': 'default', 'debug': 'False', 'fail_fast': 'False', 'partial_parse': 'True', 'send_anonymous_usage_stats': 'True', 'quiet': 'False', 'warn_error': 'None', 'profiles_dir': 'C:\\Users\\HP\\.dbt', 'indirect_selection': 'eager', 'hints_enabled': 'True', 'use_colors': 'True', 'use_experimental_parser': 'False', 'invocation_command': 'dbt test', 'log_path': 'C:\\Arjun_dbt_project\\old_dbt_project\\logs'}
[0m15:28:20.739383 [debug] [MainThread]: Snowflake adapter: Setting snowflake.connector to ERROR (file logging only)
[0m15:28:20.739807 [debug] [MainThread]: Snowflake adapter: Setting botocore to ERROR (file logging only)
[0m15:28:20.740034 [debug] [MainThread]: Snowflake adapter: Setting boto3 to ERROR (file logging only)
[0m15:28:20.956240 [debug] [MainThread]: Sending event: {'category': 'dbt', 'action': 'project_id', 'label': '4aba40e2-711d-459e-a7af-5d8dfdb89814', 'context': [<snowplow_tracker.self_describing_json.SelfDescribingJson object at 0x000001FA3017DE00>]}
[0m15:28:21.002179 [debug] [MainThread]: Sending event: {'category': 'dbt', 'action': 'adapter_info', 'label': '4aba40e2-711d-459e-a7af-5d8dfdb89814', 'context': [<snowplow_tracker.self_describing_json.SelfDescribingJson object at 0x000001FA2DFEEF10>]}
[0m15:28:21.003334 [info ] [MainThread]: Registered adapter: snowflake=1.12.0
[0m15:28:21.234113 [debug] [MainThread]: checksum: 34d064bbf3d7c01e29a022f69428015a75a45641a9d372ee507764c8a4f69675, vars: {}, profile: my_dbt_project, target: dev, version: 1.12.0
[0m15:28:21.379290 [debug] [MainThread]: Partial parsing enabled: 1 files deleted, 1 files added, 1 files changed.
[0m15:28:21.379705 [debug] [MainThread]: Partial parsing: added file: my_new_project://macros\tests\check_positive_value.sql
[0m15:28:21.380136 [debug] [MainThread]: Partial parsing: updated file: my_new_project://models\schema.yml
[0m15:28:21.380339 [debug] [MainThread]: Partial parsing: deleted file: my_new_project://macros\tests\test_null_values.sql
[0m15:28:21.769190 [error] [MainThread]: [[31mERROR[0m]: Encountered an error:
Compilation Error in test positive_value_stg_erp_budget_workflow_amount_TOTAL_SUPV_AMOUNT (models\schema.yml)
  macro 'dbt_macro__test_positive_value' takes no keyword argument 'column_name'
[0m15:28:21.770219 [debug] [MainThread]: Command `dbt test` failed at 15:28:21.770114 after 1.57 seconds
[0m15:28:21.770484 [debug] [MainThread]: Sending event: {'category': 'dbt', 'action': 'invocation', 'label': 'end', 'context': [<snowplow_tracker.self_describing_json.SelfDescribingJson object at 0x000001FA34133450>, <snowplow_tracker.self_describing_json.SelfDescribingJson object at 0x000001FA34133550>, <snowplow_tracker.self_describing_json.SelfDescribingJson object at 0x000001FA354E8F50>]}
[0m15:28:21.770725 [debug] [MainThread]: Flushing usage events
[0m15:28:23.399534 [debug] [MainThread]: An error was encountered while trying to flush usage events
[0m15:30:10.832695 [debug] [MainThread]: Sending event: {'category': 'dbt', 'action': 'invocation', 'label': 'start', 'context': [<snowplow_tracker.self_describing_json.SelfDescribingJson object at 0x000001D3803E5160>, <snowplow_tracker.self_describing_json.SelfDescribingJson object at 0x000001D3FD191450>, <snowplow_tracker.self_describing_json.SelfDescribingJson object at 0x000001D382B43C50>]}


============================== 15:30:10.836018 | 87b55701-bb20-472c-91f8-69b90f12a772 ==============================
[0m15:30:10.836018 [info ] [MainThread]: Running with dbt=1.12.0
[0m15:30:10.836504 [debug] [MainThread]: running dbt with arguments {'version_check': 'True', 'no_print': 'None', 'static_parser': 'True', 'warn_error_options': 'WarnErrorOptionsV2(error=[], warn=[], silence=[])', 'target_path': 'None', 'maximum_seed_size_mib': '1', 'printer_width': '80', 'write_json': 'True', 'introspect': 'True', 'log_cache_events': 'False', 'empty': 'None', 'cache_selected_only': 'False', 'fail_fast': 'False', 'debug': 'False', 'log_format': 'default', 'profiles_dir': 'C:\\Users\\HP\\.dbt', 'send_anonymous_usage_stats': 'True', 'quiet': 'False', 'warn_error': 'None', 'partial_parse': 'True', 'invocation_command': 'dbt test', 'hints_enabled': 'True', 'use_colors': 'True', 'use_experimental_parser': 'False', 'indirect_selection': 'eager', 'log_path': 'C:\\Arjun_dbt_project\\old_dbt_project\\logs'}
[0m15:30:11.209681 [debug] [MainThread]: Snowflake adapter: Setting snowflake.connector to ERROR (file logging only)
[0m15:30:11.210149 [debug] [MainThread]: Snowflake adapter: Setting botocore to ERROR (file logging only)
[0m15:30:11.210525 [debug] [MainThread]: Snowflake adapter: Setting boto3 to ERROR (file logging only)
[0m15:30:11.432875 [debug] [MainThread]: Sending event: {'category': 'dbt', 'action': 'project_id', 'label': '87b55701-bb20-472c-91f8-69b90f12a772', 'context': [<snowplow_tracker.self_describing_json.SelfDescribingJson object at 0x000001D380AADE00>]}
[0m15:30:11.482370 [debug] [MainThread]: Sending event: {'category': 'dbt', 'action': 'adapter_info', 'label': '87b55701-bb20-472c-91f8-69b90f12a772', 'context': [<snowplow_tracker.self_describing_json.SelfDescribingJson object at 0x000001D3FE8AEF10>]}
[0m15:30:11.483464 [info ] [MainThread]: Registered adapter: snowflake=1.12.0
[0m15:30:11.709305 [debug] [MainThread]: checksum: 34d064bbf3d7c01e29a022f69428015a75a45641a9d372ee507764c8a4f69675, vars: {}, profile: my_dbt_project, target: dev, version: 1.12.0
[0m15:30:11.853081 [debug] [MainThread]: Partial parsing enabled: 1 files deleted, 1 files added, 1 files changed.
[0m15:30:11.853507 [debug] [MainThread]: Partial parsing: added file: my_new_project://macros\tests\check_positive_value.sql
[0m15:30:11.853884 [debug] [MainThread]: Partial parsing: updated file: my_new_project://models\schema.yml
[0m15:30:11.854129 [debug] [MainThread]: Partial parsing: deleted file: my_new_project://macros\tests\test_null_values.sql
[0m15:30:12.298196 [debug] [MainThread]: Sending event: {'category': 'dbt', 'action': 'load_project', 'label': '87b55701-bb20-472c-91f8-69b90f12a772', 'context': [<snowplow_tracker.self_describing_json.SelfDescribingJson object at 0x000001D385A87450>]}
[0m15:30:12.415317 [debug] [MainThread]: Wrote artifact WritableManifest to C:\Arjun_dbt_project\old_dbt_project\target\manifest.json
[0m15:30:12.420986 [debug] [MainThread]: Wrote artifact SemanticManifest to C:\Arjun_dbt_project\old_dbt_project\target\semantic_manifest.json
[0m15:30:12.455624 [debug] [MainThread]: Wrote artifact OsiDocument to C:\Arjun_dbt_project\old_dbt_project\target\osi_document.json
[0m15:30:12.491573 [debug] [MainThread]: Sending event: {'category': 'dbt', 'action': 'resource_counts', 'label': '87b55701-bb20-472c-91f8-69b90f12a772', 'context': [<snowplow_tracker.self_describing_json.SelfDescribingJson object at 0x000001D385F3B3E0>]}
[0m15:30:12.492012 [info ] [MainThread]: Found 15 models, 2 snapshots, 6 data tests, 7 sources, 548 macros
[0m15:30:12.492442 [debug] [MainThread]: Sending event: {'category': 'dbt', 'action': 'runnable_timing', 'label': '87b55701-bb20-472c-91f8-69b90f12a772', 'context': [<snowplow_tracker.self_describing_json.SelfDescribingJson object at 0x000001D385FA4AD0>]}
[0m15:30:12.494055 [info ] [MainThread]: 
[0m15:30:12.494459 [info ] [MainThread]: Concurrency: 4 threads (target='dev')
[0m15:30:12.494858 [info ] [MainThread]: 
[0m15:30:12.495302 [debug] [MainThread]: Acquiring new snowflake connection 'master'
[0m15:30:12.499650 [debug] [ThreadPool]: Acquiring new snowflake connection 'list_DBT_PRACTICE_SNAPSHOTS'
[0m15:30:12.501413 [debug] [ThreadPool]: Acquiring new snowflake connection 'list_DSP_PROJ_INTERMEDIATE'
[0m15:30:12.520470 [debug] [ThreadPool]: Acquiring new snowflake connection 'list_DSP_PROJ_MARTS'
[0m15:30:12.524261 [debug] [ThreadPool]: Acquiring new snowflake connection 'list_DSP_PROJ_MART'
[0m15:30:12.527361 [debug] [ThreadPool]: Using snowflake connection "list_DBT_PRACTICE_SNAPSHOTS"
[0m15:30:12.527768 [debug] [ThreadPool]: Using snowflake connection "list_DSP_PROJ_MARTS"
[0m15:30:12.527993 [debug] [ThreadPool]: On list_DBT_PRACTICE_SNAPSHOTS: show objects in DBT_PRACTICE.SNAPSHOTS
    limit 10000
    

/* {"app": "dbt", "dbt_version": "1.12.0", "profile_name": "my_dbt_project", "target_name": "dev", "connection_name": "list_DBT_PRACTICE_SNAPSHOTS"} */;
[0m15:30:12.528247 [debug] [ThreadPool]: Using snowflake connection "list_DSP_PROJ_INTERMEDIATE"
[0m15:30:12.528450 [debug] [ThreadPool]: On list_DSP_PROJ_MARTS: show objects in DSP_PROJ.MARTS
    limit 10000
    

/* {"app": "dbt", "dbt_version": "1.12.0", "profile_name": "my_dbt_project", "target_name": "dev", "connection_name": "list_DSP_PROJ_MARTS"} */;
[0m15:30:12.528672 [debug] [ThreadPool]: Using snowflake connection "list_DSP_PROJ_MART"
[0m15:30:12.528867 [debug] [ThreadPool]: Opening a new connection, currently in state init
[0m15:30:12.529051 [debug] [ThreadPool]: On list_DSP_PROJ_INTERMEDIATE: show objects in DSP_PROJ.INTERMEDIATE
    limit 10000
    

/* {"app": "dbt", "dbt_version": "1.12.0", "profile_name": "my_dbt_project", "target_name": "dev", "connection_name": "list_DSP_PROJ_INTERMEDIATE"} */;
[0m15:30:12.529259 [debug] [ThreadPool]: Opening a new connection, currently in state init
[0m15:30:12.529476 [debug] [ThreadPool]: On list_DSP_PROJ_MART: show objects in DSP_PROJ.MART
    limit 10000
    

/* {"app": "dbt", "dbt_version": "1.12.0", "profile_name": "my_dbt_project", "target_name": "dev", "connection_name": "list_DSP_PROJ_MART"} */;
[0m15:30:12.529821 [debug] [ThreadPool]: Opening a new connection, currently in state init
[0m15:30:12.530201 [debug] [ThreadPool]: Opening a new connection, currently in state init
[0m15:30:16.065581 [debug] [ThreadPool]: SQL status: SUCCESS 5 in 3.535 seconds
[0m15:30:16.071043 [debug] [ThreadPool]: Using snowflake connection "list_DSP_PROJ_MART"
[0m15:30:16.071351 [debug] [ThreadPool]: On list_DSP_PROJ_MART: show user functions in DSP_PROJ.MART
/* {"app": "dbt", "dbt_version": "1.12.0", "profile_name": "my_dbt_project", "target_name": "dev", "connection_name": "list_DSP_PROJ_MART"} */
[0m15:30:16.370021 [debug] [ThreadPool]: SQL status: SUCCESS 4 in 3.841 seconds
[0m15:30:16.372875 [debug] [ThreadPool]: Using snowflake connection "list_DSP_PROJ_MARTS"
[0m15:30:16.373141 [debug] [ThreadPool]: On list_DSP_PROJ_MARTS: show user functions in DSP_PROJ.MARTS
/* {"app": "dbt", "dbt_version": "1.12.0", "profile_name": "my_dbt_project", "target_name": "dev", "connection_name": "list_DSP_PROJ_MARTS"} */
[0m15:30:17.274150 [debug] [ThreadPool]: SQL status: SUCCESS 3 in 4.744 seconds
[0m15:30:17.277163 [debug] [ThreadPool]: Using snowflake connection "list_DSP_PROJ_INTERMEDIATE"
[0m15:30:17.277472 [debug] [ThreadPool]: On list_DSP_PROJ_INTERMEDIATE: show user functions in DSP_PROJ.INTERMEDIATE
/* {"app": "dbt", "dbt_version": "1.12.0", "profile_name": "my_dbt_project", "target_name": "dev", "connection_name": "list_DSP_PROJ_INTERMEDIATE"} */
[0m15:30:17.407986 [debug] [ThreadPool]: SQL status: SUCCESS 0 in 1.336 seconds
[0m15:30:17.410150 [debug] [ThreadPool]: Re-using an available connection from the pool (formerly list_DSP_PROJ_MART, now list_DSP_PROJ_STAGING)
[0m15:30:17.411363 [debug] [ThreadPool]: Using snowflake connection "list_DSP_PROJ_STAGING"
[0m15:30:17.411609 [debug] [ThreadPool]: On list_DSP_PROJ_STAGING: show objects in DSP_PROJ.STAGING
    limit 10000
    

/* {"app": "dbt", "dbt_version": "1.12.0", "profile_name": "my_dbt_project", "target_name": "dev", "connection_name": "list_DSP_PROJ_STAGING"} */;
[0m15:30:17.620003 [debug] [ThreadPool]: SQL status: SUCCESS 0 in 1.247 seconds
[0m15:30:17.849651 [debug] [ThreadPool]: SQL status: SUCCESS 0 in 0.572 seconds
[0m15:30:18.843132 [debug] [ThreadPool]: SQL status: SUCCESS 4 in 6.314 seconds
[0m15:30:18.845793 [debug] [ThreadPool]: Using snowflake connection "list_DBT_PRACTICE_SNAPSHOTS"
[0m15:30:18.846051 [debug] [ThreadPool]: On list_DBT_PRACTICE_SNAPSHOTS: show user functions in DBT_PRACTICE.SNAPSHOTS
/* {"app": "dbt", "dbt_version": "1.12.0", "profile_name": "my_dbt_project", "target_name": "dev", "connection_name": "list_DBT_PRACTICE_SNAPSHOTS"} */
[0m15:30:19.533333 [debug] [ThreadPool]: SQL status: SUCCESS 0 in 0.687 seconds
[0m15:30:20.943787 [debug] [ThreadPool]: SQL status: SUCCESS 5 in 3.532 seconds
[0m15:30:20.948118 [debug] [ThreadPool]: Using snowflake connection "list_DSP_PROJ_STAGING"
[0m15:30:20.948484 [debug] [ThreadPool]: On list_DSP_PROJ_STAGING: show user functions in DSP_PROJ.STAGING
/* {"app": "dbt", "dbt_version": "1.12.0", "profile_name": "my_dbt_project", "target_name": "dev", "connection_name": "list_DSP_PROJ_STAGING"} */
[0m15:30:21.367512 [debug] [ThreadPool]: SQL status: SUCCESS 0 in 0.419 seconds
[0m15:30:21.371071 [debug] [MainThread]: Sending event: {'category': 'dbt', 'action': 'runnable_timing', 'label': '87b55701-bb20-472c-91f8-69b90f12a772', 'context': [<snowplow_tracker.self_describing_json.SelfDescribingJson object at 0x000001D385F99090>]}
[0m15:30:21.380434 [debug] [Thread-5 (]: Began running node test.my_new_project.not_null_stg_customers_customer_id.e2cfb1f9aa
[0m15:30:21.380922 [debug] [Thread-4 (]: Began running node test.my_new_project.not_null_stg_consumer_application_detail_created_date.6177596507
[0m15:30:21.381211 [debug] [Thread-2 (]: Began running node test.my_new_project.check_negative_amount
[0m15:30:21.381703 [debug] [Thread-3 (]: Began running node test.my_new_project.not_null_stg_consumer_application_detail_consumer_application_number.bedd807512
[0m15:30:21.381465 [info ] [Thread-5 (]: 4 of 6 START test not_null_stg_customers_customer_id ........................... [RUN]
[0m15:30:21.381963 [info ] [Thread-4 (]: 3 of 6 START test not_null_stg_consumer_application_detail_created_date ........ [RUN]
[0m15:30:21.382331 [info ] [Thread-2 (]: 1 of 6 START test check_negative_amount ........................................ [RUN]
[0m15:30:21.383076 [debug] [Thread-5 (]: Acquiring new snowflake connection 'test.my_new_project.not_null_stg_customers_customer_id.e2cfb1f9aa'
[0m15:30:21.382647 [info ] [Thread-3 (]: 2 of 6 START test not_null_stg_consumer_application_detail_consumer_application_number  [RUN]
[0m15:30:21.383553 [debug] [Thread-4 (]: Acquiring new snowflake connection 'test.my_new_project.not_null_stg_consumer_application_detail_created_date.6177596507'
[0m15:30:21.383891 [debug] [Thread-2 (]: Acquiring new snowflake connection 'test.my_new_project.check_negative_amount'
[0m15:30:21.384136 [debug] [Thread-5 (]: Began compiling node test.my_new_project.not_null_stg_customers_customer_id.e2cfb1f9aa
[0m15:30:21.384477 [debug] [Thread-3 (]: Acquiring new snowflake connection 'test.my_new_project.not_null_stg_consumer_application_detail_consumer_application_number.bedd807512'
[0m15:30:21.384729 [debug] [Thread-4 (]: Began compiling node test.my_new_project.not_null_stg_consumer_application_detail_created_date.6177596507
[0m15:30:21.384965 [debug] [Thread-2 (]: Began compiling node test.my_new_project.check_negative_amount
[0m15:30:21.398027 [debug] [Thread-5 (]: Writing injected SQL for node "test.my_new_project.not_null_stg_customers_customer_id.e2cfb1f9aa"
[0m15:30:21.398477 [debug] [Thread-3 (]: Began compiling node test.my_new_project.not_null_stg_consumer_application_detail_consumer_application_number.bedd807512
[0m15:30:21.402369 [debug] [Thread-4 (]: Writing injected SQL for node "test.my_new_project.not_null_stg_consumer_application_detail_created_date.6177596507"
[0m15:30:21.403540 [debug] [Thread-2 (]: Writing injected SQL for node "test.my_new_project.check_negative_amount"
[0m15:30:21.408617 [debug] [Thread-3 (]: Writing injected SQL for node "test.my_new_project.not_null_stg_consumer_application_detail_consumer_application_number.bedd807512"
[0m15:30:21.415370 [debug] [Thread-3 (]: Began executing node test.my_new_project.not_null_stg_consumer_application_detail_consumer_application_number.bedd807512
[0m15:30:21.416002 [debug] [Thread-4 (]: Began executing node test.my_new_project.not_null_stg_consumer_application_detail_created_date.6177596507
[0m15:30:21.416415 [debug] [Thread-2 (]: Began executing node test.my_new_project.check_negative_amount
[0m15:30:21.431046 [debug] [Thread-3 (]: Writing runtime sql for node "test.my_new_project.not_null_stg_consumer_application_detail_consumer_application_number.bedd807512"
[0m15:30:21.431439 [debug] [Thread-5 (]: Began executing node test.my_new_project.not_null_stg_customers_customer_id.e2cfb1f9aa
[0m15:30:21.432709 [debug] [Thread-4 (]: Writing runtime sql for node "test.my_new_project.not_null_stg_consumer_application_detail_created_date.6177596507"
[0m15:30:21.433862 [debug] [Thread-2 (]: Writing runtime sql for node "test.my_new_project.check_negative_amount"
[0m15:30:21.437910 [debug] [Thread-5 (]: Writing runtime sql for node "test.my_new_project.not_null_stg_customers_customer_id.e2cfb1f9aa"
[0m15:30:21.442262 [debug] [Thread-5 (]: Using snowflake connection "test.my_new_project.not_null_stg_customers_customer_id.e2cfb1f9aa"
[0m15:30:21.442899 [debug] [Thread-4 (]: Using snowflake connection "test.my_new_project.not_null_stg_consumer_application_detail_created_date.6177596507"
[0m15:30:21.443337 [debug] [Thread-2 (]: Using snowflake connection "test.my_new_project.check_negative_amount"
[0m15:30:21.443740 [debug] [Thread-3 (]: Using snowflake connection "test.my_new_project.not_null_stg_consumer_application_detail_consumer_application_number.bedd807512"
[0m15:30:21.443973 [debug] [Thread-5 (]: On test.my_new_project.not_null_stg_customers_customer_id.e2cfb1f9aa: select
      count(*) as failures,
      count(*) != 0 as should_warn,
      count(*) != 0 as should_error
    from (
      
    
  
    
    



select customer_id
from DBT_PRACTICE.SNAPSHOTS.stg_customers
where customer_id is null



  
  
      
    ) dbt_internal_test
/* {"app": "dbt", "dbt_version": "1.12.0", "profile_name": "my_dbt_project", "target_name": "dev", "node_id": "test.my_new_project.not_null_stg_customers_customer_id.e2cfb1f9aa"} */
[0m15:30:21.444267 [debug] [Thread-4 (]: On test.my_new_project.not_null_stg_consumer_application_detail_created_date.6177596507: select
      count(*) as failures,
      count(*) != 0 as should_warn,
      count(*) != 0 as should_error
    from (
      
    
  
    
    



select created_date
from DSP_PROJ.STAGING.stg_consumer_application_detail
where created_date is null



  
  
      
    ) dbt_internal_test
/* {"app": "dbt", "dbt_version": "1.12.0", "profile_name": "my_dbt_project", "target_name": "dev", "node_id": "test.my_new_project.not_null_stg_consumer_application_detail_created_date.6177596507"} */
[0m15:30:21.444590 [debug] [Thread-2 (]: On test.my_new_project.check_negative_amount: select
      count(*) as failures,
      count(*) != 0 as should_warn,
      count(*) != 0 as should_error
    from (
      
    
  select * from 
DSP_PROJ.STAGING.stg_erp_budget_workflow_amount
where TOTAL_SUPV_AMOUNT<0
  
  
      
    ) dbt_internal_test
/* {"app": "dbt", "dbt_version": "1.12.0", "profile_name": "my_dbt_project", "target_name": "dev", "node_id": "test.my_new_project.check_negative_amount"} */
[0m15:30:21.444859 [debug] [Thread-3 (]: On test.my_new_project.not_null_stg_consumer_application_detail_consumer_application_number.bedd807512: select
      count(*) as failures,
      count(*) != 0 as should_warn,
      count(*) != 0 as should_error
    from (
      
    
  
    
    



select consumer_application_number
from DSP_PROJ.STAGING.stg_consumer_application_detail
where consumer_application_number is null



  
  
      
    ) dbt_internal_test
/* {"app": "dbt", "dbt_version": "1.12.0", "profile_name": "my_dbt_project", "target_name": "dev", "node_id": "test.my_new_project.not_null_stg_consumer_application_detail_consumer_application_number.bedd807512"} */
[0m15:30:21.445194 [debug] [Thread-5 (]: Opening a new connection, currently in state init
[0m15:30:21.445463 [debug] [Thread-4 (]: Opening a new connection, currently in state init
[0m15:30:21.445685 [debug] [Thread-2 (]: Opening a new connection, currently in state init
[0m15:30:21.445907 [debug] [Thread-3 (]: Opening a new connection, currently in state init
[0m15:30:23.609675 [debug] [Thread-3 (]: SQL status: SUCCESS 1 in 2.163 seconds
[0m15:30:23.624455 [info ] [Thread-3 (]: 2 of 6 PASS not_null_stg_consumer_application_detail_consumer_application_number  [[32mPASS[0m in 2.24s]
[0m15:30:23.625297 [debug] [Thread-3 (]: Finished running node test.my_new_project.not_null_stg_consumer_application_detail_consumer_application_number.bedd807512
[0m15:30:23.625572 [debug] [Thread-3 (]: Began running node test.my_new_project.positive_value_stg_erp_budget_workflow_amount_TOTAL_SUPV_AMOUNT.4a9fbfdb2c
[0m15:30:23.625796 [info ] [Thread-3 (]: 5 of 6 START test positive_value_stg_erp_budget_workflow_amount_TOTAL_SUPV_AMOUNT  [RUN]
[0m15:30:23.626420 [debug] [Thread-3 (]: Re-using an available connection from the pool (formerly test.my_new_project.not_null_stg_consumer_application_detail_consumer_application_number.bedd807512, now test.my_new_project.positive_value_stg_erp_budget_workflow_amount_TOTAL_SUPV_AMOUNT.4a9fbfdb2c)
[0m15:30:23.626867 [debug] [Thread-3 (]: Began compiling node test.my_new_project.positive_value_stg_erp_budget_workflow_amount_TOTAL_SUPV_AMOUNT.4a9fbfdb2c
[0m15:30:23.630985 [debug] [Thread-3 (]: Writing injected SQL for node "test.my_new_project.positive_value_stg_erp_budget_workflow_amount_TOTAL_SUPV_AMOUNT.4a9fbfdb2c"
[0m15:30:23.633564 [debug] [Thread-3 (]: Began executing node test.my_new_project.positive_value_stg_erp_budget_workflow_amount_TOTAL_SUPV_AMOUNT.4a9fbfdb2c
[0m15:30:23.634765 [debug] [Thread-3 (]: Writing runtime sql for node "test.my_new_project.positive_value_stg_erp_budget_workflow_amount_TOTAL_SUPV_AMOUNT.4a9fbfdb2c"
[0m15:30:23.637952 [debug] [Thread-3 (]: Using snowflake connection "test.my_new_project.positive_value_stg_erp_budget_workflow_amount_TOTAL_SUPV_AMOUNT.4a9fbfdb2c"
[0m15:30:23.638367 [debug] [Thread-3 (]: On test.my_new_project.positive_value_stg_erp_budget_workflow_amount_TOTAL_SUPV_AMOUNT.4a9fbfdb2c: select
      count(*) as failures,
      count(*) != 0 as should_warn,
      count(*) != 0 as should_error
    from (
      
    
  

select * from DSP_PROJ.STAGING.stg_erp_budget_workflow_amount where TOTAL_SUPV_AMOUNT <=0


  
  
      
    ) dbt_internal_test
/* {"app": "dbt", "dbt_version": "1.12.0", "profile_name": "my_dbt_project", "target_name": "dev", "node_id": "test.my_new_project.positive_value_stg_erp_budget_workflow_amount_TOTAL_SUPV_AMOUNT.4a9fbfdb2c"} */
[0m15:30:23.824709 [debug] [Thread-4 (]: SQL status: SUCCESS 1 in 2.379 seconds
[0m15:30:23.826963 [info ] [Thread-4 (]: 3 of 6 PASS not_null_stg_consumer_application_detail_created_date .............. [[32mPASS[0m in 2.44s]
[0m15:30:23.827480 [debug] [Thread-4 (]: Finished running node test.my_new_project.not_null_stg_consumer_application_detail_created_date.6177596507
[0m15:30:23.827721 [debug] [Thread-4 (]: Began running node test.my_new_project.unique_stg_customers_customer_id.c7614daada
[0m15:30:23.827931 [info ] [Thread-4 (]: 6 of 6 START test unique_stg_customers_customer_id ............................. [RUN]
[0m15:30:23.828340 [debug] [Thread-4 (]: Re-using an available connection from the pool (formerly test.my_new_project.not_null_stg_consumer_application_detail_created_date.6177596507, now test.my_new_project.unique_stg_customers_customer_id.c7614daada)
[0m15:30:23.828567 [debug] [Thread-4 (]: Began compiling node test.my_new_project.unique_stg_customers_customer_id.c7614daada
[0m15:30:23.835484 [debug] [Thread-4 (]: Writing injected SQL for node "test.my_new_project.unique_stg_customers_customer_id.c7614daada"
[0m15:30:23.843399 [debug] [Thread-4 (]: Began executing node test.my_new_project.unique_stg_customers_customer_id.c7614daada
[0m15:30:23.846809 [debug] [Thread-4 (]: Writing runtime sql for node "test.my_new_project.unique_stg_customers_customer_id.c7614daada"
[0m15:30:23.850781 [debug] [Thread-4 (]: Using snowflake connection "test.my_new_project.unique_stg_customers_customer_id.c7614daada"
[0m15:30:23.851105 [debug] [Thread-4 (]: On test.my_new_project.unique_stg_customers_customer_id.c7614daada: select
      count(*) as failures,
      count(*) != 0 as should_warn,
      count(*) != 0 as should_error
    from (
      
    
  
    
    

select
    customer_id as unique_field,
    count(*) as n_records

from DBT_PRACTICE.SNAPSHOTS.stg_customers
where customer_id is not null
group by customer_id
having count(*) > 1



  
  
      
    ) dbt_internal_test
/* {"app": "dbt", "dbt_version": "1.12.0", "profile_name": "my_dbt_project", "target_name": "dev", "node_id": "test.my_new_project.unique_stg_customers_customer_id.c7614daada"} */
[0m15:30:23.943302 [debug] [Thread-2 (]: SQL status: SUCCESS 1 in 2.498 seconds
[0m15:30:23.944724 [info ] [Thread-2 (]: 1 of 6 PASS check_negative_amount .............................................. [[32mPASS[0m in 2.56s]
[0m15:30:23.945228 [debug] [Thread-2 (]: Finished running node test.my_new_project.check_negative_amount
[0m15:30:24.063938 [debug] [Thread-3 (]: SQL status: SUCCESS 1 in 0.425 seconds
[0m15:30:24.068013 [info ] [Thread-3 (]: 5 of 6 PASS positive_value_stg_erp_budget_workflow_amount_TOTAL_SUPV_AMOUNT .... [[32mPASS[0m in 0.44s]
[0m15:30:24.068876 [debug] [Thread-3 (]: Finished running node test.my_new_project.positive_value_stg_erp_budget_workflow_amount_TOTAL_SUPV_AMOUNT.4a9fbfdb2c
[0m15:30:24.173857 [debug] [Thread-4 (]: SQL status: SUCCESS 1 in 0.322 seconds
[0m15:30:24.177603 [info ] [Thread-4 (]: 6 of 6 PASS unique_stg_customers_customer_id ................................... [[32mPASS[0m in 0.35s]
[0m15:30:24.178631 [debug] [Thread-4 (]: Finished running node test.my_new_project.unique_stg_customers_customer_id.c7614daada
[0m15:30:24.835955 [debug] [Thread-5 (]: SQL status: SUCCESS 1 in 3.390 seconds
[0m15:30:24.838604 [info ] [Thread-5 (]: 4 of 6 PASS not_null_stg_customers_customer_id ................................. [[32mPASS[0m in 3.46s]
[0m15:30:24.839887 [debug] [Thread-5 (]: Finished running node test.my_new_project.not_null_stg_customers_customer_id.e2cfb1f9aa
[0m15:30:24.843223 [debug] [MainThread]: Connection 'master' was properly closed.
[0m15:30:24.843672 [debug] [MainThread]: Connection 'list_DBT_PRACTICE_SNAPSHOTS' was left open.
[0m15:30:24.844107 [debug] [MainThread]: On list_DBT_PRACTICE_SNAPSHOTS: Close
[0m15:30:25.943026 [debug] [MainThread]: Connection 'list_DSP_PROJ_INTERMEDIATE' was left open.
[0m15:30:25.943327 [debug] [MainThread]: On list_DSP_PROJ_INTERMEDIATE: Close
[0m15:30:26.503234 [debug] [MainThread]: Connection 'list_DSP_PROJ_MARTS' was left open.
[0m15:30:26.503571 [debug] [MainThread]: On list_DSP_PROJ_MARTS: Close
[0m15:30:27.539046 [debug] [MainThread]: Connection 'list_DSP_PROJ_STAGING' was left open.
[0m15:30:27.539344 [debug] [MainThread]: On list_DSP_PROJ_STAGING: Close
[0m15:30:28.257772 [debug] [MainThread]: Connection 'test.my_new_project.not_null_stg_customers_customer_id.e2cfb1f9aa' was left open.
[0m15:30:28.258457 [debug] [MainThread]: On test.my_new_project.not_null_stg_customers_customer_id.e2cfb1f9aa: Close
[0m15:30:28.879070 [debug] [MainThread]: Connection 'test.my_new_project.unique_stg_customers_customer_id.c7614daada' was left open.
[0m15:30:28.879387 [debug] [MainThread]: On test.my_new_project.unique_stg_customers_customer_id.c7614daada: Close
[0m15:30:29.686267 [debug] [MainThread]: Connection 'test.my_new_project.check_negative_amount' was left open.
[0m15:30:29.686591 [debug] [MainThread]: On test.my_new_project.check_negative_amount: Close
[0m15:30:30.252917 [debug] [MainThread]: Connection 'test.my_new_project.positive_value_stg_erp_budget_workflow_amount_TOTAL_SUPV_AMOUNT.4a9fbfdb2c' was left open.
[0m15:30:30.253576 [debug] [MainThread]: On test.my_new_project.positive_value_stg_erp_budget_workflow_amount_TOTAL_SUPV_AMOUNT.4a9fbfdb2c: Close
[0m15:30:31.031838 [info ] [MainThread]: 
[0m15:30:31.033815 [info ] [MainThread]: Finished running 6 data tests in 0 hours 0 minutes and 18.54 seconds (18.54s).
[0m15:30:31.037683 [debug] [MainThread]: Command end result
[0m15:30:31.093072 [debug] [MainThread]: Wrote artifact WritableManifest to C:\Arjun_dbt_project\old_dbt_project\target\manifest.json
[0m15:30:31.098191 [debug] [MainThread]: Wrote artifact SemanticManifest to C:\Arjun_dbt_project\old_dbt_project\target\semantic_manifest.json
[0m15:30:31.102244 [debug] [MainThread]: Wrote artifact OsiDocument to C:\Arjun_dbt_project\old_dbt_project\target\osi_document.json
[0m15:30:31.110747 [debug] [MainThread]: Wrote artifact RunExecutionResult to C:\Arjun_dbt_project\old_dbt_project\target\run_results.json
[0m15:30:31.111077 [info ] [MainThread]: 
[0m15:30:31.111494 [info ] [MainThread]: [32mCompleted successfully[0m
[0m15:30:31.111881 [info ] [MainThread]: 
[0m15:30:31.112304 [info ] [MainThread]: Done. PASS=6 WARN=0 ERROR=0 SKIP=0 NO-OP=0 REUSED=0 TOTAL=6
[0m15:30:31.113216 [debug] [MainThread]: Command `dbt test` succeeded at 15:30:31.113103 after 20.42 seconds
[0m15:30:31.113590 [debug] [MainThread]: Sending event: {'category': 'dbt', 'action': 'invocation', 'label': 'end', 'context': [<snowplow_tracker.self_describing_json.SelfDescribingJson object at 0x000001D3827EFD10>, <snowplow_tracker.self_describing_json.SelfDescribingJson object at 0x000001D386334B50>, <snowplow_tracker.self_describing_json.SelfDescribingJson object at 0x000001D386334050>]}
[0m15:30:31.113926 [debug] [MainThread]: Flushing usage events
[0m15:30:32.479600 [debug] [MainThread]: An error was encountered while trying to flush usage events
[0m15:32:16.398647 [debug] [MainThread]: Sending event: {'category': 'dbt', 'action': 'invocation', 'label': 'start', 'context': [<snowplow_tracker.self_describing_json.SelfDescribingJson object at 0x0000027F03B25160>, <snowplow_tracker.self_describing_json.SelfDescribingJson object at 0x0000027F7F581450>, <snowplow_tracker.self_describing_json.SelfDescribingJson object at 0x0000027F06293C50>]}


============================== 15:32:16.401938 | ea76ae93-b862-4aa8-a6b6-2070d217a79c ==============================
[0m15:32:16.401938 [info ] [MainThread]: Running with dbt=1.12.0
[0m15:32:16.402447 [debug] [MainThread]: running dbt with arguments {'static_parser': 'True', 'no_print': 'None', 'maximum_seed_size_mib': '1', 'target_path': 'None', 'warn_error_options': 'WarnErrorOptionsV2(error=[], warn=[], silence=[])', 'version_check': 'True', 'printer_width': '80', 'write_json': 'True', 'empty': 'None', 'log_cache_events': 'False', 'introspect': 'True', 'cache_selected_only': 'False', 'fail_fast': 'False', 'debug': 'False', 'log_format': 'default', 'partial_parse': 'True', 'send_anonymous_usage_stats': 'True', 'quiet': 'False', 'warn_error': 'None', 'profiles_dir': 'C:\\Users\\HP\\.dbt', 'indirect_selection': 'eager', 'hints_enabled': 'True', 'use_colors': 'True', 'use_experimental_parser': 'False', 'invocation_command': 'dbt test', 'log_path': 'C:\\Arjun_dbt_project\\old_dbt_project\\logs'}
[0m15:32:16.733898 [debug] [MainThread]: Snowflake adapter: Setting snowflake.connector to ERROR (file logging only)
[0m15:32:16.734264 [debug] [MainThread]: Snowflake adapter: Setting botocore to ERROR (file logging only)
[0m15:32:16.734503 [debug] [MainThread]: Snowflake adapter: Setting boto3 to ERROR (file logging only)
[0m15:32:16.930914 [debug] [MainThread]: Sending event: {'category': 'dbt', 'action': 'project_id', 'label': 'ea76ae93-b862-4aa8-a6b6-2070d217a79c', 'context': [<snowplow_tracker.self_describing_json.SelfDescribingJson object at 0x0000027F041FDE00>]}
[0m15:32:16.975134 [debug] [MainThread]: Sending event: {'category': 'dbt', 'action': 'adapter_info', 'label': 'ea76ae93-b862-4aa8-a6b6-2070d217a79c', 'context': [<snowplow_tracker.self_describing_json.SelfDescribingJson object at 0x0000027F0204EF10>]}
[0m15:32:16.976203 [info ] [MainThread]: Registered adapter: snowflake=1.12.0
[0m15:32:17.199104 [debug] [MainThread]: checksum: 34d064bbf3d7c01e29a022f69428015a75a45641a9d372ee507764c8a4f69675, vars: {}, profile: my_dbt_project, target: dev, version: 1.12.0
[0m15:32:17.341844 [debug] [MainThread]: Partial parsing enabled: 0 files deleted, 0 files added, 1 files changed.
[0m15:32:17.342428 [debug] [MainThread]: Partial parsing: updated file: my_new_project://models\schema.yml
[0m15:32:17.783531 [debug] [MainThread]: Sending event: {'category': 'dbt', 'action': 'load_project', 'label': 'ea76ae93-b862-4aa8-a6b6-2070d217a79c', 'context': [<snowplow_tracker.self_describing_json.SelfDescribingJson object at 0x0000027F08243250>]}
[0m15:32:17.893840 [debug] [MainThread]: Wrote artifact WritableManifest to C:\Arjun_dbt_project\old_dbt_project\target\manifest.json
[0m15:32:17.898384 [debug] [MainThread]: Wrote artifact SemanticManifest to C:\Arjun_dbt_project\old_dbt_project\target\semantic_manifest.json
[0m15:32:17.920813 [debug] [MainThread]: Wrote artifact OsiDocument to C:\Arjun_dbt_project\old_dbt_project\target\osi_document.json
[0m15:32:17.949865 [debug] [MainThread]: Sending event: {'category': 'dbt', 'action': 'resource_counts', 'label': 'ea76ae93-b862-4aa8-a6b6-2070d217a79c', 'context': [<snowplow_tracker.self_describing_json.SelfDescribingJson object at 0x0000027F097133E0>]}
[0m15:32:17.950288 [info ] [MainThread]: Found 15 models, 2 snapshots, 6 data tests, 7 sources, 548 macros
[0m15:32:17.950667 [debug] [MainThread]: Sending event: {'category': 'dbt', 'action': 'runnable_timing', 'label': 'ea76ae93-b862-4aa8-a6b6-2070d217a79c', 'context': [<snowplow_tracker.self_describing_json.SelfDescribingJson object at 0x0000027F093033F0>]}
[0m15:32:17.953758 [info ] [MainThread]: 
[0m15:32:17.954221 [info ] [MainThread]: Concurrency: 4 threads (target='dev')
[0m15:32:17.954673 [info ] [MainThread]: 
[0m15:32:17.955083 [debug] [MainThread]: Acquiring new snowflake connection 'master'
[0m15:32:17.959048 [debug] [ThreadPool]: Acquiring new snowflake connection 'list_DSP_PROJ_MART'
[0m15:32:17.967724 [debug] [ThreadPool]: Acquiring new snowflake connection 'list_DSP_PROJ_INTERMEDIATE'
[0m15:32:17.972640 [debug] [ThreadPool]: Acquiring new snowflake connection 'list_DBT_PRACTICE_SNAPSHOTS'
[0m15:32:17.974376 [debug] [ThreadPool]: Acquiring new snowflake connection 'list_DSP_PROJ_STAGING'
[0m15:32:17.977204 [debug] [ThreadPool]: Using snowflake connection "list_DSP_PROJ_MART"
[0m15:32:17.977932 [debug] [ThreadPool]: Using snowflake connection "list_DSP_PROJ_INTERMEDIATE"
[0m15:32:17.978394 [debug] [ThreadPool]: On list_DSP_PROJ_MART: show objects in DSP_PROJ.MART
    limit 10000
    

/* {"app": "dbt", "dbt_version": "1.12.0", "profile_name": "my_dbt_project", "target_name": "dev", "connection_name": "list_DSP_PROJ_MART"} */;
[0m15:32:17.978826 [debug] [ThreadPool]: Using snowflake connection "list_DBT_PRACTICE_SNAPSHOTS"
[0m15:32:17.979050 [debug] [ThreadPool]: On list_DSP_PROJ_INTERMEDIATE: show objects in DSP_PROJ.INTERMEDIATE
    limit 10000
    

/* {"app": "dbt", "dbt_version": "1.12.0", "profile_name": "my_dbt_project", "target_name": "dev", "connection_name": "list_DSP_PROJ_INTERMEDIATE"} */;
[0m15:32:17.979347 [debug] [ThreadPool]: Using snowflake connection "list_DSP_PROJ_STAGING"
[0m15:32:17.979593 [debug] [ThreadPool]: Opening a new connection, currently in state init
[0m15:32:17.979858 [debug] [ThreadPool]: On list_DBT_PRACTICE_SNAPSHOTS: show objects in DBT_PRACTICE.SNAPSHOTS
    limit 10000
    

/* {"app": "dbt", "dbt_version": "1.12.0", "profile_name": "my_dbt_project", "target_name": "dev", "connection_name": "list_DBT_PRACTICE_SNAPSHOTS"} */;
[0m15:32:17.980137 [debug] [ThreadPool]: Opening a new connection, currently in state init
[0m15:32:17.980387 [debug] [ThreadPool]: On list_DSP_PROJ_STAGING: show objects in DSP_PROJ.STAGING
    limit 10000
    

/* {"app": "dbt", "dbt_version": "1.12.0", "profile_name": "my_dbt_project", "target_name": "dev", "connection_name": "list_DSP_PROJ_STAGING"} */;
[0m15:32:17.980855 [debug] [ThreadPool]: Opening a new connection, currently in state init
[0m15:32:17.981350 [debug] [ThreadPool]: Opening a new connection, currently in state init
[0m15:32:19.741449 [debug] [ThreadPool]: SQL status: SUCCESS 3 in 1.761 seconds
[0m15:32:19.746671 [debug] [ThreadPool]: Using snowflake connection "list_DSP_PROJ_INTERMEDIATE"
[0m15:32:19.746952 [debug] [ThreadPool]: On list_DSP_PROJ_INTERMEDIATE: show user functions in DSP_PROJ.INTERMEDIATE
/* {"app": "dbt", "dbt_version": "1.12.0", "profile_name": "my_dbt_project", "target_name": "dev", "connection_name": "list_DSP_PROJ_INTERMEDIATE"} */
[0m15:32:19.797758 [debug] [ThreadPool]: SQL status: SUCCESS 5 in 1.818 seconds
[0m15:32:19.800550 [debug] [ThreadPool]: Using snowflake connection "list_DSP_PROJ_MART"
[0m15:32:19.800819 [debug] [ThreadPool]: On list_DSP_PROJ_MART: show user functions in DSP_PROJ.MART
/* {"app": "dbt", "dbt_version": "1.12.0", "profile_name": "my_dbt_project", "target_name": "dev", "connection_name": "list_DSP_PROJ_MART"} */
[0m15:32:20.035695 [debug] [ThreadPool]: SQL status: SUCCESS 0 in 0.288 seconds
[0m15:32:20.039241 [debug] [ThreadPool]: Re-using an available connection from the pool (formerly list_DSP_PROJ_INTERMEDIATE, now list_DSP_PROJ_MARTS)
[0m15:32:20.040147 [debug] [ThreadPool]: Using snowflake connection "list_DSP_PROJ_MARTS"
[0m15:32:20.040352 [debug] [ThreadPool]: On list_DSP_PROJ_MARTS: show objects in DSP_PROJ.MARTS
    limit 10000
    

/* {"app": "dbt", "dbt_version": "1.12.0", "profile_name": "my_dbt_project", "target_name": "dev", "connection_name": "list_DSP_PROJ_MARTS"} */;
[0m15:32:20.219644 [debug] [ThreadPool]: SQL status: SUCCESS 4 in 2.239 seconds
[0m15:32:20.222292 [debug] [ThreadPool]: Using snowflake connection "list_DBT_PRACTICE_SNAPSHOTS"
[0m15:32:20.222533 [debug] [ThreadPool]: On list_DBT_PRACTICE_SNAPSHOTS: show user functions in DBT_PRACTICE.SNAPSHOTS
/* {"app": "dbt", "dbt_version": "1.12.0", "profile_name": "my_dbt_project", "target_name": "dev", "connection_name": "list_DBT_PRACTICE_SNAPSHOTS"} */
[0m15:32:20.257149 [debug] [ThreadPool]: SQL status: SUCCESS 0 in 0.456 seconds
[0m15:32:20.327408 [debug] [ThreadPool]: SQL status: SUCCESS 5 in 2.346 seconds
[0m15:32:20.329950 [debug] [ThreadPool]: Using snowflake connection "list_DSP_PROJ_STAGING"
[0m15:32:20.330257 [debug] [ThreadPool]: On list_DSP_PROJ_STAGING: show user functions in DSP_PROJ.STAGING
/* {"app": "dbt", "dbt_version": "1.12.0", "profile_name": "my_dbt_project", "target_name": "dev", "connection_name": "list_DSP_PROJ_STAGING"} */
[0m15:32:20.490737 [debug] [ThreadPool]: SQL status: SUCCESS 4 in 0.450 seconds
[0m15:32:20.496364 [debug] [ThreadPool]: Using snowflake connection "list_DSP_PROJ_MARTS"
[0m15:32:20.496680 [debug] [ThreadPool]: On list_DSP_PROJ_MARTS: show user functions in DSP_PROJ.MARTS
/* {"app": "dbt", "dbt_version": "1.12.0", "profile_name": "my_dbt_project", "target_name": "dev", "connection_name": "list_DSP_PROJ_MARTS"} */
[0m15:32:20.698442 [debug] [ThreadPool]: SQL status: SUCCESS 0 in 0.368 seconds
[0m15:32:20.699871 [debug] [ThreadPool]: SQL status: SUCCESS 0 in 0.477 seconds
[0m15:32:20.841186 [debug] [ThreadPool]: SQL status: SUCCESS 0 in 0.344 seconds
[0m15:32:20.845890 [debug] [MainThread]: Sending event: {'category': 'dbt', 'action': 'runnable_timing', 'label': 'ea76ae93-b862-4aa8-a6b6-2070d217a79c', 'context': [<snowplow_tracker.self_describing_json.SelfDescribingJson object at 0x0000027F09799090>]}
[0m15:32:20.852490 [debug] [Thread-4 (]: Began running node test.my_new_project.not_null_stg_consumer_application_detail_created_date.6177596507
[0m15:32:20.852859 [debug] [Thread-3 (]: Began running node test.my_new_project.not_null_stg_consumer_application_detail_consumer_application_number.bedd807512
[0m15:32:20.853186 [debug] [Thread-2 (]: Began running node test.my_new_project.check_negative_amount
[0m15:32:20.853436 [debug] [Thread-5 (]: Began running node test.my_new_project.not_null_stg_customers_customer_id.e2cfb1f9aa
[0m15:32:20.853684 [info ] [Thread-4 (]: 3 of 6 START test not_null_stg_consumer_application_detail_created_date ........ [RUN]
[0m15:32:20.853953 [info ] [Thread-3 (]: 2 of 6 START test not_null_stg_consumer_application_detail_consumer_application_number  [RUN]
[0m15:32:20.854420 [info ] [Thread-2 (]: 1 of 6 START test check_negative_amount ........................................ [RUN]
[0m15:32:20.855176 [debug] [Thread-4 (]: Acquiring new snowflake connection 'test.my_new_project.not_null_stg_consumer_application_detail_created_date.6177596507'
[0m15:32:20.854740 [info ] [Thread-5 (]: 4 of 6 START test not_null_stg_customers_customer_id ........................... [RUN]
[0m15:32:20.855661 [debug] [Thread-3 (]: Acquiring new snowflake connection 'test.my_new_project.not_null_stg_consumer_application_detail_consumer_application_number.bedd807512'
[0m15:32:20.855999 [debug] [Thread-2 (]: Acquiring new snowflake connection 'test.my_new_project.check_negative_amount'
[0m15:32:20.856245 [debug] [Thread-4 (]: Began compiling node test.my_new_project.not_null_stg_consumer_application_detail_created_date.6177596507
[0m15:32:20.856582 [debug] [Thread-5 (]: Acquiring new snowflake connection 'test.my_new_project.not_null_stg_customers_customer_id.e2cfb1f9aa'
[0m15:32:20.856858 [debug] [Thread-3 (]: Began compiling node test.my_new_project.not_null_stg_consumer_application_detail_consumer_application_number.bedd807512
[0m15:32:20.857100 [debug] [Thread-2 (]: Began compiling node test.my_new_project.check_negative_amount
[0m15:32:20.867840 [debug] [Thread-4 (]: Writing injected SQL for node "test.my_new_project.not_null_stg_consumer_application_detail_created_date.6177596507"
[0m15:32:20.868241 [debug] [Thread-5 (]: Began compiling node test.my_new_project.not_null_stg_customers_customer_id.e2cfb1f9aa
[0m15:32:20.875116 [debug] [Thread-3 (]: Writing injected SQL for node "test.my_new_project.not_null_stg_consumer_application_detail_consumer_application_number.bedd807512"
[0m15:32:20.876708 [debug] [Thread-2 (]: Writing injected SQL for node "test.my_new_project.check_negative_amount"
[0m15:32:20.881609 [debug] [Thread-5 (]: Writing injected SQL for node "test.my_new_project.not_null_stg_customers_customer_id.e2cfb1f9aa"
[0m15:32:20.885512 [debug] [Thread-5 (]: Began executing node test.my_new_project.not_null_stg_customers_customer_id.e2cfb1f9aa
[0m15:32:20.885929 [debug] [Thread-3 (]: Began executing node test.my_new_project.not_null_stg_consumer_application_detail_consumer_application_number.bedd807512
[0m15:32:20.886190 [debug] [Thread-2 (]: Began executing node test.my_new_project.check_negative_amount
[0m15:32:20.891820 [debug] [Thread-4 (]: Began executing node test.my_new_project.not_null_stg_consumer_application_detail_created_date.6177596507
[0m15:32:20.900728 [debug] [Thread-5 (]: Writing runtime sql for node "test.my_new_project.not_null_stg_customers_customer_id.e2cfb1f9aa"
[0m15:32:20.901982 [debug] [Thread-3 (]: Writing runtime sql for node "test.my_new_project.not_null_stg_consumer_application_detail_consumer_application_number.bedd807512"
[0m15:32:20.903080 [debug] [Thread-2 (]: Writing runtime sql for node "test.my_new_project.check_negative_amount"
[0m15:32:20.904270 [debug] [Thread-4 (]: Writing runtime sql for node "test.my_new_project.not_null_stg_consumer_application_detail_created_date.6177596507"
[0m15:32:20.908341 [debug] [Thread-5 (]: Using snowflake connection "test.my_new_project.not_null_stg_customers_customer_id.e2cfb1f9aa"
[0m15:32:20.908762 [debug] [Thread-5 (]: On test.my_new_project.not_null_stg_customers_customer_id.e2cfb1f9aa: select
      count(*) as failures,
      count(*) != 0 as should_warn,
      count(*) != 0 as should_error
    from (
      
    
  
    
    



select customer_id
from DBT_PRACTICE.SNAPSHOTS.stg_customers
where customer_id is null



  
  
      
    ) dbt_internal_test
/* {"app": "dbt", "dbt_version": "1.12.0", "profile_name": "my_dbt_project", "target_name": "dev", "node_id": "test.my_new_project.not_null_stg_customers_customer_id.e2cfb1f9aa"} */
[0m15:32:20.909296 [debug] [Thread-4 (]: Using snowflake connection "test.my_new_project.not_null_stg_consumer_application_detail_created_date.6177596507"
[0m15:32:20.909757 [debug] [Thread-3 (]: Using snowflake connection "test.my_new_project.not_null_stg_consumer_application_detail_consumer_application_number.bedd807512"
[0m15:32:20.909979 [debug] [Thread-5 (]: Opening a new connection, currently in state init
[0m15:32:20.910328 [debug] [Thread-2 (]: Using snowflake connection "test.my_new_project.check_negative_amount"
[0m15:32:20.910583 [debug] [Thread-4 (]: On test.my_new_project.not_null_stg_consumer_application_detail_created_date.6177596507: select
      count(*) as failures,
      count(*) != 0 as should_warn,
      count(*) != 0 as should_error
    from (
      
    
  
    
    



select created_date
from DSP_PROJ.STAGING.stg_consumer_application_detail
where created_date is null



  
  
      
    ) dbt_internal_test
/* {"app": "dbt", "dbt_version": "1.12.0", "profile_name": "my_dbt_project", "target_name": "dev", "node_id": "test.my_new_project.not_null_stg_consumer_application_detail_created_date.6177596507"} */
[0m15:32:20.910840 [debug] [Thread-3 (]: On test.my_new_project.not_null_stg_consumer_application_detail_consumer_application_number.bedd807512: select
      count(*) as failures,
      count(*) != 0 as should_warn,
      count(*) != 0 as should_error
    from (
      
    
  
    
    



select consumer_application_number
from DSP_PROJ.STAGING.stg_consumer_application_detail
where consumer_application_number is null



  
  
      
    ) dbt_internal_test
/* {"app": "dbt", "dbt_version": "1.12.0", "profile_name": "my_dbt_project", "target_name": "dev", "node_id": "test.my_new_project.not_null_stg_consumer_application_detail_consumer_application_number.bedd807512"} */
[0m15:32:20.911212 [debug] [Thread-2 (]: On test.my_new_project.check_negative_amount: select
      count(*) as failures,
      count(*) != 0 as should_warn,
      count(*) != 0 as should_error
    from (
      
    
  select * from 
DSP_PROJ.STAGING.stg_erp_budget_workflow_amount
where TOTAL_SUPV_AMOUNT<0
  
  
      
    ) dbt_internal_test
/* {"app": "dbt", "dbt_version": "1.12.0", "profile_name": "my_dbt_project", "target_name": "dev", "node_id": "test.my_new_project.check_negative_amount"} */
[0m15:32:20.911541 [debug] [Thread-4 (]: Opening a new connection, currently in state init
[0m15:32:20.912425 [debug] [Thread-3 (]: Opening a new connection, currently in state init
[0m15:32:20.912912 [debug] [Thread-2 (]: Opening a new connection, currently in state init
[0m15:32:22.195824 [debug] [Thread-5 (]: SQL status: SUCCESS 1 in 1.285 seconds
[0m15:32:22.206276 [info ] [Thread-5 (]: 4 of 6 PASS not_null_stg_customers_customer_id ................................. [[32mPASS[0m in 1.35s]
[0m15:32:22.206844 [debug] [Thread-5 (]: Finished running node test.my_new_project.not_null_stg_customers_customer_id.e2cfb1f9aa
[0m15:32:22.207112 [debug] [Thread-5 (]: Began running node test.my_new_project.positive_value_stg_erp_budget_workflow_amount_je_return_amount.a05798ea55
[0m15:32:22.207334 [info ] [Thread-5 (]: 5 of 6 START test positive_value_stg_erp_budget_workflow_amount_je_return_amount  [RUN]
[0m15:32:22.207728 [debug] [Thread-5 (]: Re-using an available connection from the pool (formerly test.my_new_project.not_null_stg_customers_customer_id.e2cfb1f9aa, now test.my_new_project.positive_value_stg_erp_budget_workflow_amount_je_return_amount.a05798ea55)
[0m15:32:22.207962 [debug] [Thread-5 (]: Began compiling node test.my_new_project.positive_value_stg_erp_budget_workflow_amount_je_return_amount.a05798ea55
[0m15:32:22.215213 [debug] [Thread-5 (]: Writing injected SQL for node "test.my_new_project.positive_value_stg_erp_budget_workflow_amount_je_return_amount.a05798ea55"
[0m15:32:22.220701 [debug] [Thread-5 (]: Began executing node test.my_new_project.positive_value_stg_erp_budget_workflow_amount_je_return_amount.a05798ea55
[0m15:32:22.221946 [debug] [Thread-5 (]: Writing runtime sql for node "test.my_new_project.positive_value_stg_erp_budget_workflow_amount_je_return_amount.a05798ea55"
[0m15:32:22.224837 [debug] [Thread-3 (]: SQL status: SUCCESS 1 in 1.312 seconds
[0m15:32:22.225459 [debug] [Thread-5 (]: Using snowflake connection "test.my_new_project.positive_value_stg_erp_budget_workflow_amount_je_return_amount.a05798ea55"
[0m15:32:22.227366 [debug] [Thread-5 (]: On test.my_new_project.positive_value_stg_erp_budget_workflow_amount_je_return_amount.a05798ea55: select
      count(*) as failures,
      count(*) != 0 as should_warn,
      count(*) != 0 as should_error
    from (
      
    
  

select * from DSP_PROJ.STAGING.stg_erp_budget_workflow_amount where je_return_amount <=0


  
  
      
    ) dbt_internal_test
/* {"app": "dbt", "dbt_version": "1.12.0", "profile_name": "my_dbt_project", "target_name": "dev", "node_id": "test.my_new_project.positive_value_stg_erp_budget_workflow_amount_je_return_amount.a05798ea55"} */
[0m15:32:22.227043 [info ] [Thread-3 (]: 2 of 6 PASS not_null_stg_consumer_application_detail_consumer_application_number  [[32mPASS[0m in 1.37s]
[0m15:32:22.228418 [debug] [Thread-3 (]: Finished running node test.my_new_project.not_null_stg_consumer_application_detail_consumer_application_number.bedd807512
[0m15:32:22.228894 [debug] [Thread-3 (]: Began running node test.my_new_project.unique_stg_customers_customer_id.c7614daada
[0m15:32:22.229199 [info ] [Thread-3 (]: 6 of 6 START test unique_stg_customers_customer_id ............................. [RUN]
[0m15:32:22.229780 [debug] [Thread-3 (]: Re-using an available connection from the pool (formerly test.my_new_project.not_null_stg_consumer_application_detail_consumer_application_number.bedd807512, now test.my_new_project.unique_stg_customers_customer_id.c7614daada)
[0m15:32:22.230133 [debug] [Thread-3 (]: Began compiling node test.my_new_project.unique_stg_customers_customer_id.c7614daada
[0m15:32:22.235793 [debug] [Thread-3 (]: Writing injected SQL for node "test.my_new_project.unique_stg_customers_customer_id.c7614daada"
[0m15:32:22.239260 [debug] [Thread-3 (]: Began executing node test.my_new_project.unique_stg_customers_customer_id.c7614daada
[0m15:32:22.240513 [debug] [Thread-3 (]: Writing runtime sql for node "test.my_new_project.unique_stg_customers_customer_id.c7614daada"
[0m15:32:22.243394 [debug] [Thread-3 (]: Using snowflake connection "test.my_new_project.unique_stg_customers_customer_id.c7614daada"
[0m15:32:22.244041 [debug] [Thread-3 (]: On test.my_new_project.unique_stg_customers_customer_id.c7614daada: select
      count(*) as failures,
      count(*) != 0 as should_warn,
      count(*) != 0 as should_error
    from (
      
    
  
    
    

select
    customer_id as unique_field,
    count(*) as n_records

from DBT_PRACTICE.SNAPSHOTS.stg_customers
where customer_id is not null
group by customer_id
having count(*) > 1



  
  
      
    ) dbt_internal_test
/* {"app": "dbt", "dbt_version": "1.12.0", "profile_name": "my_dbt_project", "target_name": "dev", "node_id": "test.my_new_project.unique_stg_customers_customer_id.c7614daada"} */
[0m15:32:22.312733 [debug] [Thread-4 (]: SQL status: SUCCESS 1 in 1.401 seconds
[0m15:32:22.314601 [info ] [Thread-4 (]: 3 of 6 PASS not_null_stg_consumer_application_detail_created_date .............. [[32mPASS[0m in 1.46s]
[0m15:32:22.315182 [debug] [Thread-4 (]: Finished running node test.my_new_project.not_null_stg_consumer_application_detail_created_date.6177596507
[0m15:32:22.348081 [debug] [Thread-2 (]: SQL status: SUCCESS 1 in 1.435 seconds
[0m15:32:22.352679 [info ] [Thread-2 (]: 1 of 6 PASS check_negative_amount .............................................. [[32mPASS[0m in 1.50s]
[0m15:32:22.353722 [debug] [Thread-2 (]: Finished running node test.my_new_project.check_negative_amount
[0m15:32:22.687015 [debug] [Thread-3 (]: SQL status: SUCCESS 1 in 0.442 seconds
[0m15:32:22.689776 [info ] [Thread-3 (]: 6 of 6 PASS unique_stg_customers_customer_id ................................... [[32mPASS[0m in 0.46s]
[0m15:32:22.690266 [debug] [Thread-3 (]: Finished running node test.my_new_project.unique_stg_customers_customer_id.c7614daada
[0m15:32:22.762547 [debug] [Thread-5 (]: SQL status: SUCCESS 1 in 0.534 seconds
[0m15:32:22.765470 [error] [Thread-5 (]: 5 of 6 FAIL 433 positive_value_stg_erp_budget_workflow_amount_je_return_amount . [[31mFAIL 433[0m in 0.56s]
[0m15:32:22.766041 [debug] [Thread-5 (]: Finished running node test.my_new_project.positive_value_stg_erp_budget_workflow_amount_je_return_amount.a05798ea55
[0m15:32:22.768543 [debug] [MainThread]: Connection 'master' was properly closed.
[0m15:32:22.769053 [debug] [MainThread]: Connection 'list_DSP_PROJ_MART' was left open.
[0m15:32:22.769475 [debug] [MainThread]: On list_DSP_PROJ_MART: Close
[0m15:32:23.434068 [debug] [MainThread]: Connection 'list_DSP_PROJ_MARTS' was left open.
[0m15:32:23.434535 [debug] [MainThread]: On list_DSP_PROJ_MARTS: Close
[0m15:32:24.132114 [debug] [MainThread]: Connection 'list_DBT_PRACTICE_SNAPSHOTS' was left open.
[0m15:32:24.132574 [debug] [MainThread]: On list_DBT_PRACTICE_SNAPSHOTS: Close
[0m15:32:24.757468 [debug] [MainThread]: Connection 'list_DSP_PROJ_STAGING' was left open.
[0m15:32:24.757801 [debug] [MainThread]: On list_DSP_PROJ_STAGING: Close
[0m15:32:25.631112 [debug] [MainThread]: Connection 'test.my_new_project.not_null_stg_consumer_application_detail_created_date.6177596507' was left open.
[0m15:32:25.631846 [debug] [MainThread]: On test.my_new_project.not_null_stg_consumer_application_detail_created_date.6177596507: Close
[0m15:32:26.144335 [debug] [MainThread]: Connection 'test.my_new_project.unique_stg_customers_customer_id.c7614daada' was left open.
[0m15:32:26.144681 [debug] [MainThread]: On test.my_new_project.unique_stg_customers_customer_id.c7614daada: Close
[0m15:32:26.614797 [debug] [MainThread]: Connection 'test.my_new_project.check_negative_amount' was left open.
[0m15:32:26.615259 [debug] [MainThread]: On test.my_new_project.check_negative_amount: Close
[0m15:32:27.052713 [debug] [MainThread]: Connection 'test.my_new_project.positive_value_stg_erp_budget_workflow_amount_je_return_amount.a05798ea55' was left open.
[0m15:32:27.053370 [debug] [MainThread]: On test.my_new_project.positive_value_stg_erp_budget_workflow_amount_je_return_amount.a05798ea55: Close
[0m15:32:27.599465 [info ] [MainThread]: 
[0m15:32:27.600679 [info ] [MainThread]: Finished running 6 data tests in 0 hours 0 minutes and 9.64 seconds (9.64s).
[0m15:32:27.603461 [debug] [MainThread]: Command end result
[0m15:32:27.656142 [debug] [MainThread]: Wrote artifact WritableManifest to C:\Arjun_dbt_project\old_dbt_project\target\manifest.json
[0m15:32:27.660675 [debug] [MainThread]: Wrote artifact SemanticManifest to C:\Arjun_dbt_project\old_dbt_project\target\semantic_manifest.json
[0m15:32:27.664683 [debug] [MainThread]: Wrote artifact OsiDocument to C:\Arjun_dbt_project\old_dbt_project\target\osi_document.json
[0m15:32:27.673327 [debug] [MainThread]: Wrote artifact RunExecutionResult to C:\Arjun_dbt_project\old_dbt_project\target\run_results.json
[0m15:32:27.673624 [info ] [MainThread]: 
[0m15:32:27.674156 [info ] [MainThread]: [31mCompleted with 1 error, 0 partial successes, and 0 warnings:[0m
[0m15:32:27.674468 [info ] [MainThread]: 
[0m15:32:27.674788 [error] [MainThread]: [[31mERROR[0m]: in test positive_value_stg_erp_budget_workflow_amount_je_return_amount (models\schema.yml)
[0m15:32:27.675074 [error] [MainThread]:   Got 433 results, configured to fail if != 0
[0m15:32:27.675291 [info ] [MainThread]: 
[0m15:32:27.675568 [info ] [MainThread]:   compiled code at target\compiled\my_new_project\models\schema.yml\positive_value_stg_erp_budget_workflow_amount_je_return_amount.sql
[0m15:32:27.675811 [info ] [MainThread]: 
[0m15:32:27.676069 [info ] [MainThread]: Done. PASS=5 WARN=0 ERROR=1 SKIP=0 NO-OP=0 REUSED=0 TOTAL=6
[0m15:32:27.676725 [debug] [MainThread]: Command `dbt test` failed at 15:32:27.676633 after 11.40 seconds
[0m15:32:27.677002 [debug] [MainThread]: Sending event: {'category': 'dbt', 'action': 'invocation', 'label': 'end', 'context': [<snowplow_tracker.self_describing_json.SelfDescribingJson object at 0x0000027F05F3FD10>, <snowplow_tracker.self_describing_json.SelfDescribingJson object at 0x0000027F096D9650>, <snowplow_tracker.self_describing_json.SelfDescribingJson object at 0x0000027F096DA570>]}
[0m15:32:27.677240 [debug] [MainThread]: Flushing usage events
[0m15:32:29.304650 [debug] [MainThread]: An error was encountered while trying to flush usage events
[0m16:46:40.838909 [debug] [MainThread]: Sending event: {'category': 'dbt', 'action': 'invocation', 'label': 'start', 'context': [<snowplow_tracker.self_describing_json.SelfDescribingJson object at 0x0000026B304B5160>, <snowplow_tracker.self_describing_json.SelfDescribingJson object at 0x0000026B2D301450>, <snowplow_tracker.self_describing_json.SelfDescribingJson object at 0x0000026B32C1FB10>]}


============================== 16:46:40.848252 | 2057fd65-4deb-476e-8fbb-d8d6257afc12 ==============================
[0m16:46:40.848252 [info ] [MainThread]: Running with dbt=1.12.0
[0m16:46:40.849034 [debug] [MainThread]: running dbt with arguments {'maximum_seed_size_mib': '1', 'no_print': 'None', 'static_parser': 'True', 'target_path': 'None', 'version_check': 'True', 'warn_error_options': 'WarnErrorOptionsV2(error=[], warn=[], silence=[])', 'printer_width': '80', 'write_json': 'True', 'introspect': 'True', 'log_cache_events': 'False', 'empty': 'None', 'cache_selected_only': 'False', 'fail_fast': 'False', 'debug': 'False', 'log_format': 'default', 'partial_parse': 'True', 'send_anonymous_usage_stats': 'True', 'quiet': 'False', 'warn_error': 'None', 'profiles_dir': 'C:\\Users\\HP\\.dbt', 'use_colors': 'True', 'hints_enabled': 'True', 'indirect_selection': 'eager', 'use_experimental_parser': 'False', 'invocation_command': 'dbt source freshness', 'log_path': 'C:\\Arjun_dbt_project\\old_dbt_project\\logs'}
[0m16:46:41.854546 [debug] [MainThread]: Snowflake adapter: Setting snowflake.connector to ERROR (file logging only)
[0m16:46:41.855356 [debug] [MainThread]: Snowflake adapter: Setting botocore to ERROR (file logging only)
[0m16:46:41.855680 [debug] [MainThread]: Snowflake adapter: Setting boto3 to ERROR (file logging only)
[0m16:46:42.195865 [debug] [MainThread]: Sending event: {'category': 'dbt', 'action': 'project_id', 'label': '2057fd65-4deb-476e-8fbb-d8d6257afc12', 'context': [<snowplow_tracker.self_describing_json.SelfDescribingJson object at 0x0000026B30B8DE00>]}
[0m16:46:42.246418 [debug] [MainThread]: Sending event: {'category': 'dbt', 'action': 'adapter_info', 'label': '2057fd65-4deb-476e-8fbb-d8d6257afc12', 'context': [<snowplow_tracker.self_describing_json.SelfDescribingJson object at 0x0000026B2E9DEF10>]}
[0m16:46:42.247611 [info ] [MainThread]: Registered adapter: snowflake=1.12.0
[0m16:46:42.656943 [debug] [MainThread]: checksum: 34d064bbf3d7c01e29a022f69428015a75a45641a9d372ee507764c8a4f69675, vars: {}, profile: my_dbt_project, target: dev, version: 1.12.0
[0m16:46:42.863223 [debug] [MainThread]: Partial parsing enabled: 0 files deleted, 0 files added, 0 files changed.
[0m16:46:42.863562 [debug] [MainThread]: Nothing changed, skipping partial parsing.
[0m16:46:42.863771 [debug] [MainThread]: Partial parsing enabled, no changes found, skipping parsing
[0m16:46:42.870931 [debug] [MainThread]: Sending event: {'category': 'dbt', 'action': 'load_project', 'label': '2057fd65-4deb-476e-8fbb-d8d6257afc12', 'context': [<snowplow_tracker.self_describing_json.SelfDescribingJson object at 0x0000026B34B8E750>]}
[0m16:46:43.097762 [debug] [MainThread]: Wrote artifact WritableManifest to C:\Arjun_dbt_project\old_dbt_project\target\manifest.json
[0m16:46:43.106555 [debug] [MainThread]: Wrote artifact SemanticManifest to C:\Arjun_dbt_project\old_dbt_project\target\semantic_manifest.json
[0m16:46:43.200338 [debug] [MainThread]: Wrote artifact OsiDocument to C:\Arjun_dbt_project\old_dbt_project\target\osi_document.json
[0m16:46:43.283966 [debug] [MainThread]: Sending event: {'category': 'dbt', 'action': 'resource_counts', 'label': '2057fd65-4deb-476e-8fbb-d8d6257afc12', 'context': [<snowplow_tracker.self_describing_json.SelfDescribingJson object at 0x0000026B35C51D60>]}
[0m16:46:43.284751 [info ] [MainThread]: Found 15 models, 2 snapshots, 6 data tests, 7 sources, 548 macros
[0m16:46:43.285142 [debug] [MainThread]: Sending event: {'category': 'dbt', 'action': 'runnable_timing', 'label': '2057fd65-4deb-476e-8fbb-d8d6257afc12', 'context': [<snowplow_tracker.self_describing_json.SelfDescribingJson object at 0x0000026B35D15C50>]}
[0m16:46:43.286700 [warn ] [MainThread]: [[33mWARNING[0m]: Nothing to do. Try checking your model configs and model specification args
[0m16:46:43.330702 [debug] [MainThread]: Wrote artifact WritableManifest to C:\Arjun_dbt_project\old_dbt_project\target\manifest.json
[0m16:46:43.335713 [debug] [MainThread]: Wrote artifact SemanticManifest to C:\Arjun_dbt_project\old_dbt_project\target\semantic_manifest.json
[0m16:46:43.341971 [debug] [MainThread]: Wrote artifact OsiDocument to C:\Arjun_dbt_project\old_dbt_project\target\osi_document.json
[0m16:46:43.346011 [debug] [MainThread]: Wrote artifact FreshnessResult to C:\Arjun_dbt_project\old_dbt_project\target\sources.json
[0m16:46:43.346329 [info ] [MainThread]: Done.
[0m16:46:43.347271 [debug] [MainThread]: Command `dbt source freshness` succeeded at 16:46:43.347162 after 2.90 seconds
[0m16:46:43.347546 [debug] [MainThread]: Sending event: {'category': 'dbt', 'action': 'invocation', 'label': 'end', 'context': [<snowplow_tracker.self_describing_json.SelfDescribingJson object at 0x0000026B35CB7BA0>, <snowplow_tracker.self_describing_json.SelfDescribingJson object at 0x0000026B328CFD10>, <snowplow_tracker.self_describing_json.SelfDescribingJson object at 0x0000026B35D41A90>]}
[0m16:46:43.347804 [debug] [MainThread]: Flushing usage events
[0m16:46:44.999676 [debug] [MainThread]: An error was encountered while trying to flush usage events
[0m16:54:49.764364 [debug] [MainThread]: Sending event: {'category': 'dbt', 'action': 'invocation', 'label': 'start', 'context': [<snowplow_tracker.self_describing_json.SelfDescribingJson object at 0x0000016725CA5160>, <snowplow_tracker.self_describing_json.SelfDescribingJson object at 0x0000016722AE1450>, <snowplow_tracker.self_describing_json.SelfDescribingJson object at 0x00000167283FFB10>]}


============================== 16:54:49.773366 | ea92113b-2729-4cc2-ba15-29cd44dd4926 ==============================
[0m16:54:49.773366 [info ] [MainThread]: Running with dbt=1.12.0
[0m16:54:49.774138 [debug] [MainThread]: running dbt with arguments {'maximum_seed_size_mib': '1', 'no_print': 'None', 'static_parser': 'True', 'target_path': 'None', 'warn_error_options': 'WarnErrorOptionsV2(error=[], warn=[], silence=[])', 'version_check': 'True', 'printer_width': '80', 'write_json': 'True', 'introspect': 'True', 'log_cache_events': 'False', 'empty': 'None', 'cache_selected_only': 'False', 'fail_fast': 'False', 'debug': 'False', 'log_format': 'default', 'profiles_dir': 'C:\\Users\\HP\\.dbt', 'send_anonymous_usage_stats': 'True', 'quiet': 'False', 'warn_error': 'None', 'partial_parse': 'True', 'indirect_selection': 'eager', 'hints_enabled': 'True', 'invocation_command': 'dbt source freshness', 'use_experimental_parser': 'False', 'use_colors': 'True', 'log_path': 'C:\\Arjun_dbt_project\\old_dbt_project\\logs'}
[0m16:54:50.611788 [debug] [MainThread]: Snowflake adapter: Setting snowflake.connector to ERROR (file logging only)
[0m16:54:50.612212 [debug] [MainThread]: Snowflake adapter: Setting botocore to ERROR (file logging only)
[0m16:54:50.612447 [debug] [MainThread]: Snowflake adapter: Setting boto3 to ERROR (file logging only)
[0m16:54:50.863250 [debug] [MainThread]: Sending event: {'category': 'dbt', 'action': 'project_id', 'label': 'ea92113b-2729-4cc2-ba15-29cd44dd4926', 'context': [<snowplow_tracker.self_describing_json.SelfDescribingJson object at 0x000001672636DE00>]}
[0m16:54:50.912434 [debug] [MainThread]: Sending event: {'category': 'dbt', 'action': 'adapter_info', 'label': 'ea92113b-2729-4cc2-ba15-29cd44dd4926', 'context': [<snowplow_tracker.self_describing_json.SelfDescribingJson object at 0x00000167241CEF10>]}
[0m16:54:50.913565 [info ] [MainThread]: Registered adapter: snowflake=1.12.0
[0m16:54:51.155648 [debug] [MainThread]: checksum: 34d064bbf3d7c01e29a022f69428015a75a45641a9d372ee507764c8a4f69675, vars: {}, profile: my_dbt_project, target: dev, version: 1.12.0
[0m16:54:51.274934 [error] [MainThread]: [[31mERROR[0m]: Encountered an error:
Parsing Error
  Error reading my_new_project: schema.yml - Runtime Error
    Syntax error near line 4
    ------------------------------
    1  | version: 2
    2  | sources:
    3  |   - name:raw
    4  |     database: DBT_PRACTICE
    5  |     schema: SNAPSHOTS
    6  |     tables:
    7  |       - name: stg_customers
    
    Raw Error:
    ------------------------------
    mapping values are not allowed in this context
      in "<unicode string>", line 4, column 13
[0m16:54:51.275965 [debug] [MainThread]: Command `dbt source freshness` failed at 16:54:51.275856 after 1.69 seconds
[0m16:54:51.276246 [debug] [MainThread]: Sending event: {'category': 'dbt', 'action': 'invocation', 'label': 'end', 'context': [<snowplow_tracker.self_describing_json.SelfDescribingJson object at 0x000001672A2FDC50>, <snowplow_tracker.self_describing_json.SelfDescribingJson object at 0x000001672A2FDE50>, <snowplow_tracker.self_describing_json.SelfDescribingJson object at 0x000001672B3C46E0>]}
[0m16:54:51.276487 [debug] [MainThread]: Flushing usage events
[0m16:54:53.013862 [debug] [MainThread]: An error was encountered while trying to flush usage events
[0m16:57:54.938688 [debug] [MainThread]: Sending event: {'category': 'dbt', 'action': 'invocation', 'label': 'start', 'context': [<snowplow_tracker.self_describing_json.SelfDescribingJson object at 0x000002868C225160>, <snowplow_tracker.self_describing_json.SelfDescribingJson object at 0x0000028689031450>, <snowplow_tracker.self_describing_json.SelfDescribingJson object at 0x000002868E98FB10>]}


============================== 16:57:54.941977 | 9d32e635-98c8-4127-898b-1ebb12c7a7cc ==============================
[0m16:57:54.941977 [info ] [MainThread]: Running with dbt=1.12.0
[0m16:57:54.942515 [debug] [MainThread]: running dbt with arguments {'static_parser': 'True', 'no_print': 'None', 'maximum_seed_size_mib': '1', 'warn_error_options': 'WarnErrorOptionsV2(error=[], warn=[], silence=[])', 'target_path': 'None', 'version_check': 'True', 'printer_width': '80', 'write_json': 'True', 'introspect': 'True', 'log_cache_events': 'False', 'empty': 'None', 'cache_selected_only': 'False', 'fail_fast': 'False', 'debug': 'False', 'log_format': 'default', 'partial_parse': 'True', 'send_anonymous_usage_stats': 'True', 'quiet': 'False', 'warn_error': 'None', 'profiles_dir': 'C:\\Users\\HP\\.dbt', 'invocation_command': 'dbt source freshness', 'hints_enabled': 'True', 'use_colors': 'True', 'use_experimental_parser': 'False', 'indirect_selection': 'eager', 'log_path': 'C:\\Arjun_dbt_project\\old_dbt_project\\logs'}
[0m16:57:55.266845 [debug] [MainThread]: Snowflake adapter: Setting snowflake.connector to ERROR (file logging only)
[0m16:57:55.267177 [debug] [MainThread]: Snowflake adapter: Setting botocore to ERROR (file logging only)
[0m16:57:55.267410 [debug] [MainThread]: Snowflake adapter: Setting boto3 to ERROR (file logging only)
[0m16:57:55.468935 [debug] [MainThread]: Sending event: {'category': 'dbt', 'action': 'project_id', 'label': '9d32e635-98c8-4127-898b-1ebb12c7a7cc', 'context': [<snowplow_tracker.self_describing_json.SelfDescribingJson object at 0x000002868C8FDE00>]}
[0m16:57:55.528262 [debug] [MainThread]: Sending event: {'category': 'dbt', 'action': 'adapter_info', 'label': '9d32e635-98c8-4127-898b-1ebb12c7a7cc', 'context': [<snowplow_tracker.self_describing_json.SelfDescribingJson object at 0x000002868A74EF10>]}
[0m16:57:55.529325 [info ] [MainThread]: Registered adapter: snowflake=1.12.0
[0m16:57:55.809673 [debug] [MainThread]: checksum: 34d064bbf3d7c01e29a022f69428015a75a45641a9d372ee507764c8a4f69675, vars: {}, profile: my_dbt_project, target: dev, version: 1.12.0
[0m16:57:55.913977 [error] [MainThread]: [[31mERROR[0m]: Encountered an error:
Parsing Error
  Error reading my_new_project: schema.yml - Runtime Error
    Syntax error near line 4
    ------------------------------
    1  | version: 2
    2  | sources:
    3  |   - name:raw
    4  |     database: DBT_PRACTICE
    5  |     schema: SNAPSHOTS
    6  | 
    7  |     tables:
    
    Raw Error:
    ------------------------------
    mapping values are not allowed in this context
      in "<unicode string>", line 4, column 13
[0m16:57:55.915412 [debug] [MainThread]: Command `dbt source freshness` failed at 16:57:55.915292 after 1.12 seconds
[0m16:57:55.915718 [debug] [MainThread]: Sending event: {'category': 'dbt', 'action': 'invocation', 'label': 'end', 'context': [<snowplow_tracker.self_describing_json.SelfDescribingJson object at 0x000002869185DC50>, <snowplow_tracker.self_describing_json.SelfDescribingJson object at 0x000002869185DE50>, <snowplow_tracker.self_describing_json.SelfDescribingJson object at 0x00000286919506E0>]}
[0m16:57:55.916006 [debug] [MainThread]: Flushing usage events
[0m16:57:57.452914 [debug] [MainThread]: An error was encountered while trying to flush usage events
[0m16:59:55.888201 [debug] [MainThread]: Sending event: {'category': 'dbt', 'action': 'invocation', 'label': 'start', 'context': [<snowplow_tracker.self_describing_json.SelfDescribingJson object at 0x000001BBA7905160>, <snowplow_tracker.self_describing_json.SelfDescribingJson object at 0x000001BBA4731450>, <snowplow_tracker.self_describing_json.SelfDescribingJson object at 0x000001BBAA06FB10>]}


============================== 16:59:55.891525 | 65b0b1e1-b8c1-430e-8666-f0202b1a329b ==============================
[0m16:59:55.891525 [info ] [MainThread]: Running with dbt=1.12.0
[0m16:59:55.892185 [debug] [MainThread]: running dbt with arguments {'static_parser': 'True', 'no_print': 'None', 'version_check': 'True', 'target_path': 'None', 'warn_error_options': 'WarnErrorOptionsV2(error=[], warn=[], silence=[])', 'maximum_seed_size_mib': '1', 'printer_width': '80', 'write_json': 'True', 'introspect': 'True', 'log_cache_events': 'False', 'empty': 'None', 'cache_selected_only': 'False', 'log_format': 'default', 'debug': 'False', 'fail_fast': 'False', 'profiles_dir': 'C:\\Users\\HP\\.dbt', 'send_anonymous_usage_stats': 'True', 'quiet': 'False', 'warn_error': 'None', 'partial_parse': 'True', 'invocation_command': 'dbt source freshness', 'hints_enabled': 'True', 'indirect_selection': 'eager', 'use_experimental_parser': 'False', 'use_colors': 'True', 'log_path': 'C:\\Arjun_dbt_project\\old_dbt_project\\logs'}
[0m16:59:56.229247 [debug] [MainThread]: Snowflake adapter: Setting snowflake.connector to ERROR (file logging only)
[0m16:59:56.229585 [debug] [MainThread]: Snowflake adapter: Setting botocore to ERROR (file logging only)
[0m16:59:56.229806 [debug] [MainThread]: Snowflake adapter: Setting boto3 to ERROR (file logging only)
[0m16:59:56.431071 [debug] [MainThread]: Sending event: {'category': 'dbt', 'action': 'project_id', 'label': '65b0b1e1-b8c1-430e-8666-f0202b1a329b', 'context': [<snowplow_tracker.self_describing_json.SelfDescribingJson object at 0x000001BBA7FDDE00>]}
[0m16:59:56.480214 [debug] [MainThread]: Sending event: {'category': 'dbt', 'action': 'adapter_info', 'label': '65b0b1e1-b8c1-430e-8666-f0202b1a329b', 'context': [<snowplow_tracker.self_describing_json.SelfDescribingJson object at 0x000001BBA5E2EF10>]}
[0m16:59:56.481252 [info ] [MainThread]: Registered adapter: snowflake=1.12.0
[0m16:59:56.696733 [debug] [MainThread]: checksum: 34d064bbf3d7c01e29a022f69428015a75a45641a9d372ee507764c8a4f69675, vars: {}, profile: my_dbt_project, target: dev, version: 1.12.0
[0m16:59:56.836104 [warn ] [MainThread]: [[33mWARNING[0m][PropertyMovedToConfigDeprecation]: Deprecated functionality
Found `freshness` as a top-level property of `sources[0].tables[0]` in file
`models\schema.yml`. The `freshness` top-level property should be moved into the
`config` of `sources[0].tables[0]`.
[0m16:59:56.836646 [debug] [MainThread]: Sending event: {'category': 'dbt', 'action': 'deprecation', 'label': '65b0b1e1-b8c1-430e-8666-f0202b1a329b', 'property_': 'warn', 'context': [<snowplow_tracker.self_describing_json.SelfDescribingJson object at 0x000001BBABFADC50>]}
[0m16:59:56.895707 [debug] [MainThread]: Partial parsing enabled: 0 files deleted, 0 files added, 1 files changed.
[0m16:59:56.896275 [debug] [MainThread]: Partial parsing: updated file: my_new_project://models\schema.yml
[0m16:59:57.071203 [debug] [MainThread]: Sending event: {'category': 'dbt', 'action': 'load_project', 'label': '65b0b1e1-b8c1-430e-8666-f0202b1a329b', 'context': [<snowplow_tracker.self_describing_json.SelfDescribingJson object at 0x000001BBAD0796D0>]}
[0m16:59:57.190275 [debug] [MainThread]: Wrote artifact WritableManifest to C:\Arjun_dbt_project\old_dbt_project\target\manifest.json
[0m16:59:57.195792 [debug] [MainThread]: Wrote artifact SemanticManifest to C:\Arjun_dbt_project\old_dbt_project\target\semantic_manifest.json
[0m16:59:57.224302 [debug] [MainThread]: Wrote artifact OsiDocument to C:\Arjun_dbt_project\old_dbt_project\target\osi_document.json
[0m16:59:57.250794 [debug] [MainThread]: Sending event: {'category': 'dbt', 'action': 'resource_counts', 'label': '65b0b1e1-b8c1-430e-8666-f0202b1a329b', 'context': [<snowplow_tracker.self_describing_json.SelfDescribingJson object at 0x000001BBAD208910>]}
[0m16:59:57.251231 [info ] [MainThread]: Found 15 models, 2 snapshots, 6 data tests, 8 sources, 548 macros
[0m16:59:57.251598 [debug] [MainThread]: Sending event: {'category': 'dbt', 'action': 'runnable_timing', 'label': '65b0b1e1-b8c1-430e-8666-f0202b1a329b', 'context': [<snowplow_tracker.self_describing_json.SelfDescribingJson object at 0x000001BBAD154BB0>]}
[0m16:59:57.253207 [info ] [MainThread]: 
[0m16:59:57.254889 [info ] [MainThread]: Concurrency: 4 threads (target='dev')
[0m16:59:57.255607 [info ] [MainThread]: 
[0m16:59:57.256217 [debug] [MainThread]: Acquiring new snowflake connection 'master'
[0m16:59:57.260470 [debug] [ThreadPool]: Acquiring new snowflake connection 'list_DSP_PROJ_MARTS'
[0m16:59:57.262985 [debug] [ThreadPool]: Acquiring new snowflake connection 'list_DSP_PROJ_INTERMEDIATE'
[0m16:59:57.276926 [debug] [ThreadPool]: Acquiring new snowflake connection 'list_DBT_PRACTICE_SNAPSHOTS'
[0m16:59:57.281242 [debug] [ThreadPool]: Acquiring new snowflake connection 'list_DSP_PROJ_MART'
[0m16:59:57.283638 [debug] [ThreadPool]: Using snowflake connection "list_DSP_PROJ_INTERMEDIATE"
[0m16:59:57.284001 [debug] [ThreadPool]: Using snowflake connection "list_DSP_PROJ_MARTS"
[0m16:59:57.284230 [debug] [ThreadPool]: On list_DSP_PROJ_INTERMEDIATE: show objects in DSP_PROJ.INTERMEDIATE
    limit 10000
    

/* {"app": "dbt", "dbt_version": "1.12.0", "profile_name": "my_dbt_project", "target_name": "dev", "connection_name": "list_DSP_PROJ_INTERMEDIATE"} */;
[0m16:59:57.284526 [debug] [ThreadPool]: Using snowflake connection "list_DBT_PRACTICE_SNAPSHOTS"
[0m16:59:57.284805 [debug] [ThreadPool]: Using snowflake connection "list_DSP_PROJ_MART"
[0m16:59:57.284998 [debug] [ThreadPool]: On list_DSP_PROJ_MARTS: show objects in DSP_PROJ.MARTS
    limit 10000
    

/* {"app": "dbt", "dbt_version": "1.12.0", "profile_name": "my_dbt_project", "target_name": "dev", "connection_name": "list_DSP_PROJ_MARTS"} */;
[0m16:59:57.285222 [debug] [ThreadPool]: Opening a new connection, currently in state init
[0m16:59:57.285440 [debug] [ThreadPool]: On list_DBT_PRACTICE_SNAPSHOTS: show objects in DBT_PRACTICE.SNAPSHOTS
    limit 10000
    

/* {"app": "dbt", "dbt_version": "1.12.0", "profile_name": "my_dbt_project", "target_name": "dev", "connection_name": "list_DBT_PRACTICE_SNAPSHOTS"} */;
[0m16:59:57.285650 [debug] [ThreadPool]: On list_DSP_PROJ_MART: show objects in DSP_PROJ.MART
    limit 10000
    

/* {"app": "dbt", "dbt_version": "1.12.0", "profile_name": "my_dbt_project", "target_name": "dev", "connection_name": "list_DSP_PROJ_MART"} */;
[0m16:59:57.285849 [debug] [ThreadPool]: Opening a new connection, currently in state init
[0m16:59:57.286139 [debug] [ThreadPool]: Opening a new connection, currently in state init
[0m16:59:57.286350 [debug] [ThreadPool]: Opening a new connection, currently in state init
[0m16:59:59.201382 [debug] [ThreadPool]: SQL status: SUCCESS 4 in 1.915 seconds
[0m16:59:59.209582 [debug] [ThreadPool]: Using snowflake connection "list_DSP_PROJ_MARTS"
[0m16:59:59.210096 [debug] [ThreadPool]: On list_DSP_PROJ_MARTS: show user functions in DSP_PROJ.MARTS
/* {"app": "dbt", "dbt_version": "1.12.0", "profile_name": "my_dbt_project", "target_name": "dev", "connection_name": "list_DSP_PROJ_MARTS"} */
[0m16:59:59.240310 [debug] [ThreadPool]: SQL status: SUCCESS 5 in 1.954 seconds
[0m16:59:59.242149 [debug] [ThreadPool]: Using snowflake connection "list_DSP_PROJ_MART"
[0m16:59:59.242388 [debug] [ThreadPool]: On list_DSP_PROJ_MART: show user functions in DSP_PROJ.MART
/* {"app": "dbt", "dbt_version": "1.12.0", "profile_name": "my_dbt_project", "target_name": "dev", "connection_name": "list_DSP_PROJ_MART"} */
[0m16:59:59.266596 [debug] [ThreadPool]: SQL status: SUCCESS 4 in 1.980 seconds
[0m16:59:59.268829 [debug] [ThreadPool]: Using snowflake connection "list_DBT_PRACTICE_SNAPSHOTS"
[0m16:59:59.269089 [debug] [ThreadPool]: On list_DBT_PRACTICE_SNAPSHOTS: show user functions in DBT_PRACTICE.SNAPSHOTS
/* {"app": "dbt", "dbt_version": "1.12.0", "profile_name": "my_dbt_project", "target_name": "dev", "connection_name": "list_DBT_PRACTICE_SNAPSHOTS"} */
[0m16:59:59.345102 [debug] [ThreadPool]: SQL status: SUCCESS 3 in 2.060 seconds
[0m16:59:59.347595 [debug] [ThreadPool]: Using snowflake connection "list_DSP_PROJ_INTERMEDIATE"
[0m16:59:59.347872 [debug] [ThreadPool]: On list_DSP_PROJ_INTERMEDIATE: show user functions in DSP_PROJ.INTERMEDIATE
/* {"app": "dbt", "dbt_version": "1.12.0", "profile_name": "my_dbt_project", "target_name": "dev", "connection_name": "list_DSP_PROJ_INTERMEDIATE"} */
[0m16:59:59.515659 [debug] [ThreadPool]: SQL status: SUCCESS 0 in 0.246 seconds
[0m16:59:59.517077 [debug] [ThreadPool]: Re-using an available connection from the pool (formerly list_DBT_PRACTICE_SNAPSHOTS, now list_DSP_PROJ_STAGING)
[0m16:59:59.518836 [debug] [ThreadPool]: Using snowflake connection "list_DSP_PROJ_STAGING"
[0m16:59:59.519071 [debug] [ThreadPool]: On list_DSP_PROJ_STAGING: show objects in DSP_PROJ.STAGING
    limit 10000
    

/* {"app": "dbt", "dbt_version": "1.12.0", "profile_name": "my_dbt_project", "target_name": "dev", "connection_name": "list_DSP_PROJ_STAGING"} */;
[0m16:59:59.549871 [debug] [ThreadPool]: SQL status: SUCCESS 0 in 0.339 seconds
[0m16:59:59.583578 [debug] [ThreadPool]: SQL status: SUCCESS 0 in 0.341 seconds
[0m16:59:59.679412 [debug] [ThreadPool]: SQL status: SUCCESS 0 in 0.331 seconds
[0m16:59:59.954601 [debug] [ThreadPool]: SQL status: SUCCESS 5 in 0.435 seconds
[0m16:59:59.957435 [debug] [ThreadPool]: Using snowflake connection "list_DSP_PROJ_STAGING"
[0m16:59:59.957718 [debug] [ThreadPool]: On list_DSP_PROJ_STAGING: show user functions in DSP_PROJ.STAGING
/* {"app": "dbt", "dbt_version": "1.12.0", "profile_name": "my_dbt_project", "target_name": "dev", "connection_name": "list_DSP_PROJ_STAGING"} */
[0m17:00:00.306858 [debug] [ThreadPool]: SQL status: SUCCESS 0 in 0.349 seconds
[0m17:00:00.314060 [debug] [MainThread]: Sending event: {'category': 'dbt', 'action': 'runnable_timing', 'label': '65b0b1e1-b8c1-430e-8666-f0202b1a329b', 'context': [<snowplow_tracker.self_describing_json.SelfDescribingJson object at 0x000001BBAD233410>]}
[0m17:00:00.314804 [info ] [MainThread]: Pulling freshness from warehouse metadata tables for 0 sources
[0m17:00:00.330987 [debug] [Thread-2 (]: Began running node source.my_new_project.raw.stg_customers
[0m17:00:00.331378 [info ] [Thread-2 (]: 1 of 1 START freshness of raw.stg_customers .................................... [RUN]
[0m17:00:00.331916 [debug] [Thread-2 (]: Acquiring new snowflake connection 'source.my_new_project.raw.stg_customers'
[0m17:00:00.332223 [debug] [Thread-2 (]: Began compiling node source.my_new_project.raw.stg_customers
[0m17:00:00.332452 [debug] [Thread-2 (]: Began executing node source.my_new_project.raw.stg_customers
[0m17:00:00.338757 [debug] [Thread-2 (]: Using snowflake connection "source.my_new_project.raw.stg_customers"
[0m17:00:00.339705 [debug] [Thread-2 (]: On source.my_new_project.raw.stg_customers: select
      max(updated_at) as max_loaded_at,
      convert_timezone('UTC', current_timestamp()) as snapshotted_at
    from DBT_PRACTICE.SNAPSHOTS.stg_customers
/* {"app": "dbt", "dbt_version": "1.12.0", "profile_name": "my_dbt_project", "target_name": "dev", "node_id": "source.my_new_project.raw.stg_customers"} */
[0m17:00:00.340246 [debug] [Thread-2 (]: Opening a new connection, currently in state init
[0m17:00:03.825098 [debug] [Thread-2 (]: SQL status: SUCCESS 1 in 3.485 seconds
[0m17:00:03.843262 [info ] [Thread-2 (]: 1 of 1 PASS freshness of raw.stg_customers ..................................... [[32mPASS[0m in 3.51s]
[0m17:00:03.844962 [debug] [Thread-2 (]: Finished running node source.my_new_project.raw.stg_customers
[0m17:00:03.847089 [debug] [MainThread]: Connection 'master' was properly closed.
[0m17:00:03.847349 [debug] [MainThread]: Connection 'list_DSP_PROJ_MARTS' was left open.
[0m17:00:03.847568 [debug] [MainThread]: On list_DSP_PROJ_MARTS: Close
[0m17:00:04.610514 [debug] [MainThread]: Connection 'list_DSP_PROJ_INTERMEDIATE' was left open.
[0m17:00:04.610861 [debug] [MainThread]: On list_DSP_PROJ_INTERMEDIATE: Close
[0m17:00:05.328753 [debug] [MainThread]: Connection 'list_DSP_PROJ_STAGING' was left open.
[0m17:00:05.329367 [debug] [MainThread]: On list_DSP_PROJ_STAGING: Close
[0m17:00:06.052867 [debug] [MainThread]: Connection 'list_DSP_PROJ_MART' was left open.
[0m17:00:06.053286 [debug] [MainThread]: On list_DSP_PROJ_MART: Close
[0m17:00:06.554953 [debug] [MainThread]: Connection 'source.my_new_project.raw.stg_customers' was left open.
[0m17:00:06.555346 [debug] [MainThread]: On source.my_new_project.raw.stg_customers: Close
[0m17:00:07.123712 [info ] [MainThread]: 
[0m17:00:07.125014 [info ] [MainThread]: Finished running 1 source in 0 hours 0 minutes and 9.87 seconds (9.87s).
[0m17:00:07.176386 [debug] [MainThread]: Wrote artifact WritableManifest to C:\Arjun_dbt_project\old_dbt_project\target\manifest.json
[0m17:00:07.180999 [debug] [MainThread]: Wrote artifact SemanticManifest to C:\Arjun_dbt_project\old_dbt_project\target\semantic_manifest.json
[0m17:00:07.185846 [debug] [MainThread]: Wrote artifact OsiDocument to C:\Arjun_dbt_project\old_dbt_project\target\osi_document.json
[0m17:00:07.194173 [debug] [MainThread]: Wrote artifact FreshnessResult to C:\Arjun_dbt_project\old_dbt_project\target\sources.json
[0m17:00:07.194453 [info ] [MainThread]: Done.
[0m17:00:07.195184 [warn ] [MainThread]: [[33mWARNING[0m][DeprecationsSummary]: Deprecated functionality
Summary of encountered deprecations:
- PropertyMovedToConfigDeprecation: 2 occurrences
To see all deprecation instances instead of just the first occurrence of each,
run command again with the `--show-all-deprecations` flag. You may also need to
run with `--no-partial-parse` as some deprecations are only encountered during
parsing.
[0m17:00:07.195924 [debug] [MainThread]: Command `dbt source freshness` succeeded at 17:00:07.195829 after 11.43 seconds
[0m17:00:07.196266 [debug] [MainThread]: Sending event: {'category': 'dbt', 'action': 'invocation', 'label': 'end', 'context': [<snowplow_tracker.self_describing_json.SelfDescribingJson object at 0x000001BBAD4D1BD0>, <snowplow_tracker.self_describing_json.SelfDescribingJson object at 0x000001BBAD48B1B0>, <snowplow_tracker.self_describing_json.SelfDescribingJson object at 0x000001BBAD48A350>]}
[0m17:00:07.196623 [debug] [MainThread]: Flushing usage events
[0m17:00:08.806424 [debug] [MainThread]: An error was encountered while trying to flush usage events
[0m17:03:36.221574 [debug] [MainThread]: Sending event: {'category': 'dbt', 'action': 'invocation', 'label': 'start', 'context': [<snowplow_tracker.self_describing_json.SelfDescribingJson object at 0x000001DF57295160>, <snowplow_tracker.self_describing_json.SelfDescribingJson object at 0x000001DF54141450>, <snowplow_tracker.self_describing_json.SelfDescribingJson object at 0x000001DF599EFB10>]}


============================== 17:03:36.224771 | 205b9d85-984a-47bc-97ed-39dba5be34f5 ==============================
[0m17:03:36.224771 [info ] [MainThread]: Running with dbt=1.12.0
[0m17:03:36.225304 [debug] [MainThread]: running dbt with arguments {'maximum_seed_size_mib': '1', 'no_print': 'None', 'version_check': 'True', 'warn_error_options': 'WarnErrorOptionsV2(error=[], warn=[], silence=[])', 'target_path': 'None', 'static_parser': 'True', 'printer_width': '80', 'write_json': 'True', 'empty': 'None', 'log_cache_events': 'False', 'introspect': 'True', 'cache_selected_only': 'False', 'log_format': 'default', 'debug': 'False', 'fail_fast': 'False', 'profiles_dir': 'C:\\Users\\HP\\.dbt', 'send_anonymous_usage_stats': 'True', 'quiet': 'False', 'warn_error': 'None', 'partial_parse': 'True', 'invocation_command': 'dbt source freshness', 'hints_enabled': 'True', 'indirect_selection': 'eager', 'use_experimental_parser': 'False', 'use_colors': 'True', 'log_path': 'C:\\Arjun_dbt_project\\old_dbt_project\\logs'}
[0m17:03:36.601983 [debug] [MainThread]: Snowflake adapter: Setting snowflake.connector to ERROR (file logging only)
[0m17:03:36.602406 [debug] [MainThread]: Snowflake adapter: Setting botocore to ERROR (file logging only)
[0m17:03:36.602645 [debug] [MainThread]: Snowflake adapter: Setting boto3 to ERROR (file logging only)
[0m17:03:36.816513 [debug] [MainThread]: Sending event: {'category': 'dbt', 'action': 'project_id', 'label': '205b9d85-984a-47bc-97ed-39dba5be34f5', 'context': [<snowplow_tracker.self_describing_json.SelfDescribingJson object at 0x000001DF5795DE00>]}
[0m17:03:36.862077 [debug] [MainThread]: Sending event: {'category': 'dbt', 'action': 'adapter_info', 'label': '205b9d85-984a-47bc-97ed-39dba5be34f5', 'context': [<snowplow_tracker.self_describing_json.SelfDescribingJson object at 0x000001DF557BEF10>]}
[0m17:03:36.863157 [info ] [MainThread]: Registered adapter: snowflake=1.12.0
[0m17:03:37.082499 [debug] [MainThread]: checksum: 34d064bbf3d7c01e29a022f69428015a75a45641a9d372ee507764c8a4f69675, vars: {}, profile: my_dbt_project, target: dev, version: 1.12.0
[0m17:03:37.224412 [debug] [MainThread]: Partial parsing enabled: 0 files deleted, 0 files added, 1 files changed.
[0m17:03:37.224961 [debug] [MainThread]: Partial parsing: updated file: my_new_project://models\schema.yml
[0m17:03:37.409594 [debug] [MainThread]: Sending event: {'category': 'dbt', 'action': 'load_project', 'label': '205b9d85-984a-47bc-97ed-39dba5be34f5', 'context': [<snowplow_tracker.self_describing_json.SelfDescribingJson object at 0x000001DF5C8B0850>]}
[0m17:03:37.514720 [debug] [MainThread]: Wrote artifact WritableManifest to C:\Arjun_dbt_project\old_dbt_project\target\manifest.json
[0m17:03:37.519278 [debug] [MainThread]: Wrote artifact SemanticManifest to C:\Arjun_dbt_project\old_dbt_project\target\semantic_manifest.json
[0m17:03:37.541213 [debug] [MainThread]: Wrote artifact OsiDocument to C:\Arjun_dbt_project\old_dbt_project\target\osi_document.json
[0m17:03:37.565868 [debug] [MainThread]: Sending event: {'category': 'dbt', 'action': 'resource_counts', 'label': '205b9d85-984a-47bc-97ed-39dba5be34f5', 'context': [<snowplow_tracker.self_describing_json.SelfDescribingJson object at 0x000001DF5C9B65D0>]}
[0m17:03:37.566312 [info ] [MainThread]: Found 15 models, 2 snapshots, 6 data tests, 8 sources, 548 macros
[0m17:03:37.566643 [debug] [MainThread]: Sending event: {'category': 'dbt', 'action': 'runnable_timing', 'label': '205b9d85-984a-47bc-97ed-39dba5be34f5', 'context': [<snowplow_tracker.self_describing_json.SelfDescribingJson object at 0x000001DF5CB4C910>]}
[0m17:03:37.568265 [info ] [MainThread]: 
[0m17:03:37.568578 [info ] [MainThread]: Concurrency: 4 threads (target='dev')
[0m17:03:37.568860 [info ] [MainThread]: 
[0m17:03:37.569308 [debug] [MainThread]: Acquiring new snowflake connection 'master'
[0m17:03:37.575011 [debug] [ThreadPool]: Acquiring new snowflake connection 'list_DSP_PROJ_STAGING'
[0m17:03:37.582689 [debug] [ThreadPool]: Acquiring new snowflake connection 'list_DBT_PRACTICE_SNAPSHOTS'
[0m17:03:37.591353 [debug] [ThreadPool]: Acquiring new snowflake connection 'list_DSP_PROJ_INTERMEDIATE'
[0m17:03:37.593371 [debug] [ThreadPool]: Acquiring new snowflake connection 'list_DSP_PROJ_MARTS'
[0m17:03:37.596376 [debug] [ThreadPool]: Using snowflake connection "list_DSP_PROJ_STAGING"
[0m17:03:37.596776 [debug] [ThreadPool]: Using snowflake connection "list_DBT_PRACTICE_SNAPSHOTS"
[0m17:03:37.597032 [debug] [ThreadPool]: On list_DSP_PROJ_STAGING: show objects in DSP_PROJ.STAGING
    limit 10000
    

/* {"app": "dbt", "dbt_version": "1.12.0", "profile_name": "my_dbt_project", "target_name": "dev", "connection_name": "list_DSP_PROJ_STAGING"} */;
[0m17:03:37.597297 [debug] [ThreadPool]: Using snowflake connection "list_DSP_PROJ_MARTS"
[0m17:03:37.597598 [debug] [ThreadPool]: Using snowflake connection "list_DSP_PROJ_INTERMEDIATE"
[0m17:03:37.597783 [debug] [ThreadPool]: On list_DBT_PRACTICE_SNAPSHOTS: show objects in DBT_PRACTICE.SNAPSHOTS
    limit 10000
    

/* {"app": "dbt", "dbt_version": "1.12.0", "profile_name": "my_dbt_project", "target_name": "dev", "connection_name": "list_DBT_PRACTICE_SNAPSHOTS"} */;
[0m17:03:37.598017 [debug] [ThreadPool]: Opening a new connection, currently in state init
[0m17:03:37.598265 [debug] [ThreadPool]: On list_DSP_PROJ_MARTS: show objects in DSP_PROJ.MARTS
    limit 10000
    

/* {"app": "dbt", "dbt_version": "1.12.0", "profile_name": "my_dbt_project", "target_name": "dev", "connection_name": "list_DSP_PROJ_MARTS"} */;
[0m17:03:37.598478 [debug] [ThreadPool]: On list_DSP_PROJ_INTERMEDIATE: show objects in DSP_PROJ.INTERMEDIATE
    limit 10000
    

/* {"app": "dbt", "dbt_version": "1.12.0", "profile_name": "my_dbt_project", "target_name": "dev", "connection_name": "list_DSP_PROJ_INTERMEDIATE"} */;
[0m17:03:37.598690 [debug] [ThreadPool]: Opening a new connection, currently in state init
[0m17:03:37.599033 [debug] [ThreadPool]: Opening a new connection, currently in state init
[0m17:03:37.599249 [debug] [ThreadPool]: Opening a new connection, currently in state init
[0m17:03:39.036468 [debug] [ThreadPool]: SQL status: SUCCESS 5 in 1.438 seconds
[0m17:03:39.040415 [debug] [ThreadPool]: Using snowflake connection "list_DSP_PROJ_STAGING"
[0m17:03:39.040665 [debug] [ThreadPool]: On list_DSP_PROJ_STAGING: show user functions in DSP_PROJ.STAGING
/* {"app": "dbt", "dbt_version": "1.12.0", "profile_name": "my_dbt_project", "target_name": "dev", "connection_name": "list_DSP_PROJ_STAGING"} */
[0m17:03:39.156133 [debug] [ThreadPool]: SQL status: SUCCESS 4 in 1.557 seconds
[0m17:03:39.158336 [debug] [ThreadPool]: Using snowflake connection "list_DBT_PRACTICE_SNAPSHOTS"
[0m17:03:39.158724 [debug] [ThreadPool]: On list_DBT_PRACTICE_SNAPSHOTS: show user functions in DBT_PRACTICE.SNAPSHOTS
/* {"app": "dbt", "dbt_version": "1.12.0", "profile_name": "my_dbt_project", "target_name": "dev", "connection_name": "list_DBT_PRACTICE_SNAPSHOTS"} */
[0m17:03:39.394790 [debug] [ThreadPool]: SQL status: SUCCESS 0 in 0.353 seconds
[0m17:03:39.399195 [debug] [ThreadPool]: Re-using an available connection from the pool (formerly list_DSP_PROJ_STAGING, now list_DSP_PROJ_MART)
[0m17:03:39.401397 [debug] [ThreadPool]: Using snowflake connection "list_DSP_PROJ_MART"
[0m17:03:39.401839 [debug] [ThreadPool]: On list_DSP_PROJ_MART: show objects in DSP_PROJ.MART
    limit 10000
    

/* {"app": "dbt", "dbt_version": "1.12.0", "profile_name": "my_dbt_project", "target_name": "dev", "connection_name": "list_DSP_PROJ_MART"} */;
[0m17:03:39.402923 [debug] [ThreadPool]: SQL status: SUCCESS 4 in 1.804 seconds
[0m17:03:39.406944 [debug] [ThreadPool]: Using snowflake connection "list_DSP_PROJ_MARTS"
[0m17:03:39.407276 [debug] [ThreadPool]: On list_DSP_PROJ_MARTS: show user functions in DSP_PROJ.MARTS
/* {"app": "dbt", "dbt_version": "1.12.0", "profile_name": "my_dbt_project", "target_name": "dev", "connection_name": "list_DSP_PROJ_MARTS"} */
[0m17:03:39.512352 [debug] [ThreadPool]: SQL status: SUCCESS 3 in 1.913 seconds
[0m17:03:39.514297 [debug] [ThreadPool]: Using snowflake connection "list_DSP_PROJ_INTERMEDIATE"
[0m17:03:39.514920 [debug] [ThreadPool]: SQL status: SUCCESS 0 in 0.356 seconds
[0m17:03:39.515175 [debug] [ThreadPool]: On list_DSP_PROJ_INTERMEDIATE: show user functions in DSP_PROJ.INTERMEDIATE
/* {"app": "dbt", "dbt_version": "1.12.0", "profile_name": "my_dbt_project", "target_name": "dev", "connection_name": "list_DSP_PROJ_INTERMEDIATE"} */
[0m17:03:39.747447 [debug] [ThreadPool]: SQL status: SUCCESS 0 in 0.340 seconds
[0m17:03:39.862107 [debug] [ThreadPool]: SQL status: SUCCESS 0 in 0.345 seconds
[0m17:03:39.963314 [debug] [ThreadPool]: SQL status: SUCCESS 5 in 0.561 seconds
[0m17:03:39.969021 [debug] [ThreadPool]: Using snowflake connection "list_DSP_PROJ_MART"
[0m17:03:39.969370 [debug] [ThreadPool]: On list_DSP_PROJ_MART: show user functions in DSP_PROJ.MART
/* {"app": "dbt", "dbt_version": "1.12.0", "profile_name": "my_dbt_project", "target_name": "dev", "connection_name": "list_DSP_PROJ_MART"} */
[0m17:03:40.309916 [debug] [ThreadPool]: SQL status: SUCCESS 0 in 0.340 seconds
[0m17:03:40.312608 [debug] [MainThread]: Sending event: {'category': 'dbt', 'action': 'runnable_timing', 'label': '205b9d85-984a-47bc-97ed-39dba5be34f5', 'context': [<snowplow_tracker.self_describing_json.SelfDescribingJson object at 0x000001DF5CAA8050>]}
[0m17:03:40.313037 [info ] [MainThread]: Pulling freshness from warehouse metadata tables for 0 sources
[0m17:03:40.317733 [debug] [Thread-2 (]: Began running node source.my_new_project.raw.stg_customers
[0m17:03:40.318038 [info ] [Thread-2 (]: 1 of 1 START freshness of raw.stg_customers .................................... [RUN]
[0m17:03:40.318574 [debug] [Thread-2 (]: Acquiring new snowflake connection 'source.my_new_project.raw.stg_customers'
[0m17:03:40.318798 [debug] [Thread-2 (]: Began compiling node source.my_new_project.raw.stg_customers
[0m17:03:40.318999 [debug] [Thread-2 (]: Began executing node source.my_new_project.raw.stg_customers
[0m17:03:40.324156 [debug] [Thread-2 (]: Using snowflake connection "source.my_new_project.raw.stg_customers"
[0m17:03:40.324457 [debug] [Thread-2 (]: On source.my_new_project.raw.stg_customers: select
      max(updated_at) as max_loaded_at,
      convert_timezone('UTC', current_timestamp()) as snapshotted_at
    from DBT_PRACTICE.SNAPSHOTS.stg_customers
/* {"app": "dbt", "dbt_version": "1.12.0", "profile_name": "my_dbt_project", "target_name": "dev", "node_id": "source.my_new_project.raw.stg_customers"} */
[0m17:03:40.324671 [debug] [Thread-2 (]: Opening a new connection, currently in state init
[0m17:03:41.944755 [debug] [Thread-2 (]: SQL status: SUCCESS 1 in 1.619 seconds
[0m17:03:41.947402 [info ] [Thread-2 (]: 1 of 1 PASS freshness of raw.stg_customers ..................................... [[32mPASS[0m in 1.63s]
[0m17:03:41.948160 [debug] [Thread-2 (]: Finished running node source.my_new_project.raw.stg_customers
[0m17:03:41.950677 [debug] [MainThread]: Connection 'master' was properly closed.
[0m17:03:41.951041 [debug] [MainThread]: Connection 'list_DSP_PROJ_MART' was left open.
[0m17:03:41.951357 [debug] [MainThread]: On list_DSP_PROJ_MART: Close
[0m17:03:42.451544 [debug] [MainThread]: Connection 'list_DBT_PRACTICE_SNAPSHOTS' was left open.
[0m17:03:42.451953 [debug] [MainThread]: On list_DBT_PRACTICE_SNAPSHOTS: Close
[0m17:03:42.902038 [debug] [MainThread]: Connection 'list_DSP_PROJ_INTERMEDIATE' was left open.
[0m17:03:42.902395 [debug] [MainThread]: On list_DSP_PROJ_INTERMEDIATE: Close
[0m17:03:43.492800 [debug] [MainThread]: Connection 'list_DSP_PROJ_MARTS' was left open.
[0m17:03:43.494046 [debug] [MainThread]: On list_DSP_PROJ_MARTS: Close
[0m17:03:44.163556 [debug] [MainThread]: Connection 'source.my_new_project.raw.stg_customers' was left open.
[0m17:03:44.164298 [debug] [MainThread]: On source.my_new_project.raw.stg_customers: Close
[0m17:03:44.764916 [info ] [MainThread]: 
[0m17:03:44.765477 [info ] [MainThread]: Finished running 1 source in 0 hours 0 minutes and 7.20 seconds (7.20s).
[0m17:03:44.816408 [debug] [MainThread]: Wrote artifact WritableManifest to C:\Arjun_dbt_project\old_dbt_project\target\manifest.json
[0m17:03:44.822783 [debug] [MainThread]: Wrote artifact SemanticManifest to C:\Arjun_dbt_project\old_dbt_project\target\semantic_manifest.json
[0m17:03:44.828051 [debug] [MainThread]: Wrote artifact OsiDocument to C:\Arjun_dbt_project\old_dbt_project\target\osi_document.json
[0m17:03:44.833402 [debug] [MainThread]: Wrote artifact FreshnessResult to C:\Arjun_dbt_project\old_dbt_project\target\sources.json
[0m17:03:44.833676 [info ] [MainThread]: Done.
[0m17:03:44.834501 [debug] [MainThread]: Command `dbt source freshness` succeeded at 17:03:44.834394 after 8.74 seconds
[0m17:03:44.834785 [debug] [MainThread]: Sending event: {'category': 'dbt', 'action': 'invocation', 'label': 'end', 'context': [<snowplow_tracker.self_describing_json.SelfDescribingJson object at 0x000001DF5969FD10>, <snowplow_tracker.self_describing_json.SelfDescribingJson object at 0x000001DF5CE168E0>, <snowplow_tracker.self_describing_json.SelfDescribingJson object at 0x000001DF5CE16570>]}
[0m17:03:44.835050 [debug] [MainThread]: Flushing usage events
[0m17:03:46.518051 [debug] [MainThread]: An error was encountered while trying to flush usage events
[0m17:07:02.380558 [debug] [MainThread]: Sending event: {'category': 'dbt', 'action': 'invocation', 'label': 'start', 'context': [<snowplow_tracker.self_describing_json.SelfDescribingJson object at 0x000001F745805160>, <snowplow_tracker.self_describing_json.SelfDescribingJson object at 0x000001F742681450>, <snowplow_tracker.self_describing_json.SelfDescribingJson object at 0x000001F747F5FB10>]}


============================== 17:07:02.390273 | f288628a-e59e-408b-9e84-b979b10d16b5 ==============================
[0m17:07:02.390273 [info ] [MainThread]: Running with dbt=1.12.0
[0m17:07:02.391387 [debug] [MainThread]: running dbt with arguments {'version_check': 'True', 'no_print': 'None', 'maximum_seed_size_mib': '1', 'target_path': 'None', 'static_parser': 'True', 'warn_error_options': 'WarnErrorOptionsV2(error=[], warn=[], silence=[])', 'printer_width': '80', 'write_json': 'True', 'introspect': 'True', 'log_cache_events': 'False', 'empty': 'None', 'cache_selected_only': 'False', 'log_format': 'default', 'debug': 'False', 'fail_fast': 'False', 'profiles_dir': 'C:\\Users\\HP\\.dbt', 'send_anonymous_usage_stats': 'True', 'quiet': 'False', 'warn_error': 'None', 'partial_parse': 'True', 'indirect_selection': 'eager', 'hints_enabled': 'True', 'use_colors': 'True', 'use_experimental_parser': 'False', 'invocation_command': 'dbt source freshness', 'log_path': 'C:\\Arjun_dbt_project\\old_dbt_project\\logs'}
[0m17:07:03.313031 [debug] [MainThread]: Snowflake adapter: Setting snowflake.connector to ERROR (file logging only)
[0m17:07:03.313382 [debug] [MainThread]: Snowflake adapter: Setting botocore to ERROR (file logging only)
[0m17:07:03.313612 [debug] [MainThread]: Snowflake adapter: Setting boto3 to ERROR (file logging only)
[0m17:07:03.558844 [debug] [MainThread]: Sending event: {'category': 'dbt', 'action': 'project_id', 'label': 'f288628a-e59e-408b-9e84-b979b10d16b5', 'context': [<snowplow_tracker.self_describing_json.SelfDescribingJson object at 0x000001F745ECDE00>]}
[0m17:07:03.606188 [debug] [MainThread]: Sending event: {'category': 'dbt', 'action': 'adapter_info', 'label': 'f288628a-e59e-408b-9e84-b979b10d16b5', 'context': [<snowplow_tracker.self_describing_json.SelfDescribingJson object at 0x000001F743D2EF10>]}
[0m17:07:03.607309 [info ] [MainThread]: Registered adapter: snowflake=1.12.0
[0m17:07:03.840438 [debug] [MainThread]: checksum: 34d064bbf3d7c01e29a022f69428015a75a45641a9d372ee507764c8a4f69675, vars: {}, profile: my_dbt_project, target: dev, version: 1.12.0
[0m17:07:04.022960 [debug] [MainThread]: Partial parsing enabled: 0 files deleted, 0 files added, 1 files changed.
[0m17:07:04.023526 [debug] [MainThread]: Partial parsing: updated file: my_new_project://models\schema.yml
[0m17:07:04.193522 [debug] [MainThread]: Sending event: {'category': 'dbt', 'action': 'load_project', 'label': 'f288628a-e59e-408b-9e84-b979b10d16b5', 'context': [<snowplow_tracker.self_describing_json.SelfDescribingJson object at 0x000001F749E50850>]}
[0m17:07:04.305135 [debug] [MainThread]: Wrote artifact WritableManifest to C:\Arjun_dbt_project\old_dbt_project\target\manifest.json
[0m17:07:04.310947 [debug] [MainThread]: Wrote artifact SemanticManifest to C:\Arjun_dbt_project\old_dbt_project\target\semantic_manifest.json
[0m17:07:04.338014 [debug] [MainThread]: Wrote artifact OsiDocument to C:\Arjun_dbt_project\old_dbt_project\target\osi_document.json
[0m17:07:04.363890 [debug] [MainThread]: Sending event: {'category': 'dbt', 'action': 'resource_counts', 'label': 'f288628a-e59e-408b-9e84-b979b10d16b5', 'context': [<snowplow_tracker.self_describing_json.SelfDescribingJson object at 0x000001F74AF265D0>]}
[0m17:07:04.364314 [info ] [MainThread]: Found 15 models, 2 snapshots, 6 data tests, 8 sources, 548 macros
[0m17:07:04.364706 [debug] [MainThread]: Sending event: {'category': 'dbt', 'action': 'runnable_timing', 'label': 'f288628a-e59e-408b-9e84-b979b10d16b5', 'context': [<snowplow_tracker.self_describing_json.SelfDescribingJson object at 0x000001F74B0C0910>]}
[0m17:07:04.366407 [info ] [MainThread]: 
[0m17:07:04.366791 [info ] [MainThread]: Concurrency: 4 threads (target='dev')
[0m17:07:04.367111 [info ] [MainThread]: 
[0m17:07:04.367607 [debug] [MainThread]: Acquiring new snowflake connection 'master'
[0m17:07:04.373401 [debug] [ThreadPool]: Acquiring new snowflake connection 'list_DSP_PROJ_MARTS'
[0m17:07:04.385753 [debug] [ThreadPool]: Acquiring new snowflake connection 'list_DSP_PROJ_INTERMEDIATE'
[0m17:07:04.388409 [debug] [ThreadPool]: Acquiring new snowflake connection 'list_DSP_PROJ_STAGING'
[0m17:07:04.390717 [debug] [ThreadPool]: Acquiring new snowflake connection 'list_DBT_PRACTICE_SNAPSHOTS'
[0m17:07:04.393727 [debug] [ThreadPool]: Using snowflake connection "list_DSP_PROJ_MARTS"
[0m17:07:04.394215 [debug] [ThreadPool]: Using snowflake connection "list_DSP_PROJ_INTERMEDIATE"
[0m17:07:04.394518 [debug] [ThreadPool]: On list_DSP_PROJ_MARTS: show objects in DSP_PROJ.MARTS
    limit 10000
    

/* {"app": "dbt", "dbt_version": "1.12.0", "profile_name": "my_dbt_project", "target_name": "dev", "connection_name": "list_DSP_PROJ_MARTS"} */;
[0m17:07:04.394857 [debug] [ThreadPool]: Using snowflake connection "list_DSP_PROJ_STAGING"
[0m17:07:04.395208 [debug] [ThreadPool]: Using snowflake connection "list_DBT_PRACTICE_SNAPSHOTS"
[0m17:07:04.395418 [debug] [ThreadPool]: On list_DSP_PROJ_INTERMEDIATE: show objects in DSP_PROJ.INTERMEDIATE
    limit 10000
    

/* {"app": "dbt", "dbt_version": "1.12.0", "profile_name": "my_dbt_project", "target_name": "dev", "connection_name": "list_DSP_PROJ_INTERMEDIATE"} */;
[0m17:07:04.395638 [debug] [ThreadPool]: Opening a new connection, currently in state init
[0m17:07:04.395908 [debug] [ThreadPool]: On list_DSP_PROJ_STAGING: show objects in DSP_PROJ.STAGING
    limit 10000
    

/* {"app": "dbt", "dbt_version": "1.12.0", "profile_name": "my_dbt_project", "target_name": "dev", "connection_name": "list_DSP_PROJ_STAGING"} */;
[0m17:07:04.396170 [debug] [ThreadPool]: On list_DBT_PRACTICE_SNAPSHOTS: show objects in DBT_PRACTICE.SNAPSHOTS
    limit 10000
    

/* {"app": "dbt", "dbt_version": "1.12.0", "profile_name": "my_dbt_project", "target_name": "dev", "connection_name": "list_DBT_PRACTICE_SNAPSHOTS"} */;
[0m17:07:04.396387 [debug] [ThreadPool]: Opening a new connection, currently in state init
[0m17:07:04.396676 [debug] [ThreadPool]: Opening a new connection, currently in state init
[0m17:07:04.396892 [debug] [ThreadPool]: Opening a new connection, currently in state init
[0m17:07:05.903326 [debug] [ThreadPool]: SQL status: SUCCESS 3 in 1.507 seconds
[0m17:07:05.909115 [debug] [ThreadPool]: Using snowflake connection "list_DSP_PROJ_INTERMEDIATE"
[0m17:07:05.909397 [debug] [ThreadPool]: On list_DSP_PROJ_INTERMEDIATE: show user functions in DSP_PROJ.INTERMEDIATE
/* {"app": "dbt", "dbt_version": "1.12.0", "profile_name": "my_dbt_project", "target_name": "dev", "connection_name": "list_DSP_PROJ_INTERMEDIATE"} */
[0m17:07:06.164778 [debug] [ThreadPool]: SQL status: SUCCESS 4 in 1.769 seconds
[0m17:07:06.169619 [debug] [ThreadPool]: Using snowflake connection "list_DSP_PROJ_MARTS"
[0m17:07:06.170242 [debug] [ThreadPool]: On list_DSP_PROJ_MARTS: show user functions in DSP_PROJ.MARTS
/* {"app": "dbt", "dbt_version": "1.12.0", "profile_name": "my_dbt_project", "target_name": "dev", "connection_name": "list_DSP_PROJ_MARTS"} */
[0m17:07:06.235890 [debug] [ThreadPool]: SQL status: SUCCESS 0 in 0.326 seconds
[0m17:07:06.237407 [debug] [ThreadPool]: Re-using an available connection from the pool (formerly list_DSP_PROJ_INTERMEDIATE, now list_DSP_PROJ_MART)
[0m17:07:06.239280 [debug] [ThreadPool]: Using snowflake connection "list_DSP_PROJ_MART"
[0m17:07:06.239567 [debug] [ThreadPool]: On list_DSP_PROJ_MART: show objects in DSP_PROJ.MART
    limit 10000
    

/* {"app": "dbt", "dbt_version": "1.12.0", "profile_name": "my_dbt_project", "target_name": "dev", "connection_name": "list_DSP_PROJ_MART"} */;
[0m17:07:06.520594 [debug] [ThreadPool]: SQL status: SUCCESS 0 in 0.350 seconds
[0m17:07:06.555230 [debug] [ThreadPool]: SQL status: SUCCESS 5 in 2.158 seconds
[0m17:07:06.557436 [debug] [ThreadPool]: Using snowflake connection "list_DSP_PROJ_STAGING"
[0m17:07:06.557835 [debug] [ThreadPool]: On list_DSP_PROJ_STAGING: show user functions in DSP_PROJ.STAGING
/* {"app": "dbt", "dbt_version": "1.12.0", "profile_name": "my_dbt_project", "target_name": "dev", "connection_name": "list_DSP_PROJ_STAGING"} */
[0m17:07:06.562538 [debug] [ThreadPool]: SQL status: SUCCESS 4 in 2.166 seconds
[0m17:07:06.564828 [debug] [ThreadPool]: Using snowflake connection "list_DBT_PRACTICE_SNAPSHOTS"
[0m17:07:06.565295 [debug] [ThreadPool]: On list_DBT_PRACTICE_SNAPSHOTS: show user functions in DBT_PRACTICE.SNAPSHOTS
/* {"app": "dbt", "dbt_version": "1.12.0", "profile_name": "my_dbt_project", "target_name": "dev", "connection_name": "list_DBT_PRACTICE_SNAPSHOTS"} */
[0m17:07:06.584086 [debug] [ThreadPool]: SQL status: SUCCESS 5 in 0.344 seconds
[0m17:07:06.586727 [debug] [ThreadPool]: Using snowflake connection "list_DSP_PROJ_MART"
[0m17:07:06.587105 [debug] [ThreadPool]: On list_DSP_PROJ_MART: show user functions in DSP_PROJ.MART
/* {"app": "dbt", "dbt_version": "1.12.0", "profile_name": "my_dbt_project", "target_name": "dev", "connection_name": "list_DSP_PROJ_MART"} */
[0m17:07:06.902861 [debug] [ThreadPool]: SQL status: SUCCESS 0 in 0.345 seconds
[0m17:07:06.928553 [debug] [ThreadPool]: SQL status: SUCCESS 0 in 0.363 seconds
[0m17:07:06.931029 [debug] [ThreadPool]: SQL status: SUCCESS 0 in 0.344 seconds
[0m17:07:06.938636 [debug] [MainThread]: Sending event: {'category': 'dbt', 'action': 'runnable_timing', 'label': 'f288628a-e59e-408b-9e84-b979b10d16b5', 'context': [<snowplow_tracker.self_describing_json.SelfDescribingJson object at 0x000001F74AFFC050>]}
[0m17:07:06.939168 [info ] [MainThread]: Pulling freshness from warehouse metadata tables for 0 sources
[0m17:07:06.949877 [debug] [Thread-2 (]: Began running node source.my_new_project.raw.stg_customers
[0m17:07:06.950486 [info ] [Thread-2 (]: 1 of 1 START freshness of raw.stg_customers .................................... [RUN]
[0m17:07:06.951423 [debug] [Thread-2 (]: Acquiring new snowflake connection 'source.my_new_project.raw.stg_customers'
[0m17:07:06.951702 [debug] [Thread-2 (]: Began compiling node source.my_new_project.raw.stg_customers
[0m17:07:06.951935 [debug] [Thread-2 (]: Began executing node source.my_new_project.raw.stg_customers
[0m17:07:06.957809 [debug] [Thread-2 (]: Using snowflake connection "source.my_new_project.raw.stg_customers"
[0m17:07:06.958391 [debug] [Thread-2 (]: On source.my_new_project.raw.stg_customers: select
      max(updated_at) as max_loaded_at,
      convert_timezone('UTC', current_timestamp()) as snapshotted_at
    from DBT_PRACTICE.SNAPSHOTS.stg_customers
/* {"app": "dbt", "dbt_version": "1.12.0", "profile_name": "my_dbt_project", "target_name": "dev", "node_id": "source.my_new_project.raw.stg_customers"} */
[0m17:07:06.958652 [debug] [Thread-2 (]: Opening a new connection, currently in state init
[0m17:07:08.334690 [debug] [Thread-2 (]: SQL status: SUCCESS 1 in 1.376 seconds
[0m17:07:08.345528 [info ] [Thread-2 (]: 1 of 1 PASS freshness of raw.stg_customers ..................................... [[32mPASS[0m in 1.39s]
[0m17:07:08.346439 [debug] [Thread-2 (]: Finished running node source.my_new_project.raw.stg_customers
[0m17:07:08.348028 [debug] [MainThread]: Connection 'master' was properly closed.
[0m17:07:08.348382 [debug] [MainThread]: Connection 'list_DSP_PROJ_MARTS' was left open.
[0m17:07:08.348585 [debug] [MainThread]: On list_DSP_PROJ_MARTS: Close
[0m17:07:08.887531 [debug] [MainThread]: Connection 'list_DSP_PROJ_MART' was left open.
[0m17:07:08.888216 [debug] [MainThread]: On list_DSP_PROJ_MART: Close
[0m17:07:09.430927 [debug] [MainThread]: Connection 'list_DSP_PROJ_STAGING' was left open.
[0m17:07:09.431325 [debug] [MainThread]: On list_DSP_PROJ_STAGING: Close
[0m17:07:09.969564 [debug] [MainThread]: Connection 'list_DBT_PRACTICE_SNAPSHOTS' was left open.
[0m17:07:09.969935 [debug] [MainThread]: On list_DBT_PRACTICE_SNAPSHOTS: Close
[0m17:07:10.630380 [debug] [MainThread]: Connection 'source.my_new_project.raw.stg_customers' was left open.
[0m17:07:10.630690 [debug] [MainThread]: On source.my_new_project.raw.stg_customers: Close
[0m17:07:11.171392 [info ] [MainThread]: 
[0m17:07:11.172474 [info ] [MainThread]: Finished running 1 source in 0 hours 0 minutes and 6.80 seconds (6.80s).
[0m17:07:11.221893 [debug] [MainThread]: Wrote artifact WritableManifest to C:\Arjun_dbt_project\old_dbt_project\target\manifest.json
[0m17:07:11.226331 [debug] [MainThread]: Wrote artifact SemanticManifest to C:\Arjun_dbt_project\old_dbt_project\target\semantic_manifest.json
[0m17:07:11.230617 [debug] [MainThread]: Wrote artifact OsiDocument to C:\Arjun_dbt_project\old_dbt_project\target\osi_document.json
[0m17:07:11.236171 [debug] [MainThread]: Wrote artifact FreshnessResult to C:\Arjun_dbt_project\old_dbt_project\target\sources.json
[0m17:07:11.236459 [info ] [MainThread]: Done.
[0m17:07:11.237505 [debug] [MainThread]: Command `dbt source freshness` succeeded at 17:07:11.237302 after 9.01 seconds
[0m17:07:11.237928 [debug] [MainThread]: Sending event: {'category': 'dbt', 'action': 'invocation', 'label': 'end', 'context': [<snowplow_tracker.self_describing_json.SelfDescribingJson object at 0x000001F747C0FD10>, <snowplow_tracker.self_describing_json.SelfDescribingJson object at 0x000001F74B38DA70>, <snowplow_tracker.self_describing_json.SelfDescribingJson object at 0x000001F74B38F490>]}
[0m17:07:11.238341 [debug] [MainThread]: Flushing usage events
[0m17:07:12.870123 [debug] [MainThread]: An error was encountered while trying to flush usage events
[0m17:10:30.478594 [debug] [MainThread]: Sending event: {'category': 'dbt', 'action': 'invocation', 'label': 'start', 'context': [<snowplow_tracker.self_describing_json.SelfDescribingJson object at 0x000002622DFD5160>, <snowplow_tracker.self_describing_json.SelfDescribingJson object at 0x000002622AE01450>, <snowplow_tracker.self_describing_json.SelfDescribingJson object at 0x000002623072FB10>]}


============================== 17:10:30.484655 | 2fadbb59-b45a-45d1-8897-97f85f8102a9 ==============================
[0m17:10:30.484655 [info ] [MainThread]: Running with dbt=1.12.0
[0m17:10:30.485201 [debug] [MainThread]: running dbt with arguments {'version_check': 'True', 'no_print': 'None', 'maximum_seed_size_mib': '1', 'target_path': 'None', 'warn_error_options': 'WarnErrorOptionsV2(error=[], warn=[], silence=[])', 'static_parser': 'True', 'printer_width': '80', 'write_json': 'True', 'empty': 'None', 'log_cache_events': 'False', 'introspect': 'True', 'cache_selected_only': 'False', 'fail_fast': 'False', 'debug': 'False', 'log_format': 'default', 'partial_parse': 'True', 'send_anonymous_usage_stats': 'True', 'quiet': 'False', 'warn_error': 'None', 'profiles_dir': 'C:\\Users\\HP\\.dbt', 'use_colors': 'True', 'hints_enabled': 'True', 'indirect_selection': 'eager', 'use_experimental_parser': 'False', 'invocation_command': 'dbt source freshness', 'log_path': 'C:\\Arjun_dbt_project\\old_dbt_project\\logs'}
[0m17:10:31.321903 [debug] [MainThread]: Snowflake adapter: Setting snowflake.connector to ERROR (file logging only)
[0m17:10:31.323195 [debug] [MainThread]: Snowflake adapter: Setting botocore to ERROR (file logging only)
[0m17:10:31.323474 [debug] [MainThread]: Snowflake adapter: Setting boto3 to ERROR (file logging only)
[0m17:10:31.608962 [debug] [MainThread]: Sending event: {'category': 'dbt', 'action': 'project_id', 'label': '2fadbb59-b45a-45d1-8897-97f85f8102a9', 'context': [<snowplow_tracker.self_describing_json.SelfDescribingJson object at 0x000002622E69DE00>]}
[0m17:10:31.678065 [debug] [MainThread]: Sending event: {'category': 'dbt', 'action': 'adapter_info', 'label': '2fadbb59-b45a-45d1-8897-97f85f8102a9', 'context': [<snowplow_tracker.self_describing_json.SelfDescribingJson object at 0x000002622C4FEF10>]}
[0m17:10:31.679900 [info ] [MainThread]: Registered adapter: snowflake=1.12.0
[0m17:10:32.211545 [debug] [MainThread]: checksum: 34d064bbf3d7c01e29a022f69428015a75a45641a9d372ee507764c8a4f69675, vars: {}, profile: my_dbt_project, target: dev, version: 1.12.0
[0m17:10:32.447309 [debug] [MainThread]: Partial parsing enabled: 0 files deleted, 0 files added, 0 files changed.
[0m17:10:32.447659 [debug] [MainThread]: Nothing changed, skipping partial parsing.
[0m17:10:32.447887 [debug] [MainThread]: Partial parsing enabled, no changes found, skipping parsing
[0m17:10:32.457318 [debug] [MainThread]: Sending event: {'category': 'dbt', 'action': 'load_project', 'label': '2fadbb59-b45a-45d1-8897-97f85f8102a9', 'context': [<snowplow_tracker.self_describing_json.SelfDescribingJson object at 0x000002623268E550>]}
[0m17:10:32.677952 [debug] [MainThread]: Wrote artifact WritableManifest to C:\Arjun_dbt_project\old_dbt_project\target\manifest.json
[0m17:10:32.686268 [debug] [MainThread]: Wrote artifact SemanticManifest to C:\Arjun_dbt_project\old_dbt_project\target\semantic_manifest.json
[0m17:10:32.726911 [debug] [MainThread]: Wrote artifact OsiDocument to C:\Arjun_dbt_project\old_dbt_project\target\osi_document.json
[0m17:10:32.780830 [debug] [MainThread]: Sending event: {'category': 'dbt', 'action': 'resource_counts', 'label': '2fadbb59-b45a-45d1-8897-97f85f8102a9', 'context': [<snowplow_tracker.self_describing_json.SelfDescribingJson object at 0x0000026233755E50>]}
[0m17:10:32.783397 [info ] [MainThread]: Found 15 models, 2 snapshots, 6 data tests, 8 sources, 548 macros
[0m17:10:32.784684 [debug] [MainThread]: Sending event: {'category': 'dbt', 'action': 'runnable_timing', 'label': '2fadbb59-b45a-45d1-8897-97f85f8102a9', 'context': [<snowplow_tracker.self_describing_json.SelfDescribingJson object at 0x0000026233825FD0>]}
[0m17:10:32.788221 [info ] [MainThread]: 
[0m17:10:32.790990 [info ] [MainThread]: Concurrency: 4 threads (target='dev')
[0m17:10:32.791950 [info ] [MainThread]: 
[0m17:10:32.792886 [debug] [MainThread]: Acquiring new snowflake connection 'master'
[0m17:10:32.801420 [debug] [ThreadPool]: Acquiring new snowflake connection 'list_DSP_PROJ_MARTS'
[0m17:10:32.828757 [debug] [ThreadPool]: Acquiring new snowflake connection 'list_DSP_PROJ_MART'
[0m17:10:32.831016 [debug] [ThreadPool]: Acquiring new snowflake connection 'list_DSP_PROJ_STAGING'
[0m17:10:32.833118 [debug] [ThreadPool]: Acquiring new snowflake connection 'list_DBT_PRACTICE_SNAPSHOTS'
[0m17:10:32.835326 [debug] [ThreadPool]: Using snowflake connection "list_DSP_PROJ_MARTS"
[0m17:10:32.836375 [debug] [ThreadPool]: Using snowflake connection "list_DBT_PRACTICE_SNAPSHOTS"
[0m17:10:32.836789 [debug] [ThreadPool]: Using snowflake connection "list_DSP_PROJ_MART"
[0m17:10:32.837168 [debug] [ThreadPool]: Using snowflake connection "list_DSP_PROJ_STAGING"
[0m17:10:32.837542 [debug] [ThreadPool]: On list_DSP_PROJ_MARTS: show objects in DSP_PROJ.MARTS
    limit 10000
    

/* {"app": "dbt", "dbt_version": "1.12.0", "profile_name": "my_dbt_project", "target_name": "dev", "connection_name": "list_DSP_PROJ_MARTS"} */;
[0m17:10:32.838448 [debug] [ThreadPool]: On list_DBT_PRACTICE_SNAPSHOTS: show objects in DBT_PRACTICE.SNAPSHOTS
    limit 10000
    

/* {"app": "dbt", "dbt_version": "1.12.0", "profile_name": "my_dbt_project", "target_name": "dev", "connection_name": "list_DBT_PRACTICE_SNAPSHOTS"} */;
[0m17:10:32.839174 [debug] [ThreadPool]: On list_DSP_PROJ_MART: show objects in DSP_PROJ.MART
    limit 10000
    

/* {"app": "dbt", "dbt_version": "1.12.0", "profile_name": "my_dbt_project", "target_name": "dev", "connection_name": "list_DSP_PROJ_MART"} */;
[0m17:10:32.839887 [debug] [ThreadPool]: On list_DSP_PROJ_STAGING: show objects in DSP_PROJ.STAGING
    limit 10000
    

/* {"app": "dbt", "dbt_version": "1.12.0", "profile_name": "my_dbt_project", "target_name": "dev", "connection_name": "list_DSP_PROJ_STAGING"} */;
[0m17:10:32.840464 [debug] [ThreadPool]: Opening a new connection, currently in state init
[0m17:10:32.840915 [debug] [ThreadPool]: Opening a new connection, currently in state init
[0m17:10:32.841272 [debug] [ThreadPool]: Opening a new connection, currently in state init
[0m17:10:32.841679 [debug] [ThreadPool]: Opening a new connection, currently in state init
[0m17:10:34.349164 [debug] [ThreadPool]: SQL status: SUCCESS 5 in 1.507 seconds
[0m17:10:34.366779 [debug] [ThreadPool]: Using snowflake connection "list_DSP_PROJ_MART"
[0m17:10:34.367827 [debug] [ThreadPool]: SQL status: SUCCESS 4 in 1.527 seconds
[0m17:10:34.368202 [debug] [ThreadPool]: On list_DSP_PROJ_MART: show user functions in DSP_PROJ.MART
/* {"app": "dbt", "dbt_version": "1.12.0", "profile_name": "my_dbt_project", "target_name": "dev", "connection_name": "list_DSP_PROJ_MART"} */
[0m17:10:34.379195 [debug] [ThreadPool]: Using snowflake connection "list_DSP_PROJ_MARTS"
[0m17:10:34.382166 [debug] [ThreadPool]: On list_DSP_PROJ_MARTS: show user functions in DSP_PROJ.MARTS
/* {"app": "dbt", "dbt_version": "1.12.0", "profile_name": "my_dbt_project", "target_name": "dev", "connection_name": "list_DSP_PROJ_MARTS"} */
[0m17:10:34.479979 [debug] [ThreadPool]: SQL status: SUCCESS 4 in 1.639 seconds
[0m17:10:34.482100 [debug] [ThreadPool]: Using snowflake connection "list_DBT_PRACTICE_SNAPSHOTS"
[0m17:10:34.482386 [debug] [ThreadPool]: On list_DBT_PRACTICE_SNAPSHOTS: show user functions in DBT_PRACTICE.SNAPSHOTS
/* {"app": "dbt", "dbt_version": "1.12.0", "profile_name": "my_dbt_project", "target_name": "dev", "connection_name": "list_DBT_PRACTICE_SNAPSHOTS"} */
[0m17:10:34.586057 [debug] [ThreadPool]: SQL status: SUCCESS 5 in 1.744 seconds
[0m17:10:34.595445 [debug] [ThreadPool]: Using snowflake connection "list_DSP_PROJ_STAGING"
[0m17:10:34.597172 [debug] [ThreadPool]: On list_DSP_PROJ_STAGING: show user functions in DSP_PROJ.STAGING
/* {"app": "dbt", "dbt_version": "1.12.0", "profile_name": "my_dbt_project", "target_name": "dev", "connection_name": "list_DSP_PROJ_STAGING"} */
[0m17:10:34.691800 [debug] [ThreadPool]: SQL status: SUCCESS 0 in 0.311 seconds
[0m17:10:34.698158 [debug] [ThreadPool]: Re-using an available connection from the pool (formerly list_DSP_PROJ_MART, now list_DSP_PROJ_INTERMEDIATE)
[0m17:10:34.703970 [debug] [ThreadPool]: Using snowflake connection "list_DSP_PROJ_INTERMEDIATE"
[0m17:10:34.704872 [debug] [ThreadPool]: On list_DSP_PROJ_INTERMEDIATE: show objects in DSP_PROJ.INTERMEDIATE
    limit 10000
    

/* {"app": "dbt", "dbt_version": "1.12.0", "profile_name": "my_dbt_project", "target_name": "dev", "connection_name": "list_DSP_PROJ_INTERMEDIATE"} */;
[0m17:10:34.725229 [debug] [ThreadPool]: SQL status: SUCCESS 0 in 0.339 seconds
[0m17:10:34.824815 [debug] [ThreadPool]: SQL status: SUCCESS 0 in 0.342 seconds
[0m17:10:34.934099 [debug] [ThreadPool]: SQL status: SUCCESS 0 in 0.335 seconds
[0m17:10:35.509450 [debug] [ThreadPool]: SQL status: SUCCESS 3 in 0.804 seconds
[0m17:10:35.514242 [debug] [ThreadPool]: Using snowflake connection "list_DSP_PROJ_INTERMEDIATE"
[0m17:10:35.514551 [debug] [ThreadPool]: On list_DSP_PROJ_INTERMEDIATE: show user functions in DSP_PROJ.INTERMEDIATE
/* {"app": "dbt", "dbt_version": "1.12.0", "profile_name": "my_dbt_project", "target_name": "dev", "connection_name": "list_DSP_PROJ_INTERMEDIATE"} */
[0m17:10:35.860149 [debug] [ThreadPool]: SQL status: SUCCESS 0 in 0.345 seconds
[0m17:10:35.866689 [debug] [MainThread]: Sending event: {'category': 'dbt', 'action': 'runnable_timing', 'label': '2fadbb59-b45a-45d1-8897-97f85f8102a9', 'context': [<snowplow_tracker.self_describing_json.SelfDescribingJson object at 0x00000262338297E0>]}
[0m17:10:35.867389 [info ] [MainThread]: Pulling freshness from warehouse metadata tables for 0 sources
[0m17:10:35.880844 [debug] [Thread-2 (]: Began running node source.my_new_project.raw.stg_customers
[0m17:10:35.881413 [info ] [Thread-2 (]: 1 of 1 START freshness of raw.stg_customers .................................... [RUN]
[0m17:10:35.882839 [debug] [Thread-2 (]: Acquiring new snowflake connection 'source.my_new_project.raw.stg_customers'
[0m17:10:35.883299 [debug] [Thread-2 (]: Began compiling node source.my_new_project.raw.stg_customers
[0m17:10:35.883858 [debug] [Thread-2 (]: Began executing node source.my_new_project.raw.stg_customers
[0m17:10:35.896807 [debug] [Thread-2 (]: Using snowflake connection "source.my_new_project.raw.stg_customers"
[0m17:10:35.897824 [debug] [Thread-2 (]: On source.my_new_project.raw.stg_customers: select
      max(updated_at) as max_loaded_at,
      convert_timezone('UTC', current_timestamp()) as snapshotted_at
    from DBT_PRACTICE.SNAPSHOTS.stg_customers
/* {"app": "dbt", "dbt_version": "1.12.0", "profile_name": "my_dbt_project", "target_name": "dev", "node_id": "source.my_new_project.raw.stg_customers"} */
[0m17:10:35.898518 [debug] [Thread-2 (]: Opening a new connection, currently in state init
[0m17:10:37.118072 [debug] [Thread-2 (]: SQL status: SUCCESS 1 in 1.220 seconds
[0m17:10:37.126822 [error] [Thread-2 (]: 1 of 1 ERROR STALE freshness of raw.stg_customers .............................. [[31mERROR STALE[0m in 1.24s]
[0m17:10:37.127410 [debug] [Thread-2 (]: Finished running node source.my_new_project.raw.stg_customers
[0m17:10:37.127831 [debug] [Thread-8 (]: Marking all children of 'source.my_new_project.raw.stg_customers' to be skipped because of status 'error'. 
[0m17:10:37.129370 [debug] [MainThread]: Connection 'master' was properly closed.
[0m17:10:37.129606 [debug] [MainThread]: Connection 'list_DSP_PROJ_MARTS' was left open.
[0m17:10:37.129794 [debug] [MainThread]: On list_DSP_PROJ_MARTS: Close
[0m17:10:37.752587 [debug] [MainThread]: Connection 'list_DSP_PROJ_INTERMEDIATE' was left open.
[0m17:10:37.752960 [debug] [MainThread]: On list_DSP_PROJ_INTERMEDIATE: Close
[0m17:10:38.438514 [debug] [MainThread]: Connection 'list_DSP_PROJ_STAGING' was left open.
[0m17:10:38.438985 [debug] [MainThread]: On list_DSP_PROJ_STAGING: Close
[0m17:10:39.095752 [debug] [MainThread]: Connection 'list_DBT_PRACTICE_SNAPSHOTS' was left open.
[0m17:10:39.096080 [debug] [MainThread]: On list_DBT_PRACTICE_SNAPSHOTS: Close
[0m17:10:39.790469 [debug] [MainThread]: Connection 'source.my_new_project.raw.stg_customers' was left open.
[0m17:10:39.791324 [debug] [MainThread]: On source.my_new_project.raw.stg_customers: Close
[0m17:10:40.287603 [info ] [MainThread]: 
[0m17:10:40.288334 [info ] [MainThread]: Finished running 1 source in 0 hours 0 minutes and 7.49 seconds (7.49s).
[0m17:10:40.348641 [debug] [MainThread]: Wrote artifact WritableManifest to C:\Arjun_dbt_project\old_dbt_project\target\manifest.json
[0m17:10:40.356156 [debug] [MainThread]: Wrote artifact SemanticManifest to C:\Arjun_dbt_project\old_dbt_project\target\semantic_manifest.json
[0m17:10:40.360865 [debug] [MainThread]: Wrote artifact OsiDocument to C:\Arjun_dbt_project\old_dbt_project\target\osi_document.json
[0m17:10:40.366553 [debug] [MainThread]: Wrote artifact FreshnessResult to C:\Arjun_dbt_project\old_dbt_project\target\sources.json
[0m17:10:40.366919 [info ] [MainThread]: 
[0m17:10:40.367514 [error] [MainThread]: [[31mERROR[0m]: in source stg_customers (models\schema.yml)
[0m17:10:40.367942 [error] [MainThread]:   Status: error
[0m17:10:40.368274 [info ] [MainThread]: Done.
[0m17:10:40.369242 [debug] [MainThread]: Command `dbt source freshness` failed at 17:10:40.369116 after 10.14 seconds
[0m17:10:40.369620 [debug] [MainThread]: Sending event: {'category': 'dbt', 'action': 'invocation', 'label': 'end', 'context': [<snowplow_tracker.self_describing_json.SelfDescribingJson object at 0x00000262303DFD10>, <snowplow_tracker.self_describing_json.SelfDescribingJson object at 0x00000262339EA620>, <snowplow_tracker.self_describing_json.SelfDescribingJson object at 0x00000262339EA780>]}
[0m17:10:40.369885 [debug] [MainThread]: Flushing usage events
[0m17:10:41.909317 [debug] [MainThread]: An error was encountered while trying to flush usage events
